REF_AREA,Reference area,TERRITORIAL_TYPE,Territorial typology,MEASURE,Measure,AGE,Age,SEX,Sex,UNIT_MEASURE,Unit of measure,TIME_PERIOD,Time period,OBS_VALUE,Observation value,COUNTRY,Country,OBS_STATUS,Observation status,UNIT_MULT,Unit multiplier,DECIMALS,Decimals
US46,South Dakota,_Z,Not applicable,FERT_RATIO,Fertility rate,_T,Total,F,Female,BR_L_W,Live births per woman,2001,,2.1745,,USA,United States,A,Normal value,0,Units,2,Two
US30,Montana,_Z,Not applicable,FERT_RATIO,Fertility rate,_T,Total,F,Female,BR_L_W,Live births per woman,2001,,2.0035,,USA,United States,A,Normal value,0,Units,2,Two
US45,South Carolina,_Z,Not applicable,FERT_RATIO,Fertility rate,_T,Total,F,Female,BR_L_W,Live births per woman,2001,,1.959,,USA,United States,A,Normal value,0,Units,2,Two
US39,Ohio,_Z,Not applicable,FERT_RATIO,Fertility rate,_T,Total,F,Female,BR_L_W,Live births per woman,2001,,1.9585,,USA,United States,A,Normal value,0,Units,2,Two
US17,Illinois,_Z,Not applicable,FERT_RATIO,Fertility rate,_T,Total,F,Female,BR_L_W,Live births per woman,2001,,2.1895,,USA,United States,A,Normal value,0,Units,2,Two
US25,Massachusetts,_Z,Not applicable,FERT_RATIO,Fertility rate,_T,Total,F,Female,BR_L_W,Live births per woman,2001,,1.8145,,USA,United States,A,Normal value,0,Units,2,Two
US11,District of Columbia,_Z,Not applicable,FERT_RATIO,Fertility rate,_T,Total,F,Female,BR_L_W,Live births per woman,2001,,1.983,,USA,United States,A,Normal value,0,Units,2,Two
US20,Kansas,_Z,Not applicable,FERT_RATIO,Fertility rate,_T,Total,F,Female,BR_L_W,Live births per woman,2001,,2.1675,,USA,United States,A,Normal value,0,Units,2,Two
US15,Hawaii,_Z,Not applicable,FERT_RATIO,Fertility rate,_T,Total,F,Female,BR_L_W,Live births per woman,2001,,2.311,,USA,United States,A,Normal value,0,Units,2,Two
US19,Iowa,_Z,Not applicable,FERT_RATIO,Fertility rate,_T,Total,F,Female,BR_L_W,Live births per woman,2001,,2.035,,USA,United States,A,Normal value,0,Units,2,Two
US33,New Hampshire,_Z,Not applicable,FERT_RATIO,Fertility rate,_T,Total,F,Female,BR_L_W,Live births per woman,2001,,1.6605,,USA,United States,A,Normal value,0,Units,2,Two
US48,Texas,_Z,Not applicable,FERT_RATIO,Fertility rate,_T,Total,F,Female,BR_L_W,Live births per woman,2001,,2.4935,,USA,United States,A,Normal value,0,Units,2,Two
US26,Michigan,_Z,Not applicable,FERT_RATIO,Fertility rate,_T,Total,F,Female,BR_L_W,Live births per woman,2001,,1.938,,USA,United States,A,Normal value,0,Units,2,Two
US50,Vermont,_Z,Not applicable,FERT_RATIO,Fertility rate,_T,Total,F,Female,BR_L_W,Live births per woman,2001,,1.547,,USA,United States,A,Normal value,0,Units,2,Two
US22,Louisiana,_Z,Not applicable,FERT_RATIO,Fertility rate,_T,Total,F,Female,BR_L_W,Live births per woman,2001,,2.0655,,USA,United States,A,Normal value,0,Units,2,Two
US51,Virginia,_Z,Not applicable,FERT_RATIO,Fertility rate,_T,Total,F,Female,BR_L_W,Live births per woman,2001,,1.8945,,USA,United States,A,Normal value,0,Units,2,Two
US49,Utah,_Z,Not applicable,FERT_RATIO,Fertility rate,_T,Total,F,Female,BR_L_W,Live births per woman,2001,,2.7555,,USA,United States,A,Normal value,0,Units,2,Two
US04,Arizona,_Z,Not applicable,FERT_RATIO,Fertility rate,_T,Total,F,Female,BR_L_W,Live births per woman,2001,,2.643,,USA,United States,A,Normal value,0,Units,2,Two
US36,New York,_Z,Not applicable,FERT_RATIO,Fertility rate,_T,Total,F,Female,BR_L_W,Live births per woman,2001,,2.0125,,USA,United States,A,Normal value,0,Units,2,Two
US28,Mississippi,_Z,Not applicable,FERT_RATIO,Fertility rate,_T,Total,F,Female,BR_L_W,Live births per woman,2001,,2.0455,,USA,United States,A,Normal value,0,Units,2,Two
US35,New Mexico,_Z,Not applicable,FERT_RATIO,Fertility rate,_T,Total,F,Female,BR_L_W,Live births per woman,2001,,2.311,,USA,United States,A,Normal value,0,Units,2,Two
US24,Maryland,_Z,Not applicable,FERT_RATIO,Fertility rate,_T,Total,F,Female,BR_L_W,Live births per woman,2001,,1.948,,USA,United States,A,Normal value,0,Units,2,Two
US16,Idaho,_Z,Not applicable,FERT_RATIO,Fertility rate,_T,Total,F,Female,BR_L_W,Live births per woman,2001,,2.3035,,USA,United States,A,Normal value,0,Units,2,Two
US09,Connecticut,_Z,Not applicable,FERT_RATIO,Fertility rate,_T,Total,F,Female,BR_L_W,Live births per woman,2001,,1.942,,USA,United States,A,Normal value,0,Units,2,Two
US42,Pennsylvania,_Z,Not applicable,FERT_RATIO,Fertility rate,_T,Total,F,Female,BR_L_W,Live births per woman,2001,,1.857,,USA,United States,A,Normal value,0,Units,2,Two
US02,Alaska,_Z,Not applicable,FERT_RATIO,Fertility rate,_T,Total,F,Female,BR_L_W,Live births per woman,2001,,2.4625,,USA,United States,A,Normal value,0,Units,2,Two
US38,North Dakota,_Z,Not applicable,FERT_RATIO,Fertility rate,_T,Total,F,Female,BR_L_W,Live births per woman,2001,,1.8985,,USA,United States,A,Normal value,0,Units,2,Two
US23,Maine,_Z,Not applicable,FERT_RATIO,Fertility rate,_T,Total,F,Female,BR_L_W,Live births per woman,2001,,1.6295,,USA,United States,A,Normal value,0,Units,2,Two
US13,Georgia,_Z,Not applicable,FERT_RATIO,Fertility rate,_T,Total,F,Female,BR_L_W,Live births per woman,2001,,2.228,,USA,United States,A,Normal value,0,Units,2,Two
US01,Alabama,_Z,Not applicable,FERT_RATIO,Fertility rate,_T,Total,F,Female,BR_L_W,Live births per woman,2001,,1.9415,,USA,United States,A,Normal value,0,Units,2,Two
US37,North Carolina,_Z,Not applicable,FERT_RATIO,Fertility rate,_T,Total,F,Female,BR_L_W,Live births per woman,2001,,2.239,,USA,United States,A,Normal value,0,Units,2,Two
US32,Nevada,_Z,Not applicable,FERT_RATIO,Fertility rate,_T,Total,F,Female,BR_L_W,Live births per woman,2001,,2.5415,,USA,United States,A,Normal value,0,Units,2,Two
US05,Arkansas,_Z,Not applicable,FERT_RATIO,Fertility rate,_T,Total,F,Female,BR_L_W,Live births per woman,2001,,2.09,,USA,United States,A,Normal value,0,Units,2,Two
US34,New Jersey,_Z,Not applicable,FERT_RATIO,Fertility rate,_T,Total,F,Female,BR_L_W,Live births per woman,2001,,2.1155,,USA,United States,A,Normal value,0,Units,2,Two
US54,West Virginia,_Z,Not applicable,FERT_RATIO,Fertility rate,_T,Total,F,Female,BR_L_W,Live births per woman,2001,,1.7115,,USA,United States,A,Normal value,0,Units,2,Two
US44,Rhode Island,_Z,Not applicable,FERT_RATIO,Fertility rate,_T,Total,F,Female,BR_L_W,Live births per woman,2001,,1.8695,,USA,United States,A,Normal value,0,Units,2,Two
US06,California,_Z,Not applicable,FERT_RATIO,Fertility rate,_T,Total,F,Female,BR_L_W,Live births per woman,2001,,2.151,,USA,United States,A,Normal value,0,Units,2,Two
US18,Indiana,_Z,Not applicable,FERT_RATIO,Fertility rate,_T,Total,F,Female,BR_L_W,Live births per woman,2001,,2.0895,,USA,United States,A,Normal value,0,Units,2,Two
US56,Wyoming,_Z,Not applicable,FERT_RATIO,Fertility rate,_T,Total,F,Female,BR_L_W,Live births per woman,2001,,1.9265,,USA,United States,A,Normal value,0,Units,2,Two
US31,Nebraska,_Z,Not applicable,FERT_RATIO,Fertility rate,_T,Total,F,Female,BR_L_W,Live births per woman,2001,,2.229,,USA,United States,A,Normal value,0,Units,2,Two
US29,Missouri,_Z,Not applicable,FERT_RATIO,Fertility rate,_T,Total,F,Female,BR_L_W,Live births per woman,2001,,2.022,,USA,United States,A,Normal value,0,Units,2,Two
US41,Oregon,_Z,Not applicable,FERT_RATIO,Fertility rate,_T,Total,F,Female,BR_L_W,Live births per woman,2001,,2.055,,USA,United States,A,Normal value,0,Units,2,Two
US53,Washington,_Z,Not applicable,FERT_RATIO,Fertility rate,_T,Total,F,Female,BR_L_W,Live births per woman,2001,,1.963,,USA,United States,A,Normal value,0,Units,2,Two
US12,Florida,_Z,Not applicable,FERT_RATIO,Fertility rate,_T,Total,F,Female,BR_L_W,Live births per woman,2001,,2.1655,,USA,United States,A,Normal value,0,Units,2,Two
US08,Colorado,_Z,Not applicable,FERT_RATIO,Fertility rate,_T,Total,F,Female,BR_L_W,Live births per woman,2001,,2.398,,USA,United States,A,Normal value,0,Units,2,Two
US55,Wisconsin,_Z,Not applicable,FERT_RATIO,Fertility rate,_T,Total,F,Female,BR_L_W,Live births per woman,2001,,1.94,,USA,United States,A,Normal value,0,Units,2,Two
US27,Minnesota,_Z,Not applicable,FERT_RATIO,Fertility rate,_T,Total,F,Female,BR_L_W,Live births per woman,2001,,2.061,,USA,United States,A,Normal value,0,Units,2,Two
US47,Tennessee,_Z,Not applicable,FERT_RATIO,Fertility rate,_T,Total,F,Female,BR_L_W,Live births per woman,2001,,2.0375,,USA,United States,A,Normal value,0,Units,2,Two
US21,Kentucky,_Z,Not applicable,FERT_RATIO,Fertility rate,_T,Total,F,Female,BR_L_W,Live births per woman,2001,,1.949,,USA,United States,A,Normal value,0,Units,2,Two
US10,Delaware,_Z,Not applicable,FERT_RATIO,Fertility rate,_T,Total,F,Female,BR_L_W,Live births per woman,2001,,1.9585,,USA,United States,A,Normal value,0,Units,2,Two
US40,Oklahoma,_Z,Not applicable,FERT_RATIO,Fertility rate,_T,Total,F,Female,BR_L_W,Live births per woman,2001,,2.2045,,USA,United States,A,Normal value,0,Units,2,Two
US40,Oklahoma,_Z,Not applicable,FERT_RATIO,Fertility rate,_T,Total,F,Female,BR_L_W,Live births per woman,2002,,2.0965,,USA,United States,A,Normal value,0,Units,2,Two
US10,Delaware,_Z,Not applicable,FERT_RATIO,Fertility rate,_T,Total,F,Female,BR_L_W,Live births per woman,2002,,1.9385,,USA,United States,A,Normal value,0,Units,2,Two
US21,Kentucky,_Z,Not applicable,FERT_RATIO,Fertility rate,_T,Total,F,Female,BR_L_W,Live births per woman,2002,,1.881,,USA,United States,A,Normal value,0,Units,2,Two
US47,Tennessee,_Z,Not applicable,FERT_RATIO,Fertility rate,_T,Total,F,Female,BR_L_W,Live births per woman,2002,,1.94,,USA,United States,A,Normal value,0,Units,2,Two
US27,Minnesota,_Z,Not applicable,FERT_RATIO,Fertility rate,_T,Total,F,Female,BR_L_W,Live births per woman,2002,,1.972,,USA,United States,A,Normal value,0,Units,2,Two
US08,Colorado,_Z,Not applicable,FERT_RATIO,Fertility rate,_T,Total,F,Female,BR_L_W,Live births per woman,2002,,2.1505,,USA,United States,A,Normal value,0,Units,2,Two
US55,Wisconsin,_Z,Not applicable,FERT_RATIO,Fertility rate,_T,Total,F,Female,BR_L_W,Live births per woman,2002,,1.8935,,USA,United States,A,Normal value,0,Units,2,Two
US12,Florida,_Z,Not applicable,FERT_RATIO,Fertility rate,_T,Total,F,Female,BR_L_W,Live births per woman,2002,,1.997,,USA,United States,A,Normal value,0,Units,2,Two
US53,Washington,_Z,Not applicable,FERT_RATIO,Fertility rate,_T,Total,F,Female,BR_L_W,Live births per woman,2002,,1.886,,USA,United States,A,Normal value,0,Units,2,Two
US41,Oregon,_Z,Not applicable,FERT_RATIO,Fertility rate,_T,Total,F,Female,BR_L_W,Live births per woman,2002,,1.9095,,USA,United States,A,Normal value,0,Units,2,Two
US29,Missouri,_Z,Not applicable,FERT_RATIO,Fertility rate,_T,Total,F,Female,BR_L_W,Live births per woman,2002,,1.9425,,USA,United States,A,Normal value,0,Units,2,Two
US31,Nebraska,_Z,Not applicable,FERT_RATIO,Fertility rate,_T,Total,F,Female,BR_L_W,Live births per woman,2002,,2.166,,USA,United States,A,Normal value,0,Units,2,Two
US56,Wyoming,_Z,Not applicable,FERT_RATIO,Fertility rate,_T,Total,F,Female,BR_L_W,Live births per woman,2002,,2.0305,,USA,United States,A,Normal value,0,Units,2,Two
US18,Indiana,_Z,Not applicable,FERT_RATIO,Fertility rate,_T,Total,F,Female,BR_L_W,Live births per woman,2002,,2.0155,,USA,United States,A,Normal value,0,Units,2,Two
US06,California,_Z,Not applicable,FERT_RATIO,Fertility rate,_T,Total,F,Female,BR_L_W,Live births per woman,2002,,2.074,,USA,United States,A,Normal value,0,Units,2,Two
US44,Rhode Island,_Z,Not applicable,FERT_RATIO,Fertility rate,_T,Total,F,Female,BR_L_W,Live births per woman,2002,,1.7035,,USA,United States,A,Normal value,0,Units,2,Two
US54,West Virginia,_Z,Not applicable,FERT_RATIO,Fertility rate,_T,Total,F,Female,BR_L_W,Live births per woman,2002,,1.78,,USA,United States,A,Normal value,0,Units,2,Two
US34,New Jersey,_Z,Not applicable,FERT_RATIO,Fertility rate,_T,Total,F,Female,BR_L_W,Live births per woman,2002,,2.0115,,USA,United States,A,Normal value,0,Units,2,Two
US05,Arkansas,_Z,Not applicable,FERT_RATIO,Fertility rate,_T,Total,F,Female,BR_L_W,Live births per woman,2002,,2.04,,USA,United States,A,Normal value,0,Units,2,Two
US32,Nevada,_Z,Not applicable,FERT_RATIO,Fertility rate,_T,Total,F,Female,BR_L_W,Live births per woman,2002,,2.2455,,USA,United States,A,Normal value,0,Units,2,Two
US37,North Carolina,_Z,Not applicable,FERT_RATIO,Fertility rate,_T,Total,F,Female,BR_L_W,Live births per woman,2002,,2.0155,,USA,United States,A,Normal value,0,Units,2,Two
US01,Alabama,_Z,Not applicable,FERT_RATIO,Fertility rate,_T,Total,F,Female,BR_L_W,Live births per woman,2002,,1.882,,USA,United States,A,Normal value,0,Units,2,Two
US13,Georgia,_Z,Not applicable,FERT_RATIO,Fertility rate,_T,Total,F,Female,BR_L_W,Live births per woman,2002,,2.109,,USA,United States,A,Normal value,0,Units,2,Two
US23,Maine,_Z,Not applicable,FERT_RATIO,Fertility rate,_T,Total,F,Female,BR_L_W,Live births per woman,2002,,1.6615,,USA,United States,A,Normal value,0,Units,2,Two
US38,North Dakota,_Z,Not applicable,FERT_RATIO,Fertility rate,_T,Total,F,Female,BR_L_W,Live births per woman,2002,,1.8585,,USA,United States,A,Normal value,0,Units,2,Two
US09,Connecticut,_Z,Not applicable,FERT_RATIO,Fertility rate,_T,Total,F,Female,BR_L_W,Live births per woman,2002,,1.8815,,USA,United States,A,Normal value,0,Units,2,Two
US42,Pennsylvania,_Z,Not applicable,FERT_RATIO,Fertility rate,_T,Total,F,Female,BR_L_W,Live births per woman,2002,,1.8035,,USA,United States,A,Normal value,0,Units,2,Two
US02,Alaska,_Z,Not applicable,FERT_RATIO,Fertility rate,_T,Total,F,Female,BR_L_W,Live births per woman,2002,,2.5505,,USA,United States,A,Normal value,0,Units,2,Two
US16,Idaho,_Z,Not applicable,FERT_RATIO,Fertility rate,_T,Total,F,Female,BR_L_W,Live births per woman,2002,,2.273,,USA,United States,A,Normal value,0,Units,2,Two
US24,Maryland,_Z,Not applicable,FERT_RATIO,Fertility rate,_T,Total,F,Female,BR_L_W,Live births per woman,2002,,1.922,,USA,United States,A,Normal value,0,Units,2,Two
US35,New Mexico,_Z,Not applicable,FERT_RATIO,Fertility rate,_T,Total,F,Female,BR_L_W,Live births per woman,2002,,2.2075,,USA,United States,A,Normal value,0,Units,2,Two
US28,Mississippi,_Z,Not applicable,FERT_RATIO,Fertility rate,_T,Total,F,Female,BR_L_W,Live births per woman,2002,,1.9755,,USA,United States,A,Normal value,0,Units,2,Two
US36,New York,_Z,Not applicable,FERT_RATIO,Fertility rate,_T,Total,F,Female,BR_L_W,Live births per woman,2002,,1.8295,,USA,United States,A,Normal value,0,Units,2,Two
US04,Arizona,_Z,Not applicable,FERT_RATIO,Fertility rate,_T,Total,F,Female,BR_L_W,Live births per woman,2002,,2.362,,USA,United States,A,Normal value,0,Units,2,Two
US49,Utah,_Z,Not applicable,FERT_RATIO,Fertility rate,_T,Total,F,Female,BR_L_W,Live births per woman,2002,,2.544,,USA,United States,A,Normal value,0,Units,2,Two
US51,Virginia,_Z,Not applicable,FERT_RATIO,Fertility rate,_T,Total,F,Female,BR_L_W,Live births per woman,2002,,1.9275,,USA,United States,A,Normal value,0,Units,2,Two
US22,Louisiana,_Z,Not applicable,FERT_RATIO,Fertility rate,_T,Total,F,Female,BR_L_W,Live births per woman,2002,,1.9905,,USA,United States,A,Normal value,0,Units,2,Two
US50,Vermont,_Z,Not applicable,FERT_RATIO,Fertility rate,_T,Total,F,Female,BR_L_W,Live births per woman,2002,,1.604,,USA,United States,A,Normal value,0,Units,2,Two
US26,Michigan,_Z,Not applicable,FERT_RATIO,Fertility rate,_T,Total,F,Female,BR_L_W,Live births per woman,2002,,1.915,,USA,United States,A,Normal value,0,Units,2,Two
US48,Texas,_Z,Not applicable,FERT_RATIO,Fertility rate,_T,Total,F,Female,BR_L_W,Live births per woman,2002,,2.354,,USA,United States,A,Normal value,0,Units,2,Two
US33,New Hampshire,_Z,Not applicable,FERT_RATIO,Fertility rate,_T,Total,F,Female,BR_L_W,Live births per woman,2002,,1.733,,USA,United States,A,Normal value,0,Units,2,Two
US19,Iowa,_Z,Not applicable,FERT_RATIO,Fertility rate,_T,Total,F,Female,BR_L_W,Live births per woman,2002,,1.948,,USA,United States,A,Normal value,0,Units,2,Two
US15,Hawaii,_Z,Not applicable,FERT_RATIO,Fertility rate,_T,Total,F,Female,BR_L_W,Live births per woman,2002,,2.137,,USA,United States,A,Normal value,0,Units,2,Two
US20,Kansas,_Z,Not applicable,FERT_RATIO,Fertility rate,_T,Total,F,Female,BR_L_W,Live births per woman,2002,,2.146,,USA,United States,A,Normal value,0,Units,2,Two
US11,District of Columbia,_Z,Not applicable,FERT_RATIO,Fertility rate,_T,Total,F,Female,BR_L_W,Live births per woman,2002,,1.5825,,USA,United States,A,Normal value,0,Units,2,Two
US25,Massachusetts,_Z,Not applicable,FERT_RATIO,Fertility rate,_T,Total,F,Female,BR_L_W,Live births per woman,2002,,1.711,,USA,United States,A,Normal value,0,Units,2,Two
US17,Illinois,_Z,Not applicable,FERT_RATIO,Fertility rate,_T,Total,F,Female,BR_L_W,Live births per woman,2002,,2.0355,,USA,United States,A,Normal value,0,Units,2,Two
US39,Ohio,_Z,Not applicable,FERT_RATIO,Fertility rate,_T,Total,F,Female,BR_L_W,Live births per woman,2002,,1.943,,USA,United States,A,Normal value,0,Units,2,Two
US45,South Carolina,_Z,Not applicable,FERT_RATIO,Fertility rate,_T,Total,F,Female,BR_L_W,Live births per woman,2002,,1.868,,USA,United States,A,Normal value,0,Units,2,Two
US30,Montana,_Z,Not applicable,FERT_RATIO,Fertility rate,_T,Total,F,Female,BR_L_W,Live births per woman,2002,,1.9735,,USA,United States,A,Normal value,0,Units,2,Two
US46,South Dakota,_Z,Not applicable,FERT_RATIO,Fertility rate,_T,Total,F,Female,BR_L_W,Live births per woman,2002,,2.186,,USA,United States,A,Normal value,0,Units,2,Two
US46,South Dakota,_Z,Not applicable,FERT_RATIO,Fertility rate,_T,Total,F,Female,BR_L_W,Live births per woman,2003,,2.2415,,USA,United States,A,Normal value,0,Units,2,Two
US30,Montana,_Z,Not applicable,FERT_RATIO,Fertility rate,_T,Total,F,Female,BR_L_W,Live births per woman,2003,,2.029,,USA,United States,A,Normal value,0,Units,2,Two
US45,South Carolina,_Z,Not applicable,FERT_RATIO,Fertility rate,_T,Total,F,Female,BR_L_W,Live births per woman,2003,,1.9295,,USA,United States,A,Normal value,0,Units,2,Two
US39,Ohio,_Z,Not applicable,FERT_RATIO,Fertility rate,_T,Total,F,Female,BR_L_W,Live births per woman,2003,,1.964,,USA,United States,A,Normal value,0,Units,2,Two
US17,Illinois,_Z,Not applicable,FERT_RATIO,Fertility rate,_T,Total,F,Female,BR_L_W,Live births per woman,2003,,2.0525,,USA,United States,A,Normal value,0,Units,2,Two
US25,Massachusetts,_Z,Not applicable,FERT_RATIO,Fertility rate,_T,Total,F,Female,BR_L_W,Live births per woman,2003,,1.7355,,USA,United States,A,Normal value,0,Units,2,Two
US11,District of Columbia,_Z,Not applicable,FERT_RATIO,Fertility rate,_T,Total,F,Female,BR_L_W,Live births per woman,2003,,1.5935,,USA,United States,A,Normal value,0,Units,2,Two
US20,Kansas,_Z,Not applicable,FERT_RATIO,Fertility rate,_T,Total,F,Female,BR_L_W,Live births per woman,2003,,2.152,,USA,United States,A,Normal value,0,Units,2,Two
US15,Hawaii,_Z,Not applicable,FERT_RATIO,Fertility rate,_T,Total,F,Female,BR_L_W,Live births per woman,2003,,2.2425,,USA,United States,A,Normal value,0,Units,2,Two
US19,Iowa,_Z,Not applicable,FERT_RATIO,Fertility rate,_T,Total,F,Female,BR_L_W,Live births per woman,2003,,1.9865,,USA,United States,A,Normal value,0,Units,2,Two
US33,New Hampshire,_Z,Not applicable,FERT_RATIO,Fertility rate,_T,Total,F,Female,BR_L_W,Live births per woman,2003,,1.7715,,USA,United States,A,Normal value,0,Units,2,Two
US48,Texas,_Z,Not applicable,FERT_RATIO,Fertility rate,_T,Total,F,Female,BR_L_W,Live births per woman,2003,,2.3465,,USA,United States,A,Normal value,0,Units,2,Two
US26,Michigan,_Z,Not applicable,FERT_RATIO,Fertility rate,_T,Total,F,Female,BR_L_W,Live births per woman,2003,,1.939,,USA,United States,A,Normal value,0,Units,2,Two
US50,Vermont,_Z,Not applicable,FERT_RATIO,Fertility rate,_T,Total,F,Female,BR_L_W,Live births per woman,2003,,1.683,,USA,United States,A,Normal value,0,Units,2,Two
US22,Louisiana,_Z,Not applicable,FERT_RATIO,Fertility rate,_T,Total,F,Female,BR_L_W,Live births per woman,2003,,2.0015,,USA,United States,A,Normal value,0,Units,2,Two
US51,Virginia,_Z,Not applicable,FERT_RATIO,Fertility rate,_T,Total,F,Female,BR_L_W,Live births per woman,2003,,1.9735,,USA,United States,A,Normal value,0,Units,2,Two
US49,Utah,_Z,Not applicable,FERT_RATIO,Fertility rate,_T,Total,F,Female,BR_L_W,Live births per woman,2003,,2.5665,,USA,United States,A,Normal value,0,Units,2,Two
US04,Arizona,_Z,Not applicable,FERT_RATIO,Fertility rate,_T,Total,F,Female,BR_L_W,Live births per woman,2003,,2.385,,USA,United States,A,Normal value,0,Units,2,Two
US36,New York,_Z,Not applicable,FERT_RATIO,Fertility rate,_T,Total,F,Female,BR_L_W,Live births per woman,2003,,1.866,,USA,United States,A,Normal value,0,Units,2,Two
US28,Mississippi,_Z,Not applicable,FERT_RATIO,Fertility rate,_T,Total,F,Female,BR_L_W,Live births per woman,2003,,2.03,,USA,United States,A,Normal value,0,Units,2,Two
US35,New Mexico,_Z,Not applicable,FERT_RATIO,Fertility rate,_T,Total,F,Female,BR_L_W,Live births per woman,2003,,2.2005,,USA,United States,A,Normal value,0,Units,2,Two
US24,Maryland,_Z,Not applicable,FERT_RATIO,Fertility rate,_T,Total,F,Female,BR_L_W,Live births per woman,2003,,1.9775,,USA,United States,A,Normal value,0,Units,2,Two
US16,Idaho,_Z,Not applicable,FERT_RATIO,Fertility rate,_T,Total,F,Female,BR_L_W,Live births per woman,2003,,2.319,,USA,United States,A,Normal value,0,Units,2,Two
US09,Connecticut,_Z,Not applicable,FERT_RATIO,Fertility rate,_T,Total,F,Female,BR_L_W,Live births per woman,2003,,1.9155,,USA,United States,A,Normal value,0,Units,2,Two
US42,Pennsylvania,_Z,Not applicable,FERT_RATIO,Fertility rate,_T,Total,F,Female,BR_L_W,Live births per woman,2003,,1.855,,USA,United States,A,Normal value,0,Units,2,Two
US02,Alaska,_Z,Not applicable,FERT_RATIO,Fertility rate,_T,Total,F,Female,BR_L_W,Live births per woman,2003,,2.3745,,USA,United States,A,Normal value,0,Units,2,Two
US38,North Dakota,_Z,Not applicable,FERT_RATIO,Fertility rate,_T,Total,F,Female,BR_L_W,Live births per woman,2003,,1.9335,,USA,United States,A,Normal value,0,Units,2,Two
US23,Maine,_Z,Not applicable,FERT_RATIO,Fertility rate,_T,Total,F,Female,BR_L_W,Live births per woman,2003,,1.746,,USA,United States,A,Normal value,0,Units,2,Two
US13,Georgia,_Z,Not applicable,FERT_RATIO,Fertility rate,_T,Total,F,Female,BR_L_W,Live births per woman,2003,,2.1215,,USA,United States,A,Normal value,0,Units,2,Two
US01,Alabama,_Z,Not applicable,FERT_RATIO,Fertility rate,_T,Total,F,Female,BR_L_W,Live births per woman,2003,,1.918,,USA,United States,A,Normal value,0,Units,2,Two
US37,North Carolina,_Z,Not applicable,FERT_RATIO,Fertility rate,_T,Total,F,Female,BR_L_W,Live births per woman,2003,,2.018,,USA,United States,A,Normal value,0,Units,2,Two
US32,Nevada,_Z,Not applicable,FERT_RATIO,Fertility rate,_T,Total,F,Female,BR_L_W,Live births per woman,2003,,2.208,,USA,United States,A,Normal value,0,Units,2,Two
US05,Arkansas,_Z,Not applicable,FERT_RATIO,Fertility rate,_T,Total,F,Female,BR_L_W,Live births per woman,2003,,2.055,,USA,United States,A,Normal value,0,Units,2,Two
US34,New Jersey,_Z,Not applicable,FERT_RATIO,Fertility rate,_T,Total,F,Female,BR_L_W,Live births per woman,2003,,2.051,,USA,United States,A,Normal value,0,Units,2,Two
US54,West Virginia,_Z,Not applicable,FERT_RATIO,Fertility rate,_T,Total,F,Female,BR_L_W,Live births per woman,2003,,1.7985,,USA,United States,A,Normal value,0,Units,2,Two
US44,Rhode Island,_Z,Not applicable,FERT_RATIO,Fertility rate,_T,Total,F,Female,BR_L_W,Live births per woman,2003,,1.763,,USA,United States,A,Normal value,0,Units,2,Two
US06,California,_Z,Not applicable,FERT_RATIO,Fertility rate,_T,Total,F,Female,BR_L_W,Live births per woman,2003,,2.1315,,USA,United States,A,Normal value,0,Units,2,Two
US18,Indiana,_Z,Not applicable,FERT_RATIO,Fertility rate,_T,Total,F,Female,BR_L_W,Live births per woman,2003,,2.054,,USA,United States,A,Normal value,0,Units,2,Two
US56,Wyoming,_Z,Not applicable,FERT_RATIO,Fertility rate,_T,Total,F,Female,BR_L_W,Live births per woman,2003,,2.0585,,USA,United States,A,Normal value,0,Units,2,Two
US31,Nebraska,_Z,Not applicable,FERT_RATIO,Fertility rate,_T,Total,F,Female,BR_L_W,Live births per woman,2003,,2.209,,USA,United States,A,Normal value,0,Units,2,Two
US29,Missouri,_Z,Not applicable,FERT_RATIO,Fertility rate,_T,Total,F,Female,BR_L_W,Live births per woman,2003,,1.994,,USA,United States,A,Normal value,0,Units,2,Two
US41,Oregon,_Z,Not applicable,FERT_RATIO,Fertility rate,_T,Total,F,Female,BR_L_W,Live births per woman,2003,,1.9015,,USA,United States,A,Normal value,0,Units,2,Two
US53,Washington,_Z,Not applicable,FERT_RATIO,Fertility rate,_T,Total,F,Female,BR_L_W,Live births per woman,2003,,1.8995,,USA,United States,A,Normal value,0,Units,2,Two
US12,Florida,_Z,Not applicable,FERT_RATIO,Fertility rate,_T,Total,F,Female,BR_L_W,Live births per woman,2003,,2.005,,USA,United States,A,Normal value,0,Units,2,Two
US08,Colorado,_Z,Not applicable,FERT_RATIO,Fertility rate,_T,Total,F,Female,BR_L_W,Live births per woman,2003,,2.1195,,USA,United States,A,Normal value,0,Units,2,Two
US55,Wisconsin,_Z,Not applicable,FERT_RATIO,Fertility rate,_T,Total,F,Female,BR_L_W,Live births per woman,2003,,1.943,,USA,United States,A,Normal value,0,Units,2,Two
US27,Minnesota,_Z,Not applicable,FERT_RATIO,Fertility rate,_T,Total,F,Female,BR_L_W,Live births per woman,2003,,2.0245,,USA,United States,A,Normal value,0,Units,2,Two
US47,Tennessee,_Z,Not applicable,FERT_RATIO,Fertility rate,_T,Total,F,Female,BR_L_W,Live births per woman,2003,,1.9505,,USA,United States,A,Normal value,0,Units,2,Two
US21,Kentucky,_Z,Not applicable,FERT_RATIO,Fertility rate,_T,Total,F,Female,BR_L_W,Live births per woman,2003,,1.9515,,USA,United States,A,Normal value,0,Units,2,Two
US10,Delaware,_Z,Not applicable,FERT_RATIO,Fertility rate,_T,Total,F,Female,BR_L_W,Live births per woman,2003,,2.0095,,USA,United States,A,Normal value,0,Units,2,Two
US40,Oklahoma,_Z,Not applicable,FERT_RATIO,Fertility rate,_T,Total,F,Female,BR_L_W,Live births per woman,2003,,2.1105,,USA,United States,A,Normal value,0,Units,2,Two
US40,Oklahoma,_Z,Not applicable,FERT_RATIO,Fertility rate,_T,Total,F,Female,BR_L_W,Live births per woman,2004,,2.107,,USA,United States,A,Normal value,0,Units,2,Two
US10,Delaware,_Z,Not applicable,FERT_RATIO,Fertility rate,_T,Total,F,Female,BR_L_W,Live births per woman,2004,,1.973,,USA,United States,A,Normal value,0,Units,2,Two
US21,Kentucky,_Z,Not applicable,FERT_RATIO,Fertility rate,_T,Total,F,Female,BR_L_W,Live births per woman,2004,,1.96,,USA,United States,A,Normal value,0,Units,2,Two
US47,Tennessee,_Z,Not applicable,FERT_RATIO,Fertility rate,_T,Total,F,Female,BR_L_W,Live births per woman,2004,,1.9575,,USA,United States,A,Normal value,0,Units,2,Two
US27,Minnesota,_Z,Not applicable,FERT_RATIO,Fertility rate,_T,Total,F,Female,BR_L_W,Live births per woman,2004,,2.029,,USA,United States,A,Normal value,0,Units,2,Two
US08,Colorado,_Z,Not applicable,FERT_RATIO,Fertility rate,_T,Total,F,Female,BR_L_W,Live births per woman,2004,,2.09,,USA,United States,A,Normal value,0,Units,2,Two
US55,Wisconsin,_Z,Not applicable,FERT_RATIO,Fertility rate,_T,Total,F,Female,BR_L_W,Live births per woman,2004,,1.9275,,USA,United States,A,Normal value,0,Units,2,Two
US12,Florida,_Z,Not applicable,FERT_RATIO,Fertility rate,_T,Total,F,Female,BR_L_W,Live births per woman,2004,,2.02,,USA,United States,A,Normal value,0,Units,2,Two
US53,Washington,_Z,Not applicable,FERT_RATIO,Fertility rate,_T,Total,F,Female,BR_L_W,Live births per woman,2004,,1.9075,,USA,United States,A,Normal value,0,Units,2,Two
US41,Oregon,_Z,Not applicable,FERT_RATIO,Fertility rate,_T,Total,F,Female,BR_L_W,Live births per woman,2004,,1.871,,USA,United States,A,Normal value,0,Units,2,Two
US29,Missouri,_Z,Not applicable,FERT_RATIO,Fertility rate,_T,Total,F,Female,BR_L_W,Live births per woman,2004,,1.986,,USA,United States,A,Normal value,0,Units,2,Two
US31,Nebraska,_Z,Not applicable,FERT_RATIO,Fertility rate,_T,Total,F,Female,BR_L_W,Live births per woman,2004,,2.225,,USA,United States,A,Normal value,0,Units,2,Two
US56,Wyoming,_Z,Not applicable,FERT_RATIO,Fertility rate,_T,Total,F,Female,BR_L_W,Live births per woman,2004,,2.05,,USA,United States,A,Normal value,0,Units,2,Two
US18,Indiana,_Z,Not applicable,FERT_RATIO,Fertility rate,_T,Total,F,Female,BR_L_W,Live births per woman,2004,,2.0595,,USA,United States,A,Normal value,0,Units,2,Two
US06,California,_Z,Not applicable,FERT_RATIO,Fertility rate,_T,Total,F,Female,BR_L_W,Live births per woman,2004,,2.1505,,USA,United States,A,Normal value,0,Units,2,Two
US44,Rhode Island,_Z,Not applicable,FERT_RATIO,Fertility rate,_T,Total,F,Female,BR_L_W,Live births per woman,2004,,1.711,,USA,United States,A,Normal value,0,Units,2,Two
US54,West Virginia,_Z,Not applicable,FERT_RATIO,Fertility rate,_T,Total,F,Female,BR_L_W,Live births per woman,2004,,1.7955,,USA,United States,A,Normal value,0,Units,2,Two
US34,New Jersey,_Z,Not applicable,FERT_RATIO,Fertility rate,_T,Total,F,Female,BR_L_W,Live births per woman,2004,,2.04,,USA,United States,A,Normal value,0,Units,2,Two
US05,Arkansas,_Z,Not applicable,FERT_RATIO,Fertility rate,_T,Total,F,Female,BR_L_W,Live births per woman,2004,,2.0735,,USA,United States,A,Normal value,0,Units,2,Two
US32,Nevada,_Z,Not applicable,FERT_RATIO,Fertility rate,_T,Total,F,Female,BR_L_W,Live births per woman,2004,,2.216,,USA,United States,A,Normal value,0,Units,2,Two
US37,North Carolina,_Z,Not applicable,FERT_RATIO,Fertility rate,_T,Total,F,Female,BR_L_W,Live births per woman,2004,,2.0275,,USA,United States,A,Normal value,0,Units,2,Two
US01,Alabama,_Z,Not applicable,FERT_RATIO,Fertility rate,_T,Total,F,Female,BR_L_W,Live births per woman,2004,,1.9065,,USA,United States,A,Normal value,0,Units,2,Two
US13,Georgia,_Z,Not applicable,FERT_RATIO,Fertility rate,_T,Total,F,Female,BR_L_W,Live births per woman,2004,,2.1455,,USA,United States,A,Normal value,0,Units,2,Two
US23,Maine,_Z,Not applicable,FERT_RATIO,Fertility rate,_T,Total,F,Female,BR_L_W,Live births per woman,2004,,1.752,,USA,United States,A,Normal value,0,Units,2,Two
US38,North Dakota,_Z,Not applicable,FERT_RATIO,Fertility rate,_T,Total,F,Female,BR_L_W,Live births per woman,2004,,1.9485,,USA,United States,A,Normal value,0,Units,2,Two
US09,Connecticut,_Z,Not applicable,FERT_RATIO,Fertility rate,_T,Total,F,Female,BR_L_W,Live births per woman,2004,,1.9045,,USA,United States,A,Normal value,0,Units,2,Two
US42,Pennsylvania,_Z,Not applicable,FERT_RATIO,Fertility rate,_T,Total,F,Female,BR_L_W,Live births per woman,2004,,1.848,,USA,United States,A,Normal value,0,Units,2,Two
US02,Alaska,_Z,Not applicable,FERT_RATIO,Fertility rate,_T,Total,F,Female,BR_L_W,Live births per woman,2004,,2.422,,USA,United States,A,Normal value,0,Units,2,Two
US16,Idaho,_Z,Not applicable,FERT_RATIO,Fertility rate,_T,Total,F,Female,BR_L_W,Live births per woman,2004,,2.3365,,USA,United States,A,Normal value,0,Units,2,Two
US24,Maryland,_Z,Not applicable,FERT_RATIO,Fertility rate,_T,Total,F,Female,BR_L_W,Live births per woman,2004,,1.978,,USA,United States,A,Normal value,0,Units,2,Two
US35,New Mexico,_Z,Not applicable,FERT_RATIO,Fertility rate,_T,Total,F,Female,BR_L_W,Live births per woman,2004,,2.1995,,USA,United States,A,Normal value,0,Units,2,Two
US28,Mississippi,_Z,Not applicable,FERT_RATIO,Fertility rate,_T,Total,F,Female,BR_L_W,Live births per woman,2004,,2.0335,,USA,United States,A,Normal value,0,Units,2,Two
US36,New York,_Z,Not applicable,FERT_RATIO,Fertility rate,_T,Total,F,Female,BR_L_W,Live births per woman,2004,,1.863,,USA,United States,A,Normal value,0,Units,2,Two
US04,Arizona,_Z,Not applicable,FERT_RATIO,Fertility rate,_T,Total,F,Female,BR_L_W,Live births per woman,2004,,2.3845,,USA,United States,A,Normal value,0,Units,2,Two
US49,Utah,_Z,Not applicable,FERT_RATIO,Fertility rate,_T,Total,F,Female,BR_L_W,Live births per woman,2004,,2.5445,,USA,United States,A,Normal value,0,Units,2,Two
US51,Virginia,_Z,Not applicable,FERT_RATIO,Fertility rate,_T,Total,F,Female,BR_L_W,Live births per woman,2004,,2.0265,,USA,United States,A,Normal value,0,Units,2,Two
US22,Louisiana,_Z,Not applicable,FERT_RATIO,Fertility rate,_T,Total,F,Female,BR_L_W,Live births per woman,2004,,2.002,,USA,United States,A,Normal value,0,Units,2,Two
US50,Vermont,_Z,Not applicable,FERT_RATIO,Fertility rate,_T,Total,F,Female,BR_L_W,Live births per woman,2004,,1.7205,,USA,United States,A,Normal value,0,Units,2,Two
US26,Michigan,_Z,Not applicable,FERT_RATIO,Fertility rate,_T,Total,F,Female,BR_L_W,Live births per woman,2004,,1.9265,,USA,United States,A,Normal value,0,Units,2,Two
US48,Texas,_Z,Not applicable,FERT_RATIO,Fertility rate,_T,Total,F,Female,BR_L_W,Live births per woman,2004,,2.3355,,USA,United States,A,Normal value,0,Units,2,Two
US33,New Hampshire,_Z,Not applicable,FERT_RATIO,Fertility rate,_T,Total,F,Female,BR_L_W,Live births per woman,2004,,1.7925,,USA,United States,A,Normal value,0,Units,2,Two
US19,Iowa,_Z,Not applicable,FERT_RATIO,Fertility rate,_T,Total,F,Female,BR_L_W,Live births per woman,2004,,1.9815,,USA,United States,A,Normal value,0,Units,2,Two
US15,Hawaii,_Z,Not applicable,FERT_RATIO,Fertility rate,_T,Total,F,Female,BR_L_W,Live births per woman,2004,,2.3015,,USA,United States,A,Normal value,0,Units,2,Two
US20,Kansas,_Z,Not applicable,FERT_RATIO,Fertility rate,_T,Total,F,Female,BR_L_W,Live births per woman,2004,,2.14,,USA,United States,A,Normal value,0,Units,2,Two
US11,District of Columbia,_Z,Not applicable,FERT_RATIO,Fertility rate,_T,Total,F,Female,BR_L_W,Live births per woman,2004,,1.7355,,USA,United States,A,Normal value,0,Units,2,Two
US25,Massachusetts,_Z,Not applicable,FERT_RATIO,Fertility rate,_T,Total,F,Female,BR_L_W,Live births per woman,2004,,1.7195,,USA,United States,A,Normal value,0,Units,2,Two
US17,Illinois,_Z,Not applicable,FERT_RATIO,Fertility rate,_T,Total,F,Female,BR_L_W,Live births per woman,2004,,2.039,,USA,United States,A,Normal value,0,Units,2,Two
US39,Ohio,_Z,Not applicable,FERT_RATIO,Fertility rate,_T,Total,F,Female,BR_L_W,Live births per woman,2004,,1.957,,USA,United States,A,Normal value,0,Units,2,Two
US45,South Carolina,_Z,Not applicable,FERT_RATIO,Fertility rate,_T,Total,F,Female,BR_L_W,Live births per woman,2004,,1.946,,USA,United States,A,Normal value,0,Units,2,Two
US30,Montana,_Z,Not applicable,FERT_RATIO,Fertility rate,_T,Total,F,Female,BR_L_W,Live births per woman,2004,,1.996,,USA,United States,A,Normal value,0,Units,2,Two
US46,South Dakota,_Z,Not applicable,FERT_RATIO,Fertility rate,_T,Total,F,Female,BR_L_W,Live births per woman,2004,,2.26,,USA,United States,A,Normal value,0,Units,2,Two
US46,South Dakota,_Z,Not applicable,FERT_RATIO,Fertility rate,_T,Total,F,Female,BR_L_W,Live births per woman,2005,,2.2585,,USA,United States,A,Normal value,0,Units,2,Two
US30,Montana,_Z,Not applicable,FERT_RATIO,Fertility rate,_T,Total,F,Female,BR_L_W,Live births per woman,2005,,1.9835,,USA,United States,A,Normal value,0,Units,2,Two
US45,South Carolina,_Z,Not applicable,FERT_RATIO,Fertility rate,_T,Total,F,Female,BR_L_W,Live births per woman,2005,,1.971,,USA,United States,A,Normal value,0,Units,2,Two
US39,Ohio,_Z,Not applicable,FERT_RATIO,Fertility rate,_T,Total,F,Female,BR_L_W,Live births per woman,2005,,1.9575,,USA,United States,A,Normal value,0,Units,2,Two
US17,Illinois,_Z,Not applicable,FERT_RATIO,Fertility rate,_T,Total,F,Female,BR_L_W,Live births per woman,2005,,2.027,,USA,United States,A,Normal value,0,Units,2,Two
US25,Massachusetts,_Z,Not applicable,FERT_RATIO,Fertility rate,_T,Total,F,Female,BR_L_W,Live births per woman,2005,,1.7145,,USA,United States,A,Normal value,0,Units,2,Two
US11,District of Columbia,_Z,Not applicable,FERT_RATIO,Fertility rate,_T,Total,F,Female,BR_L_W,Live births per woman,2005,,1.787,,USA,United States,A,Normal value,0,Units,2,Two
US20,Kansas,_Z,Not applicable,FERT_RATIO,Fertility rate,_T,Total,F,Female,BR_L_W,Live births per woman,2005,,2.136,,USA,United States,A,Normal value,0,Units,2,Two
US15,Hawaii,_Z,Not applicable,FERT_RATIO,Fertility rate,_T,Total,F,Female,BR_L_W,Live births per woman,2005,,2.276,,USA,United States,A,Normal value,0,Units,2,Two
US19,Iowa,_Z,Not applicable,FERT_RATIO,Fertility rate,_T,Total,F,Female,BR_L_W,Live births per woman,2005,,2.005,,USA,United States,A,Normal value,0,Units,2,Two
US48,Texas,_Z,Not applicable,FERT_RATIO,Fertility rate,_T,Total,F,Female,BR_L_W,Live births per woman,2005,,2.339,,USA,United States,A,Normal value,0,Units,2,Two
US33,New Hampshire,_Z,Not applicable,FERT_RATIO,Fertility rate,_T,Total,F,Female,BR_L_W,Live births per woman,2005,,1.7825,,USA,United States,A,Normal value,0,Units,2,Two
US26,Michigan,_Z,Not applicable,FERT_RATIO,Fertility rate,_T,Total,F,Female,BR_L_W,Live births per woman,2005,,1.9085,,USA,United States,A,Normal value,0,Units,2,Two
US50,Vermont,_Z,Not applicable,FERT_RATIO,Fertility rate,_T,Total,F,Female,BR_L_W,Live births per woman,2005,,1.6175,,USA,United States,A,Normal value,0,Units,2,Two
US22,Louisiana,_Z,Not applicable,FERT_RATIO,Fertility rate,_T,Total,F,Female,BR_L_W,Live births per woman,2005,,1.8685,,USA,United States,A,Normal value,0,Units,2,Two
US51,Virginia,_Z,Not applicable,FERT_RATIO,Fertility rate,_T,Total,F,Female,BR_L_W,Live births per woman,2005,,2.0305,,USA,United States,A,Normal value,0,Units,2,Two
US49,Utah,_Z,Not applicable,FERT_RATIO,Fertility rate,_T,Total,F,Female,BR_L_W,Live births per woman,2005,,2.4725,,USA,United States,A,Normal value,0,Units,2,Two
US04,Arizona,_Z,Not applicable,FERT_RATIO,Fertility rate,_T,Total,F,Female,BR_L_W,Live births per woman,2005,,2.3685,,USA,United States,A,Normal value,0,Units,2,Two
US36,New York,_Z,Not applicable,FERT_RATIO,Fertility rate,_T,Total,F,Female,BR_L_W,Live births per woman,2005,,1.8565,,USA,United States,A,Normal value,0,Units,2,Two
US28,Mississippi,_Z,Not applicable,FERT_RATIO,Fertility rate,_T,Total,F,Female,BR_L_W,Live births per woman,2005,,2.016,,USA,United States,A,Normal value,0,Units,2,Two
US35,New Mexico,_Z,Not applicable,FERT_RATIO,Fertility rate,_T,Total,F,Female,BR_L_W,Live births per woman,2005,,2.208,,USA,United States,A,Normal value,0,Units,2,Two
US24,Maryland,_Z,Not applicable,FERT_RATIO,Fertility rate,_T,Total,F,Female,BR_L_W,Live births per woman,2005,,1.9955,,USA,United States,A,Normal value,0,Units,2,Two
US16,Idaho,_Z,Not applicable,FERT_RATIO,Fertility rate,_T,Total,F,Female,BR_L_W,Live births per woman,2005,,2.319,,USA,United States,A,Normal value,0,Units,2,Two
US09,Connecticut,_Z,Not applicable,FERT_RATIO,Fertility rate,_T,Total,F,Female,BR_L_W,Live births per woman,2005,,1.9125,,USA,United States,A,Normal value,0,Units,2,Two
US42,Pennsylvania,_Z,Not applicable,FERT_RATIO,Fertility rate,_T,Total,F,Female,BR_L_W,Live births per woman,2005,,1.8615,,USA,United States,A,Normal value,0,Units,2,Two
US02,Alaska,_Z,Not applicable,FERT_RATIO,Fertility rate,_T,Total,F,Female,BR_L_W,Live births per woman,2005,,2.4425,,USA,United States,A,Normal value,0,Units,2,Two
US38,North Dakota,_Z,Not applicable,FERT_RATIO,Fertility rate,_T,Total,F,Female,BR_L_W,Live births per woman,2005,,1.979,,USA,United States,A,Normal value,0,Units,2,Two
US23,Maine,_Z,Not applicable,FERT_RATIO,Fertility rate,_T,Total,F,Female,BR_L_W,Live births per woman,2005,,1.78,,USA,United States,A,Normal value,0,Units,2,Two
US13,Georgia,_Z,Not applicable,FERT_RATIO,Fertility rate,_T,Total,F,Female,BR_L_W,Live births per woman,2005,,2.1435,,USA,United States,A,Normal value,0,Units,2,Two
US01,Alabama,_Z,Not applicable,FERT_RATIO,Fertility rate,_T,Total,F,Female,BR_L_W,Live births per woman,2005,,1.9345,,USA,United States,A,Normal value,0,Units,2,Two
US37,North Carolina,_Z,Not applicable,FERT_RATIO,Fertility rate,_T,Total,F,Female,BR_L_W,Live births per woman,2005,,2.064,,USA,United States,A,Normal value,0,Units,2,Two
US32,Nevada,_Z,Not applicable,FERT_RATIO,Fertility rate,_T,Total,F,Female,BR_L_W,Live births per woman,2005,,2.2685,,USA,United States,A,Normal value,0,Units,2,Two
US05,Arkansas,_Z,Not applicable,FERT_RATIO,Fertility rate,_T,Total,F,Female,BR_L_W,Live births per woman,2005,,2.092,,USA,United States,A,Normal value,0,Units,2,Two
US34,New Jersey,_Z,Not applicable,FERT_RATIO,Fertility rate,_T,Total,F,Female,BR_L_W,Live births per woman,2005,,2.0495,,USA,United States,A,Normal value,0,Units,2,Two
US54,West Virginia,_Z,Not applicable,FERT_RATIO,Fertility rate,_T,Total,F,Female,BR_L_W,Live births per woman,2005,,1.8035,,USA,United States,A,Normal value,0,Units,2,Two
US44,Rhode Island,_Z,Not applicable,FERT_RATIO,Fertility rate,_T,Total,F,Female,BR_L_W,Live births per woman,2005,,1.7305,,USA,United States,A,Normal value,0,Units,2,Two
US06,California,_Z,Not applicable,FERT_RATIO,Fertility rate,_T,Total,F,Female,BR_L_W,Live births per woman,2005,,2.183,,USA,United States,A,Normal value,0,Units,2,Two
US18,Indiana,_Z,Not applicable,FERT_RATIO,Fertility rate,_T,Total,F,Female,BR_L_W,Live births per woman,2005,,2.059,,USA,United States,A,Normal value,0,Units,2,Two
US56,Wyoming,_Z,Not applicable,FERT_RATIO,Fertility rate,_T,Total,F,Female,BR_L_W,Live births per woman,2005,,2.164,,USA,United States,A,Normal value,0,Units,2,Two
US31,Nebraska,_Z,Not applicable,FERT_RATIO,Fertility rate,_T,Total,F,Female,BR_L_W,Live births per woman,2005,,2.1885,,USA,United States,A,Normal value,0,Units,2,Two
US29,Missouri,_Z,Not applicable,FERT_RATIO,Fertility rate,_T,Total,F,Female,BR_L_W,Live births per woman,2005,,1.993,,USA,United States,A,Normal value,0,Units,2,Two
US41,Oregon,_Z,Not applicable,FERT_RATIO,Fertility rate,_T,Total,F,Female,BR_L_W,Live births per woman,2005,,1.8535,,USA,United States,A,Normal value,0,Units,2,Two
US53,Washington,_Z,Not applicable,FERT_RATIO,Fertility rate,_T,Total,F,Female,BR_L_W,Live births per woman,2005,,1.911,,USA,United States,A,Normal value,0,Units,2,Two
US12,Florida,_Z,Not applicable,FERT_RATIO,Fertility rate,_T,Total,F,Female,BR_L_W,Live births per woman,2005,,2.06,,USA,United States,A,Normal value,0,Units,2,Two
US08,Colorado,_Z,Not applicable,FERT_RATIO,Fertility rate,_T,Total,F,Female,BR_L_W,Live births per woman,2005,,2.078,,USA,United States,A,Normal value,0,Units,2,Two
US55,Wisconsin,_Z,Not applicable,FERT_RATIO,Fertility rate,_T,Total,F,Female,BR_L_W,Live births per woman,2005,,1.944,,USA,United States,A,Normal value,0,Units,2,Two
US27,Minnesota,_Z,Not applicable,FERT_RATIO,Fertility rate,_T,Total,F,Female,BR_L_W,Live births per woman,2005,,2.024,,USA,United States,A,Normal value,0,Units,2,Two
US47,Tennessee,_Z,Not applicable,FERT_RATIO,Fertility rate,_T,Total,F,Female,BR_L_W,Live births per woman,2005,,1.999,,USA,United States,A,Normal value,0,Units,2,Two
US21,Kentucky,_Z,Not applicable,FERT_RATIO,Fertility rate,_T,Total,F,Female,BR_L_W,Live births per woman,2005,,1.992,,USA,United States,A,Normal value,0,Units,2,Two
US10,Delaware,_Z,Not applicable,FERT_RATIO,Fertility rate,_T,Total,F,Female,BR_L_W,Live births per woman,2005,,2.01,,USA,United States,A,Normal value,0,Units,2,Two
US40,Oklahoma,_Z,Not applicable,FERT_RATIO,Fertility rate,_T,Total,F,Female,BR_L_W,Live births per woman,2005,,2.1095,,USA,United States,A,Normal value,0,Units,2,Two
US40,Oklahoma,_Z,Not applicable,FERT_RATIO,Fertility rate,_T,Total,F,Female,BR_L_W,Live births per woman,2006,,2.198,,USA,United States,A,Normal value,0,Units,2,Two
US10,Delaware,_Z,Not applicable,FERT_RATIO,Fertility rate,_T,Total,F,Female,BR_L_W,Live births per woman,2006,,2.0905,,USA,United States,A,Normal value,0,Units,2,Two
US21,Kentucky,_Z,Not applicable,FERT_RATIO,Fertility rate,_T,Total,F,Female,BR_L_W,Live births per woman,2006,,2.052,,USA,United States,A,Normal value,0,Units,2,Two
US47,Tennessee,_Z,Not applicable,FERT_RATIO,Fertility rate,_T,Total,F,Female,BR_L_W,Live births per woman,2006,,2.0665,,USA,United States,A,Normal value,0,Units,2,Two
US27,Minnesota,_Z,Not applicable,FERT_RATIO,Fertility rate,_T,Total,F,Female,BR_L_W,Live births per woman,2006,,2.1375,,USA,United States,A,Normal value,0,Units,2,Two
US08,Colorado,_Z,Not applicable,FERT_RATIO,Fertility rate,_T,Total,F,Female,BR_L_W,Live births per woman,2006,,2.113,,USA,United States,A,Normal value,0,Units,2,Two
US55,Wisconsin,_Z,Not applicable,FERT_RATIO,Fertility rate,_T,Total,F,Female,BR_L_W,Live births per woman,2006,,2.006,,USA,United States,A,Normal value,0,Units,2,Two
US12,Florida,_Z,Not applicable,FERT_RATIO,Fertility rate,_T,Total,F,Female,BR_L_W,Live births per woman,2006,,2.089,,USA,United States,A,Normal value,0,Units,2,Two
US53,Washington,_Z,Not applicable,FERT_RATIO,Fertility rate,_T,Total,F,Female,BR_L_W,Live births per woman,2006,,1.9825,,USA,United States,A,Normal value,0,Units,2,Two
US41,Oregon,_Z,Not applicable,FERT_RATIO,Fertility rate,_T,Total,F,Female,BR_L_W,Live births per woman,2006,,1.9635,,USA,United States,A,Normal value,0,Units,2,Two
US29,Missouri,_Z,Not applicable,FERT_RATIO,Fertility rate,_T,Total,F,Female,BR_L_W,Live births per woman,2006,,2.065,,USA,United States,A,Normal value,0,Units,2,Two
US31,Nebraska,_Z,Not applicable,FERT_RATIO,Fertility rate,_T,Total,F,Female,BR_L_W,Live births per woman,2006,,2.2855,,USA,United States,A,Normal value,0,Units,2,Two
US56,Wyoming,_Z,Not applicable,FERT_RATIO,Fertility rate,_T,Total,F,Female,BR_L_W,Live births per woman,2006,,2.2445,,USA,United States,A,Normal value,0,Units,2,Two
US18,Indiana,_Z,Not applicable,FERT_RATIO,Fertility rate,_T,Total,F,Female,BR_L_W,Live births per woman,2006,,2.0815,,USA,United States,A,Normal value,0,Units,2,Two
US06,California,_Z,Not applicable,FERT_RATIO,Fertility rate,_T,Total,F,Female,BR_L_W,Live births per woman,2006,,2.185,,USA,United States,A,Normal value,0,Units,2,Two
US44,Rhode Island,_Z,Not applicable,FERT_RATIO,Fertility rate,_T,Total,F,Female,BR_L_W,Live births per woman,2006,,1.721,,USA,United States,A,Normal value,0,Units,2,Two
US54,West Virginia,_Z,Not applicable,FERT_RATIO,Fertility rate,_T,Total,F,Female,BR_L_W,Live births per woman,2006,,1.82,,USA,United States,A,Normal value,0,Units,2,Two
US34,New Jersey,_Z,Not applicable,FERT_RATIO,Fertility rate,_T,Total,F,Female,BR_L_W,Live births per woman,2006,,2.049,,USA,United States,A,Normal value,0,Units,2,Two
US05,Arkansas,_Z,Not applicable,FERT_RATIO,Fertility rate,_T,Total,F,Female,BR_L_W,Live births per woman,2006,,2.1785,,USA,United States,A,Normal value,0,Units,2,Two
US32,Nevada,_Z,Not applicable,FERT_RATIO,Fertility rate,_T,Total,F,Female,BR_L_W,Live births per woman,2006,,2.3605,,USA,United States,A,Normal value,0,Units,2,Two
US37,North Carolina,_Z,Not applicable,FERT_RATIO,Fertility rate,_T,Total,F,Female,BR_L_W,Live births per woman,2006,,2.1335,,USA,United States,A,Normal value,0,Units,2,Two
US01,Alabama,_Z,Not applicable,FERT_RATIO,Fertility rate,_T,Total,F,Female,BR_L_W,Live births per woman,2006,,2.034,,USA,United States,A,Normal value,0,Units,2,Two
US13,Georgia,_Z,Not applicable,FERT_RATIO,Fertility rate,_T,Total,F,Female,BR_L_W,Live births per woman,2006,,2.2255,,USA,United States,A,Normal value,0,Units,2,Two
US23,Maine,_Z,Not applicable,FERT_RATIO,Fertility rate,_T,Total,F,Female,BR_L_W,Live births per woman,2006,,1.7675,,USA,United States,A,Normal value,0,Units,2,Two
US38,North Dakota,_Z,Not applicable,FERT_RATIO,Fertility rate,_T,Total,F,Female,BR_L_W,Live births per woman,2006,,2.145,,USA,United States,A,Normal value,0,Units,2,Two
US09,Connecticut,_Z,Not applicable,FERT_RATIO,Fertility rate,_T,Total,F,Female,BR_L_W,Live births per woman,2006,,1.9035,,USA,United States,A,Normal value,0,Units,2,Two
US42,Pennsylvania,_Z,Not applicable,FERT_RATIO,Fertility rate,_T,Total,F,Female,BR_L_W,Live births per woman,2006,,1.9315,,USA,United States,A,Normal value,0,Units,2,Two
US02,Alaska,_Z,Not applicable,FERT_RATIO,Fertility rate,_T,Total,F,Female,BR_L_W,Live births per woman,2006,,2.323,,USA,United States,A,Normal value,0,Units,2,Two
US16,Idaho,_Z,Not applicable,FERT_RATIO,Fertility rate,_T,Total,F,Female,BR_L_W,Live births per woman,2006,,2.4175,,USA,United States,A,Normal value,0,Units,2,Two
US24,Maryland,_Z,Not applicable,FERT_RATIO,Fertility rate,_T,Total,F,Female,BR_L_W,Live births per woman,2006,,2.013,,USA,United States,A,Normal value,0,Units,2,Two
US35,New Mexico,_Z,Not applicable,FERT_RATIO,Fertility rate,_T,Total,F,Female,BR_L_W,Live births per woman,2006,,2.2295,,USA,United States,A,Normal value,0,Units,2,Two
US28,Mississippi,_Z,Not applicable,FERT_RATIO,Fertility rate,_T,Total,F,Female,BR_L_W,Live births per woman,2006,,2.264,,USA,United States,A,Normal value,0,Units,2,Two
US36,New York,_Z,Not applicable,FERT_RATIO,Fertility rate,_T,Total,F,Female,BR_L_W,Live births per woman,2006,,1.887,,USA,United States,A,Normal value,0,Units,2,Two
US04,Arizona,_Z,Not applicable,FERT_RATIO,Fertility rate,_T,Total,F,Female,BR_L_W,Live births per woman,2006,,2.443,,USA,United States,A,Normal value,0,Units,2,Two
US49,Utah,_Z,Not applicable,FERT_RATIO,Fertility rate,_T,Total,F,Female,BR_L_W,Live births per woman,2006,,2.6285,,USA,United States,A,Normal value,0,Units,2,Two
US51,Virginia,_Z,Not applicable,FERT_RATIO,Fertility rate,_T,Total,F,Female,BR_L_W,Live births per woman,2006,,2.051,,USA,United States,A,Normal value,0,Units,2,Two
US22,Louisiana,_Z,Not applicable,FERT_RATIO,Fertility rate,_T,Total,F,Female,BR_L_W,Live births per woman,2006,,2.107,,USA,United States,A,Normal value,0,Units,2,Two
US50,Vermont,_Z,Not applicable,FERT_RATIO,Fertility rate,_T,Total,F,Female,BR_L_W,Live births per woman,2006,,1.6915,,USA,United States,A,Normal value,0,Units,2,Two
US26,Michigan,_Z,Not applicable,FERT_RATIO,Fertility rate,_T,Total,F,Female,BR_L_W,Live births per woman,2006,,1.9315,,USA,United States,A,Normal value,0,Units,2,Two
US33,New Hampshire,_Z,Not applicable,FERT_RATIO,Fertility rate,_T,Total,F,Female,BR_L_W,Live births per woman,2006,,1.751,,USA,United States,A,Normal value,0,Units,2,Two
US48,Texas,_Z,Not applicable,FERT_RATIO,Fertility rate,_T,Total,F,Female,BR_L_W,Live births per woman,2006,,2.3645,,USA,United States,A,Normal value,0,Units,2,Two
US19,Iowa,_Z,Not applicable,FERT_RATIO,Fertility rate,_T,Total,F,Female,BR_L_W,Live births per woman,2006,,2.143,,USA,United States,A,Normal value,0,Units,2,Two
US15,Hawaii,_Z,Not applicable,FERT_RATIO,Fertility rate,_T,Total,F,Female,BR_L_W,Live births per woman,2006,,2.2305,,USA,United States,A,Normal value,0,Units,2,Two
US20,Kansas,_Z,Not applicable,FERT_RATIO,Fertility rate,_T,Total,F,Female,BR_L_W,Live births per woman,2006,,2.2275,,USA,United States,A,Normal value,0,Units,2,Two
US11,District of Columbia,_Z,Not applicable,FERT_RATIO,Fertility rate,_T,Total,F,Female,BR_L_W,Live births per woman,2006,,1.699,,USA,United States,A,Normal value,0,Units,2,Two
US25,Massachusetts,_Z,Not applicable,FERT_RATIO,Fertility rate,_T,Total,F,Female,BR_L_W,Live births per woman,2006,,1.775,,USA,United States,A,Normal value,0,Units,2,Two
US17,Illinois,_Z,Not applicable,FERT_RATIO,Fertility rate,_T,Total,F,Female,BR_L_W,Live births per woman,2006,,2.034,,USA,United States,A,Normal value,0,Units,2,Two
US39,Ohio,_Z,Not applicable,FERT_RATIO,Fertility rate,_T,Total,F,Female,BR_L_W,Live births per woman,2006,,1.993,,USA,United States,A,Normal value,0,Units,2,Two
US45,South Carolina,_Z,Not applicable,FERT_RATIO,Fertility rate,_T,Total,F,Female,BR_L_W,Live births per woman,2006,,2.1375,,USA,United States,A,Normal value,0,Units,2,Two
US30,Montana,_Z,Not applicable,FERT_RATIO,Fertility rate,_T,Total,F,Female,BR_L_W,Live births per woman,2006,,2.1315,,USA,United States,A,Normal value,0,Units,2,Two
US46,South Dakota,_Z,Not applicable,FERT_RATIO,Fertility rate,_T,Total,F,Female,BR_L_W,Live births per woman,2006,,2.395,,USA,United States,A,Normal value,0,Units,2,Two
US46,South Dakota,_Z,Not applicable,FERT_RATIO,Fertility rate,_T,Total,F,Female,BR_L_W,Live births per woman,2007,,2.407,,USA,United States,A,Normal value,0,Units,2,Two
US30,Montana,_Z,Not applicable,FERT_RATIO,Fertility rate,_T,Total,F,Female,BR_L_W,Live births per woman,2007,,2.0805,,USA,United States,A,Normal value,0,Units,2,Two
US45,South Carolina,_Z,Not applicable,FERT_RATIO,Fertility rate,_T,Total,F,Female,BR_L_W,Live births per woman,2007,,2.142,,USA,United States,A,Normal value,0,Units,2,Two
US39,Ohio,_Z,Not applicable,FERT_RATIO,Fertility rate,_T,Total,F,Female,BR_L_W,Live births per woman,2007,,2.008,,USA,United States,A,Normal value,0,Units,2,Two
US17,Illinois,_Z,Not applicable,FERT_RATIO,Fertility rate,_T,Total,F,Female,BR_L_W,Live births per woman,2007,,2.044,,USA,United States,A,Normal value,0,Units,2,Two
US25,Massachusetts,_Z,Not applicable,FERT_RATIO,Fertility rate,_T,Total,F,Female,BR_L_W,Live births per woman,2007,,1.797,,USA,United States,A,Normal value,0,Units,2,Two
US11,District of Columbia,_Z,Not applicable,FERT_RATIO,Fertility rate,_T,Total,F,Female,BR_L_W,Live births per woman,2007,,1.7505,,USA,United States,A,Normal value,0,Units,2,Two
US20,Kansas,_Z,Not applicable,FERT_RATIO,Fertility rate,_T,Total,F,Female,BR_L_W,Live births per woman,2007,,2.2715,,USA,United States,A,Normal value,0,Units,2,Two
US15,Hawaii,_Z,Not applicable,FERT_RATIO,Fertility rate,_T,Total,F,Female,BR_L_W,Live births per woman,2007,,2.287,,USA,United States,A,Normal value,0,Units,2,Two
US19,Iowa,_Z,Not applicable,FERT_RATIO,Fertility rate,_T,Total,F,Female,BR_L_W,Live births per woman,2007,,2.1485,,USA,United States,A,Normal value,0,Units,2,Two
US48,Texas,_Z,Not applicable,FERT_RATIO,Fertility rate,_T,Total,F,Female,BR_L_W,Live births per woman,2007,,2.398,,USA,United States,A,Normal value,0,Units,2,Two
US33,New Hampshire,_Z,Not applicable,FERT_RATIO,Fertility rate,_T,Total,F,Female,BR_L_W,Live births per woman,2007,,1.757,,USA,United States,A,Normal value,0,Units,2,Two
US26,Michigan,_Z,Not applicable,FERT_RATIO,Fertility rate,_T,Total,F,Female,BR_L_W,Live births per woman,2007,,1.912,,USA,United States,A,Normal value,0,Units,2,Two
US50,Vermont,_Z,Not applicable,FERT_RATIO,Fertility rate,_T,Total,F,Female,BR_L_W,Live births per woman,2007,,1.715,,USA,United States,A,Normal value,0,Units,2,Two
US22,Louisiana,_Z,Not applicable,FERT_RATIO,Fertility rate,_T,Total,F,Female,BR_L_W,Live births per woman,2007,,2.164,,USA,United States,A,Normal value,0,Units,2,Two
US51,Virginia,_Z,Not applicable,FERT_RATIO,Fertility rate,_T,Total,F,Female,BR_L_W,Live births per woman,2007,,2.065,,USA,United States,A,Normal value,0,Units,2,Two
US49,Utah,_Z,Not applicable,FERT_RATIO,Fertility rate,_T,Total,F,Female,BR_L_W,Live births per woman,2007,,2.6295,,USA,United States,A,Normal value,0,Units,2,Two
US04,Arizona,_Z,Not applicable,FERT_RATIO,Fertility rate,_T,Total,F,Female,BR_L_W,Live births per woman,2007,,2.428,,USA,United States,A,Normal value,0,Units,2,Two
US36,New York,_Z,Not applicable,FERT_RATIO,Fertility rate,_T,Total,F,Female,BR_L_W,Live births per woman,2007,,1.92,,USA,United States,A,Normal value,0,Units,2,Two
US28,Mississippi,_Z,Not applicable,FERT_RATIO,Fertility rate,_T,Total,F,Female,BR_L_W,Live births per woman,2007,,2.2845,,USA,United States,A,Normal value,0,Units,2,Two
US35,New Mexico,_Z,Not applicable,FERT_RATIO,Fertility rate,_T,Total,F,Female,BR_L_W,Live births per woman,2007,,2.2695,,USA,United States,A,Normal value,0,Units,2,Two
US24,Maryland,_Z,Not applicable,FERT_RATIO,Fertility rate,_T,Total,F,Female,BR_L_W,Live births per woman,2007,,2.055,,USA,United States,A,Normal value,0,Units,2,Two
US16,Idaho,_Z,Not applicable,FERT_RATIO,Fertility rate,_T,Total,F,Female,BR_L_W,Live births per woman,2007,,2.4885,,USA,United States,A,Normal value,0,Units,2,Two
US09,Connecticut,_Z,Not applicable,FERT_RATIO,Fertility rate,_T,Total,F,Female,BR_L_W,Live births per woman,2007,,1.923,,USA,United States,A,Normal value,0,Units,2,Two
US42,Pennsylvania,_Z,Not applicable,FERT_RATIO,Fertility rate,_T,Total,F,Female,BR_L_W,Live births per woman,2007,,1.957,,USA,United States,A,Normal value,0,Units,2,Two
US02,Alaska,_Z,Not applicable,FERT_RATIO,Fertility rate,_T,Total,F,Female,BR_L_W,Live births per woman,2007,,2.3235,,USA,United States,A,Normal value,0,Units,2,Two
US38,North Dakota,_Z,Not applicable,FERT_RATIO,Fertility rate,_T,Total,F,Female,BR_L_W,Live births per woman,2007,,2.12,,USA,United States,A,Normal value,0,Units,2,Two
US23,Maine,_Z,Not applicable,FERT_RATIO,Fertility rate,_T,Total,F,Female,BR_L_W,Live births per woman,2007,,1.7885,,USA,United States,A,Normal value,0,Units,2,Two
US13,Georgia,_Z,Not applicable,FERT_RATIO,Fertility rate,_T,Total,F,Female,BR_L_W,Live births per woman,2007,,2.2505,,USA,United States,A,Normal value,0,Units,2,Two
US01,Alabama,_Z,Not applicable,FERT_RATIO,Fertility rate,_T,Total,F,Female,BR_L_W,Live births per woman,2007,,2.0745,,USA,United States,A,Normal value,0,Units,2,Two
US37,North Carolina,_Z,Not applicable,FERT_RATIO,Fertility rate,_T,Total,F,Female,BR_L_W,Live births per woman,2007,,2.1465,,USA,United States,A,Normal value,0,Units,2,Two
US32,Nevada,_Z,Not applicable,FERT_RATIO,Fertility rate,_T,Total,F,Female,BR_L_W,Live births per woman,2007,,2.4225,,USA,United States,A,Normal value,0,Units,2,Two
US05,Arkansas,_Z,Not applicable,FERT_RATIO,Fertility rate,_T,Total,F,Female,BR_L_W,Live births per woman,2007,,2.202,,USA,United States,A,Normal value,0,Units,2,Two
US34,New Jersey,_Z,Not applicable,FERT_RATIO,Fertility rate,_T,Total,F,Female,BR_L_W,Live births per woman,2007,,2.0985,,USA,United States,A,Normal value,0,Units,2,Two
US54,West Virginia,_Z,Not applicable,FERT_RATIO,Fertility rate,_T,Total,F,Female,BR_L_W,Live births per woman,2007,,1.9285,,USA,United States,A,Normal value,0,Units,2,Two
US44,Rhode Island,_Z,Not applicable,FERT_RATIO,Fertility rate,_T,Total,F,Female,BR_L_W,Live births per woman,2007,,1.7555,,USA,United States,A,Normal value,0,Units,2,Two
US06,California,_Z,Not applicable,FERT_RATIO,Fertility rate,_T,Total,F,Female,BR_L_W,Live births per woman,2007,,2.2035,,USA,United States,A,Normal value,0,Units,2,Two
US18,Indiana,_Z,Not applicable,FERT_RATIO,Fertility rate,_T,Total,F,Female,BR_L_W,Live births per woman,2007,,2.1185,,USA,United States,A,Normal value,0,Units,2,Two
US56,Wyoming,_Z,Not applicable,FERT_RATIO,Fertility rate,_T,Total,F,Female,BR_L_W,Live births per woman,2007,,2.284,,USA,United States,A,Normal value,0,Units,2,Two
US31,Nebraska,_Z,Not applicable,FERT_RATIO,Fertility rate,_T,Total,F,Female,BR_L_W,Live births per woman,2007,,2.296,,USA,United States,A,Normal value,0,Units,2,Two
US29,Missouri,_Z,Not applicable,FERT_RATIO,Fertility rate,_T,Total,F,Female,BR_L_W,Live births per woman,2007,,2.0795,,USA,United States,A,Normal value,0,Units,2,Two
US41,Oregon,_Z,Not applicable,FERT_RATIO,Fertility rate,_T,Total,F,Female,BR_L_W,Live births per woman,2007,,1.9785,,USA,United States,A,Normal value,0,Units,2,Two
US53,Washington,_Z,Not applicable,FERT_RATIO,Fertility rate,_T,Total,F,Female,BR_L_W,Live births per woman,2007,,2.029,,USA,United States,A,Normal value,0,Units,2,Two
US12,Florida,_Z,Not applicable,FERT_RATIO,Fertility rate,_T,Total,F,Female,BR_L_W,Live births per woman,2007,,2.116,,USA,United States,A,Normal value,0,Units,2,Two
US08,Colorado,_Z,Not applicable,FERT_RATIO,Fertility rate,_T,Total,F,Female,BR_L_W,Live births per woman,2007,,2.0955,,USA,United States,A,Normal value,0,Units,2,Two
US55,Wisconsin,_Z,Not applicable,FERT_RATIO,Fertility rate,_T,Total,F,Female,BR_L_W,Live births per woman,2007,,2.014,,USA,United States,A,Normal value,0,Units,2,Two
US27,Minnesota,_Z,Not applicable,FERT_RATIO,Fertility rate,_T,Total,F,Female,BR_L_W,Live births per woman,2007,,2.151,,USA,United States,A,Normal value,0,Units,2,Two
US47,Tennessee,_Z,Not applicable,FERT_RATIO,Fertility rate,_T,Total,F,Female,BR_L_W,Live births per woman,2007,,2.106,,USA,United States,A,Normal value,0,Units,2,Two
US21,Kentucky,_Z,Not applicable,FERT_RATIO,Fertility rate,_T,Total,F,Female,BR_L_W,Live births per woman,2007,,2.086,,USA,United States,A,Normal value,0,Units,2,Two
US10,Delaware,_Z,Not applicable,FERT_RATIO,Fertility rate,_T,Total,F,Female,BR_L_W,Live births per woman,2007,,2.1255,,USA,United States,A,Normal value,0,Units,2,Two
US40,Oklahoma,_Z,Not applicable,FERT_RATIO,Fertility rate,_T,Total,F,Female,BR_L_W,Live births per woman,2007,,2.224,,USA,United States,A,Normal value,0,Units,2,Two
US40,Oklahoma,_Z,Not applicable,FERT_RATIO,Fertility rate,_T,Total,F,Female,BR_L_W,Live births per woman,2008,,2.207,,USA,United States,A,Normal value,0,Units,2,Two
US10,Delaware,_Z,Not applicable,FERT_RATIO,Fertility rate,_T,Total,F,Female,BR_L_W,Live births per woman,2008,,2.111,,USA,United States,A,Normal value,0,Units,2,Two
US21,Kentucky,_Z,Not applicable,FERT_RATIO,Fertility rate,_T,Total,F,Female,BR_L_W,Live births per woman,2008,,2.057,,USA,United States,A,Normal value,0,Units,2,Two
US47,Tennessee,_Z,Not applicable,FERT_RATIO,Fertility rate,_T,Total,F,Female,BR_L_W,Live births per woman,2008,,2.0745,,USA,United States,A,Normal value,0,Units,2,Two
US27,Minnesota,_Z,Not applicable,FERT_RATIO,Fertility rate,_T,Total,F,Female,BR_L_W,Live births per woman,2008,,2.108,,USA,United States,A,Normal value,0,Units,2,Two
US08,Colorado,_Z,Not applicable,FERT_RATIO,Fertility rate,_T,Total,F,Female,BR_L_W,Live births per woman,2008,,2.052,,USA,United States,A,Normal value,0,Units,2,Two
US55,Wisconsin,_Z,Not applicable,FERT_RATIO,Fertility rate,_T,Total,F,Female,BR_L_W,Live births per woman,2008,,1.995,,USA,United States,A,Normal value,0,Units,2,Two
US12,Florida,_Z,Not applicable,FERT_RATIO,Fertility rate,_T,Total,F,Female,BR_L_W,Live births per woman,2008,,2.0505,,USA,United States,A,Normal value,0,Units,2,Two
US53,Washington,_Z,Not applicable,FERT_RATIO,Fertility rate,_T,Total,F,Female,BR_L_W,Live births per woman,2008,,2.0445,,USA,United States,A,Normal value,0,Units,2,Two
US41,Oregon,_Z,Not applicable,FERT_RATIO,Fertility rate,_T,Total,F,Female,BR_L_W,Live births per woman,2008,,1.952,,USA,United States,A,Normal value,0,Units,2,Two
US29,Missouri,_Z,Not applicable,FERT_RATIO,Fertility rate,_T,Total,F,Female,BR_L_W,Live births per woman,2008,,2.052,,USA,United States,A,Normal value,0,Units,2,Two
US31,Nebraska,_Z,Not applicable,FERT_RATIO,Fertility rate,_T,Total,F,Female,BR_L_W,Live births per woman,2008,,2.2935,,USA,United States,A,Normal value,0,Units,2,Two
US56,Wyoming,_Z,Not applicable,FERT_RATIO,Fertility rate,_T,Total,F,Female,BR_L_W,Live births per woman,2008,,2.2845,,USA,United States,A,Normal value,0,Units,2,Two
US18,Indiana,_Z,Not applicable,FERT_RATIO,Fertility rate,_T,Total,F,Female,BR_L_W,Live births per woman,2008,,2.0935,,USA,United States,A,Normal value,0,Units,2,Two
US06,California,_Z,Not applicable,FERT_RATIO,Fertility rate,_T,Total,F,Female,BR_L_W,Live births per woman,2008,,2.1515,,USA,United States,A,Normal value,0,Units,2,Two
US44,Rhode Island,_Z,Not applicable,FERT_RATIO,Fertility rate,_T,Total,F,Female,BR_L_W,Live births per woman,2008,,1.733,,USA,United States,A,Normal value,0,Units,2,Two
US54,West Virginia,_Z,Not applicable,FERT_RATIO,Fertility rate,_T,Total,F,Female,BR_L_W,Live births per woman,2008,,1.9035,,USA,United States,A,Normal value,0,Units,2,Two
US34,New Jersey,_Z,Not applicable,FERT_RATIO,Fertility rate,_T,Total,F,Female,BR_L_W,Live births per woman,2008,,2.057,,USA,United States,A,Normal value,0,Units,2,Two
US05,Arkansas,_Z,Not applicable,FERT_RATIO,Fertility rate,_T,Total,F,Female,BR_L_W,Live births per woman,2008,,2.164,,USA,United States,A,Normal value,0,Units,2,Two
US32,Nevada,_Z,Not applicable,FERT_RATIO,Fertility rate,_T,Total,F,Female,BR_L_W,Live births per woman,2008,,2.31,,USA,United States,A,Normal value,0,Units,2,Two
US37,North Carolina,_Z,Not applicable,FERT_RATIO,Fertility rate,_T,Total,F,Female,BR_L_W,Live births per woman,2008,,2.123,,USA,United States,A,Normal value,0,Units,2,Two
US01,Alabama,_Z,Not applicable,FERT_RATIO,Fertility rate,_T,Total,F,Female,BR_L_W,Live births per woman,2008,,2.0605,,USA,United States,A,Normal value,0,Units,2,Two
US13,Georgia,_Z,Not applicable,FERT_RATIO,Fertility rate,_T,Total,F,Female,BR_L_W,Live births per woman,2008,,2.172,,USA,United States,A,Normal value,0,Units,2,Two
US23,Maine,_Z,Not applicable,FERT_RATIO,Fertility rate,_T,Total,F,Female,BR_L_W,Live births per woman,2008,,1.739,,USA,United States,A,Normal value,0,Units,2,Two
US38,North Dakota,_Z,Not applicable,FERT_RATIO,Fertility rate,_T,Total,F,Female,BR_L_W,Live births per woman,2008,,2.131,,USA,United States,A,Normal value,0,Units,2,Two
US42,Pennsylvania,_Z,Not applicable,FERT_RATIO,Fertility rate,_T,Total,F,Female,BR_L_W,Live births per woman,2008,,1.9385,,USA,United States,A,Normal value,0,Units,2,Two
US02,Alaska,_Z,Not applicable,FERT_RATIO,Fertility rate,_T,Total,F,Female,BR_L_W,Live births per woman,2008,,2.407,,USA,United States,A,Normal value,0,Units,2,Two
US09,Connecticut,_Z,Not applicable,FERT_RATIO,Fertility rate,_T,Total,F,Female,BR_L_W,Live births per woman,2008,,1.875,,USA,United States,A,Normal value,0,Units,2,Two
US16,Idaho,_Z,Not applicable,FERT_RATIO,Fertility rate,_T,Total,F,Female,BR_L_W,Live births per woman,2008,,2.473,,USA,United States,A,Normal value,0,Units,2,Two
US24,Maryland,_Z,Not applicable,FERT_RATIO,Fertility rate,_T,Total,F,Female,BR_L_W,Live births per woman,2008,,2.0345,,USA,United States,A,Normal value,0,Units,2,Two
US35,New Mexico,_Z,Not applicable,FERT_RATIO,Fertility rate,_T,Total,F,Female,BR_L_W,Live births per woman,2008,,2.2345,,USA,United States,A,Normal value,0,Units,2,Two
US28,Mississippi,_Z,Not applicable,FERT_RATIO,Fertility rate,_T,Total,F,Female,BR_L_W,Live births per woman,2008,,2.204,,USA,United States,A,Normal value,0,Units,2,Two
US36,New York,_Z,Not applicable,FERT_RATIO,Fertility rate,_T,Total,F,Female,BR_L_W,Live births per woman,2008,,1.8875,,USA,United States,A,Normal value,0,Units,2,Two
US04,Arizona,_Z,Not applicable,FERT_RATIO,Fertility rate,_T,Total,F,Female,BR_L_W,Live births per woman,2008,,2.31,,USA,United States,A,Normal value,0,Units,2,Two
US49,Utah,_Z,Not applicable,FERT_RATIO,Fertility rate,_T,Total,F,Female,BR_L_W,Live births per woman,2008,,2.597,,USA,United States,A,Normal value,0,Units,2,Two
US51,Virginia,_Z,Not applicable,FERT_RATIO,Fertility rate,_T,Total,F,Female,BR_L_W,Live births per woman,2008,,2.021,,USA,United States,A,Normal value,0,Units,2,Two
US22,Louisiana,_Z,Not applicable,FERT_RATIO,Fertility rate,_T,Total,F,Female,BR_L_W,Live births per woman,2008,,2.075,,USA,United States,A,Normal value,0,Units,2,Two
US50,Vermont,_Z,Not applicable,FERT_RATIO,Fertility rate,_T,Total,F,Female,BR_L_W,Live births per woman,2008,,1.673,,USA,United States,A,Normal value,0,Units,2,Two
US26,Michigan,_Z,Not applicable,FERT_RATIO,Fertility rate,_T,Total,F,Female,BR_L_W,Live births per woman,2008,,1.8745,,USA,United States,A,Normal value,0,Units,2,Two
US33,New Hampshire,_Z,Not applicable,FERT_RATIO,Fertility rate,_T,Total,F,Female,BR_L_W,Live births per woman,2008,,1.7135,,USA,United States,A,Normal value,0,Units,2,Two
US48,Texas,_Z,Not applicable,FERT_RATIO,Fertility rate,_T,Total,F,Female,BR_L_W,Live births per woman,2008,,2.3635,,USA,United States,A,Normal value,0,Units,2,Two
US19,Iowa,_Z,Not applicable,FERT_RATIO,Fertility rate,_T,Total,F,Female,BR_L_W,Live births per woman,2008,,2.1085,,USA,United States,A,Normal value,0,Units,2,Two
US15,Hawaii,_Z,Not applicable,FERT_RATIO,Fertility rate,_T,Total,F,Female,BR_L_W,Live births per woman,2008,,2.3395,,USA,United States,A,Normal value,0,Units,2,Two
US20,Kansas,_Z,Not applicable,FERT_RATIO,Fertility rate,_T,Total,F,Female,BR_L_W,Live births per woman,2008,,2.2465,,USA,United States,A,Normal value,0,Units,2,Two
US11,District of Columbia,_Z,Not applicable,FERT_RATIO,Fertility rate,_T,Total,F,Female,BR_L_W,Live births per woman,2008,,1.791,,USA,United States,A,Normal value,0,Units,2,Two
US25,Massachusetts,_Z,Not applicable,FERT_RATIO,Fertility rate,_T,Total,F,Female,BR_L_W,Live births per woman,2008,,1.7725,,USA,United States,A,Normal value,0,Units,2,Two
US17,Illinois,_Z,Not applicable,FERT_RATIO,Fertility rate,_T,Total,F,Female,BR_L_W,Live births per woman,2008,,1.9955,,USA,United States,A,Normal value,0,Units,2,Two
US39,Ohio,_Z,Not applicable,FERT_RATIO,Fertility rate,_T,Total,F,Female,BR_L_W,Live births per woman,2008,,1.986,,USA,United States,A,Normal value,0,Units,2,Two
US45,South Carolina,_Z,Not applicable,FERT_RATIO,Fertility rate,_T,Total,F,Female,BR_L_W,Live births per woman,2008,,2.126,,USA,United States,A,Normal value,0,Units,2,Two
US30,Montana,_Z,Not applicable,FERT_RATIO,Fertility rate,_T,Total,F,Female,BR_L_W,Live births per woman,2008,,2.08,,USA,United States,A,Normal value,0,Units,2,Two
US46,South Dakota,_Z,Not applicable,FERT_RATIO,Fertility rate,_T,Total,F,Female,BR_L_W,Live births per woman,2008,,2.3505,,USA,United States,A,Normal value,0,Units,2,Two
US46,South Dakota,_Z,Not applicable,FERT_RATIO,Fertility rate,_T,Total,F,Female,BR_L_W,Live births per woman,2009,,2.2895,,USA,United States,A,Normal value,0,Units,2,Two
US30,Montana,_Z,Not applicable,FERT_RATIO,Fertility rate,_T,Total,F,Female,BR_L_W,Live births per woman,2009,,1.982,,USA,United States,A,Normal value,0,Units,2,Two
US45,South Carolina,_Z,Not applicable,FERT_RATIO,Fertility rate,_T,Total,F,Female,BR_L_W,Live births per woman,2009,,1.994,,USA,United States,A,Normal value,0,Units,2,Two
US39,Ohio,_Z,Not applicable,FERT_RATIO,Fertility rate,_T,Total,F,Female,BR_L_W,Live births per woman,2009,,1.938,,USA,United States,A,Normal value,0,Units,2,Two
US17,Illinois,_Z,Not applicable,FERT_RATIO,Fertility rate,_T,Total,F,Female,BR_L_W,Live births per woman,2009,,1.9425,,USA,United States,A,Normal value,0,Units,2,Two
US25,Massachusetts,_Z,Not applicable,FERT_RATIO,Fertility rate,_T,Total,F,Female,BR_L_W,Live births per woman,2009,,1.712,,USA,United States,A,Normal value,0,Units,2,Two
US11,District of Columbia,_Z,Not applicable,FERT_RATIO,Fertility rate,_T,Total,F,Female,BR_L_W,Live births per woman,2009,,1.7365,,USA,United States,A,Normal value,0,Units,2,Two
US20,Kansas,_Z,Not applicable,FERT_RATIO,Fertility rate,_T,Total,F,Female,BR_L_W,Live births per woman,2009,,2.192,,USA,United States,A,Normal value,0,Units,2,Two
US15,Hawaii,_Z,Not applicable,FERT_RATIO,Fertility rate,_T,Total,F,Female,BR_L_W,Live births per woman,2009,,2.2325,,USA,United States,A,Normal value,0,Units,2,Two
US19,Iowa,_Z,Not applicable,FERT_RATIO,Fertility rate,_T,Total,F,Female,BR_L_W,Live births per woman,2009,,2.0725,,USA,United States,A,Normal value,0,Units,2,Two
US48,Texas,_Z,Not applicable,FERT_RATIO,Fertility rate,_T,Total,F,Female,BR_L_W,Live births per woman,2009,,2.2995,,USA,United States,A,Normal value,0,Units,2,Two
US33,New Hampshire,_Z,Not applicable,FERT_RATIO,Fertility rate,_T,Total,F,Female,BR_L_W,Live births per woman,2009,,1.674,,USA,United States,A,Normal value,0,Units,2,Two
US26,Michigan,_Z,Not applicable,FERT_RATIO,Fertility rate,_T,Total,F,Female,BR_L_W,Live births per woman,2009,,1.8515,,USA,United States,A,Normal value,0,Units,2,Two
US50,Vermont,_Z,Not applicable,FERT_RATIO,Fertility rate,_T,Total,F,Female,BR_L_W,Live births per woman,2009,,1.62,,USA,United States,A,Normal value,0,Units,2,Two
US22,Louisiana,_Z,Not applicable,FERT_RATIO,Fertility rate,_T,Total,F,Female,BR_L_W,Live births per woman,2009,,2.022,,USA,United States,A,Normal value,0,Units,2,Two
US51,Virginia,_Z,Not applicable,FERT_RATIO,Fertility rate,_T,Total,F,Female,BR_L_W,Live births per woman,2009,,1.9475,,USA,United States,A,Normal value,0,Units,2,Two
US49,Utah,_Z,Not applicable,FERT_RATIO,Fertility rate,_T,Total,F,Female,BR_L_W,Live births per woman,2009,,2.474,,USA,United States,A,Normal value,0,Units,2,Two
US04,Arizona,_Z,Not applicable,FERT_RATIO,Fertility rate,_T,Total,F,Female,BR_L_W,Live births per woman,2009,,2.1175,,USA,United States,A,Normal value,0,Units,2,Two
US36,New York,_Z,Not applicable,FERT_RATIO,Fertility rate,_T,Total,F,Female,BR_L_W,Live births per woman,2009,,1.871,,USA,United States,A,Normal value,0,Units,2,Two
US28,Mississippi,_Z,Not applicable,FERT_RATIO,Fertility rate,_T,Total,F,Female,BR_L_W,Live births per woman,2009,,2.069,,USA,United States,A,Normal value,0,Units,2,Two
US35,New Mexico,_Z,Not applicable,FERT_RATIO,Fertility rate,_T,Total,F,Female,BR_L_W,Live births per woman,2009,,2.141,,USA,United States,A,Normal value,0,Units,2,Two
US24,Maryland,_Z,Not applicable,FERT_RATIO,Fertility rate,_T,Total,F,Female,BR_L_W,Live births per woman,2009,,1.959,,USA,United States,A,Normal value,0,Units,2,Two
US16,Idaho,_Z,Not applicable,FERT_RATIO,Fertility rate,_T,Total,F,Female,BR_L_W,Live births per woman,2009,,2.2735,,USA,United States,A,Normal value,0,Units,2,Two
US42,Pennsylvania,_Z,Not applicable,FERT_RATIO,Fertility rate,_T,Total,F,Female,BR_L_W,Live births per woman,2009,,1.856,,USA,United States,A,Normal value,0,Units,2,Two
US02,Alaska,_Z,Not applicable,FERT_RATIO,Fertility rate,_T,Total,F,Female,BR_L_W,Live births per woman,2009,,2.279,,USA,United States,A,Normal value,0,Units,2,Two
US09,Connecticut,_Z,Not applicable,FERT_RATIO,Fertility rate,_T,Total,F,Female,BR_L_W,Live births per woman,2009,,1.801,,USA,United States,A,Normal value,0,Units,2,Two
US38,North Dakota,_Z,Not applicable,FERT_RATIO,Fertility rate,_T,Total,F,Female,BR_L_W,Live births per woman,2009,,2.1245,,USA,United States,A,Normal value,0,Units,2,Two
US23,Maine,_Z,Not applicable,FERT_RATIO,Fertility rate,_T,Total,F,Female,BR_L_W,Live births per woman,2009,,1.7255,,USA,United States,A,Normal value,0,Units,2,Two
US13,Georgia,_Z,Not applicable,FERT_RATIO,Fertility rate,_T,Total,F,Female,BR_L_W,Live births per woman,2009,,2.0535,,USA,United States,A,Normal value,0,Units,2,Two
US01,Alabama,_Z,Not applicable,FERT_RATIO,Fertility rate,_T,Total,F,Female,BR_L_W,Live births per woman,2009,,1.9585,,USA,United States,A,Normal value,0,Units,2,Two
US37,North Carolina,_Z,Not applicable,FERT_RATIO,Fertility rate,_T,Total,F,Female,BR_L_W,Live births per woman,2009,,2.0165,,USA,United States,A,Normal value,0,Units,2,Two
US32,Nevada,_Z,Not applicable,FERT_RATIO,Fertility rate,_T,Total,F,Female,BR_L_W,Live births per woman,2009,,2.1285,,USA,United States,A,Normal value,0,Units,2,Two
US05,Arkansas,_Z,Not applicable,FERT_RATIO,Fertility rate,_T,Total,F,Female,BR_L_W,Live births per woman,2009,,2.077,,USA,United States,A,Normal value,0,Units,2,Two
US34,New Jersey,_Z,Not applicable,FERT_RATIO,Fertility rate,_T,Total,F,Female,BR_L_W,Live births per woman,2009,,2.0005,,USA,United States,A,Normal value,0,Units,2,Two
US54,West Virginia,_Z,Not applicable,FERT_RATIO,Fertility rate,_T,Total,F,Female,BR_L_W,Live births per woman,2009,,1.8635,,USA,United States,A,Normal value,0,Units,2,Two
US44,Rhode Island,_Z,Not applicable,FERT_RATIO,Fertility rate,_T,Total,F,Female,BR_L_W,Live births per woman,2009,,1.67,,USA,United States,A,Normal value,0,Units,2,Two
US06,California,_Z,Not applicable,FERT_RATIO,Fertility rate,_T,Total,F,Female,BR_L_W,Live births per woman,2009,,2.056,,USA,United States,A,Normal value,0,Units,2,Two
US18,Indiana,_Z,Not applicable,FERT_RATIO,Fertility rate,_T,Total,F,Female,BR_L_W,Live births per woman,2009,,2.028,,USA,United States,A,Normal value,0,Units,2,Two
US56,Wyoming,_Z,Not applicable,FERT_RATIO,Fertility rate,_T,Total,F,Female,BR_L_W,Live births per woman,2009,,2.1425,,USA,United States,A,Normal value,0,Units,2,Two
US31,Nebraska,_Z,Not applicable,FERT_RATIO,Fertility rate,_T,Total,F,Female,BR_L_W,Live births per woman,2009,,2.27,,USA,United States,A,Normal value,0,Units,2,Two
US29,Missouri,_Z,Not applicable,FERT_RATIO,Fertility rate,_T,Total,F,Female,BR_L_W,Live births per woman,2009,,1.968,,USA,United States,A,Normal value,0,Units,2,Two
US41,Oregon,_Z,Not applicable,FERT_RATIO,Fertility rate,_T,Total,F,Female,BR_L_W,Live births per woman,2009,,1.847,,USA,United States,A,Normal value,0,Units,2,Two
US53,Washington,_Z,Not applicable,FERT_RATIO,Fertility rate,_T,Total,F,Female,BR_L_W,Live births per woman,2009,,1.9705,,USA,United States,A,Normal value,0,Units,2,Two
US12,Florida,_Z,Not applicable,FERT_RATIO,Fertility rate,_T,Total,F,Female,BR_L_W,Live births per woman,2009,,1.9265,,USA,United States,A,Normal value,0,Units,2,Two
US08,Colorado,_Z,Not applicable,FERT_RATIO,Fertility rate,_T,Total,F,Female,BR_L_W,Live births per woman,2009,,1.9825,,USA,United States,A,Normal value,0,Units,2,Two
US55,Wisconsin,_Z,Not applicable,FERT_RATIO,Fertility rate,_T,Total,F,Female,BR_L_W,Live births per woman,2009,,1.953,,USA,United States,A,Normal value,0,Units,2,Two
US27,Minnesota,_Z,Not applicable,FERT_RATIO,Fertility rate,_T,Total,F,Female,BR_L_W,Live births per woman,2009,,2.0445,,USA,United States,A,Normal value,0,Units,2,Two
US47,Tennessee,_Z,Not applicable,FERT_RATIO,Fertility rate,_T,Total,F,Female,BR_L_W,Live births per woman,2009,,1.9525,,USA,United States,A,Normal value,0,Units,2,Two
US21,Kentucky,_Z,Not applicable,FERT_RATIO,Fertility rate,_T,Total,F,Female,BR_L_W,Live births per woman,2009,,2,,USA,United States,A,Normal value,0,Units,2,Two
US10,Delaware,_Z,Not applicable,FERT_RATIO,Fertility rate,_T,Total,F,Female,BR_L_W,Live births per woman,2009,,1.997,,USA,United States,A,Normal value,0,Units,2,Two
US40,Oklahoma,_Z,Not applicable,FERT_RATIO,Fertility rate,_T,Total,F,Female,BR_L_W,Live births per woman,2009,,2.1575,,USA,United States,A,Normal value,0,Units,2,Two
US40,Oklahoma,_Z,Not applicable,FERT_RATIO,Fertility rate,_T,Total,F,Female,BR_L_W,Live births per woman,2010,,2.105,,USA,United States,A,Normal value,0,Units,2,Two
US10,Delaware,_Z,Not applicable,FERT_RATIO,Fertility rate,_T,Total,F,Female,BR_L_W,Live births per woman,2010,,1.94,,USA,United States,A,Normal value,0,Units,2,Two
US21,Kentucky,_Z,Not applicable,FERT_RATIO,Fertility rate,_T,Total,F,Female,BR_L_W,Live births per woman,2010,,1.9675,,USA,United States,A,Normal value,0,Units,2,Two
US47,Tennessee,_Z,Not applicable,FERT_RATIO,Fertility rate,_T,Total,F,Female,BR_L_W,Live births per woman,2010,,1.8835,,USA,United States,A,Normal value,0,Units,2,Two
US27,Minnesota,_Z,Not applicable,FERT_RATIO,Fertility rate,_T,Total,F,Female,BR_L_W,Live births per woman,2010,,1.9615,,USA,United States,A,Normal value,0,Units,2,Two
US08,Colorado,_Z,Not applicable,FERT_RATIO,Fertility rate,_T,Total,F,Female,BR_L_W,Live births per woman,2010,,1.924,,USA,United States,A,Normal value,0,Units,2,Two
US55,Wisconsin,_Z,Not applicable,FERT_RATIO,Fertility rate,_T,Total,F,Female,BR_L_W,Live births per woman,2010,,1.894,,USA,United States,A,Normal value,0,Units,2,Two
US12,Florida,_Z,Not applicable,FERT_RATIO,Fertility rate,_T,Total,F,Female,BR_L_W,Live births per woman,2010,,1.834,,USA,United States,A,Normal value,0,Units,2,Two
US53,Washington,_Z,Not applicable,FERT_RATIO,Fertility rate,_T,Total,F,Female,BR_L_W,Live births per woman,2010,,1.907,,USA,United States,A,Normal value,0,Units,2,Two
US41,Oregon,_Z,Not applicable,FERT_RATIO,Fertility rate,_T,Total,F,Female,BR_L_W,Live births per woman,2010,,1.7915,,USA,United States,A,Normal value,0,Units,2,Two
US29,Missouri,_Z,Not applicable,FERT_RATIO,Fertility rate,_T,Total,F,Female,BR_L_W,Live births per woman,2010,,1.941,,USA,United States,A,Normal value,0,Units,2,Two
US31,Nebraska,_Z,Not applicable,FERT_RATIO,Fertility rate,_T,Total,F,Female,BR_L_W,Live births per woman,2010,,2.144,,USA,United States,A,Normal value,0,Units,2,Two
US56,Wyoming,_Z,Not applicable,FERT_RATIO,Fertility rate,_T,Total,F,Female,BR_L_W,Live births per woman,2010,,2.0425,,USA,United States,A,Normal value,0,Units,2,Two
US18,Indiana,_Z,Not applicable,FERT_RATIO,Fertility rate,_T,Total,F,Female,BR_L_W,Live births per woman,2010,,1.965,,USA,United States,A,Normal value,0,Units,2,Two
US06,California,_Z,Not applicable,FERT_RATIO,Fertility rate,_T,Total,F,Female,BR_L_W,Live births per woman,2010,,1.9475,,USA,United States,A,Normal value,0,Units,2,Two
US44,Rhode Island,_Z,Not applicable,FERT_RATIO,Fertility rate,_T,Total,F,Female,BR_L_W,Live births per woman,2010,,1.6305,,USA,United States,A,Normal value,0,Units,2,Two
US54,West Virginia,_Z,Not applicable,FERT_RATIO,Fertility rate,_T,Total,F,Female,BR_L_W,Live births per woman,2010,,1.829,,USA,United States,A,Normal value,0,Units,2,Two
US34,New Jersey,_Z,Not applicable,FERT_RATIO,Fertility rate,_T,Total,F,Female,BR_L_W,Live births per woman,2010,,1.9,,USA,United States,A,Normal value,0,Units,2,Two
US05,Arkansas,_Z,Not applicable,FERT_RATIO,Fertility rate,_T,Total,F,Female,BR_L_W,Live births per woman,2010,,2.003,,USA,United States,A,Normal value,0,Units,2,Two
US32,Nevada,_Z,Not applicable,FERT_RATIO,Fertility rate,_T,Total,F,Female,BR_L_W,Live births per woman,2010,,1.956,,USA,United States,A,Normal value,0,Units,2,Two
US37,North Carolina,_Z,Not applicable,FERT_RATIO,Fertility rate,_T,Total,F,Female,BR_L_W,Live births per woman,2010,,1.9055,,USA,United States,A,Normal value,0,Units,2,Two
US01,Alabama,_Z,Not applicable,FERT_RATIO,Fertility rate,_T,Total,F,Female,BR_L_W,Live births per woman,2010,,1.8715,,USA,United States,A,Normal value,0,Units,2,Two
US13,Georgia,_Z,Not applicable,FERT_RATIO,Fertility rate,_T,Total,F,Female,BR_L_W,Live births per woman,2010,,1.9625,,USA,United States,A,Normal value,0,Units,2,Two
US23,Maine,_Z,Not applicable,FERT_RATIO,Fertility rate,_T,Total,F,Female,BR_L_W,Live births per woman,2010,,1.7,,USA,United States,A,Normal value,0,Units,2,Two
US38,North Dakota,_Z,Not applicable,FERT_RATIO,Fertility rate,_T,Total,F,Female,BR_L_W,Live births per woman,2010,,2.0415,,USA,United States,A,Normal value,0,Units,2,Two
US02,Alaska,_Z,Not applicable,FERT_RATIO,Fertility rate,_T,Total,F,Female,BR_L_W,Live births per woman,2010,,2.3515,,USA,United States,A,Normal value,0,Units,2,Two
US42,Pennsylvania,_Z,Not applicable,FERT_RATIO,Fertility rate,_T,Total,F,Female,BR_L_W,Live births per woman,2010,,1.812,,USA,United States,A,Normal value,0,Units,2,Two
US09,Connecticut,_Z,Not applicable,FERT_RATIO,Fertility rate,_T,Total,F,Female,BR_L_W,Live births per woman,2010,,1.723,,USA,United States,A,Normal value,0,Units,2,Two
US16,Idaho,_Z,Not applicable,FERT_RATIO,Fertility rate,_T,Total,F,Female,BR_L_W,Live births per woman,2010,,2.2415,,USA,United States,A,Normal value,0,Units,2,Two
US24,Maryland,_Z,Not applicable,FERT_RATIO,Fertility rate,_T,Total,F,Female,BR_L_W,Live births per woman,2010,,1.888,,USA,United States,A,Normal value,0,Units,2,Two
US35,New Mexico,_Z,Not applicable,FERT_RATIO,Fertility rate,_T,Total,F,Female,BR_L_W,Live births per woman,2010,,2.0645,,USA,United States,A,Normal value,0,Units,2,Two
US28,Mississippi,_Z,Not applicable,FERT_RATIO,Fertility rate,_T,Total,F,Female,BR_L_W,Live births per woman,2010,,1.9575,,USA,United States,A,Normal value,0,Units,2,Two
US36,New York,_Z,Not applicable,FERT_RATIO,Fertility rate,_T,Total,F,Female,BR_L_W,Live births per woman,2010,,1.814,,USA,United States,A,Normal value,0,Units,2,Two
US04,Arizona,_Z,Not applicable,FERT_RATIO,Fertility rate,_T,Total,F,Female,BR_L_W,Live births per woman,2010,,2.068,,USA,United States,A,Normal value,0,Units,2,Two
US49,Utah,_Z,Not applicable,FERT_RATIO,Fertility rate,_T,Total,F,Female,BR_L_W,Live births per woman,2010,,2.449,,USA,United States,A,Normal value,0,Units,2,Two
US51,Virginia,_Z,Not applicable,FERT_RATIO,Fertility rate,_T,Total,F,Female,BR_L_W,Live births per woman,2010,,1.8805,,USA,United States,A,Normal value,0,Units,2,Two
US22,Louisiana,_Z,Not applicable,FERT_RATIO,Fertility rate,_T,Total,F,Female,BR_L_W,Live births per woman,2010,,1.9495,,USA,United States,A,Normal value,0,Units,2,Two
US50,Vermont,_Z,Not applicable,FERT_RATIO,Fertility rate,_T,Total,F,Female,BR_L_W,Live births per woman,2010,,1.664,,USA,United States,A,Normal value,0,Units,2,Two
US26,Michigan,_Z,Not applicable,FERT_RATIO,Fertility rate,_T,Total,F,Female,BR_L_W,Live births per woman,2010,,1.8525,,USA,United States,A,Normal value,0,Units,2,Two
US33,New Hampshire,_Z,Not applicable,FERT_RATIO,Fertility rate,_T,Total,F,Female,BR_L_W,Live births per woman,2010,,1.666,,USA,United States,A,Normal value,0,Units,2,Two
US48,Texas,_Z,Not applicable,FERT_RATIO,Fertility rate,_T,Total,F,Female,BR_L_W,Live births per woman,2010,,2.1595,,USA,United States,A,Normal value,0,Units,2,Two
US19,Iowa,_Z,Not applicable,FERT_RATIO,Fertility rate,_T,Total,F,Female,BR_L_W,Live births per woman,2010,,2.009,,USA,United States,A,Normal value,0,Units,2,Two
US15,Hawaii,_Z,Not applicable,FERT_RATIO,Fertility rate,_T,Total,F,Female,BR_L_W,Live births per woman,2010,,2.1535,,USA,United States,A,Normal value,0,Units,2,Two
US20,Kansas,_Z,Not applicable,FERT_RATIO,Fertility rate,_T,Total,F,Female,BR_L_W,Live births per woman,2010,,2.157,,USA,United States,A,Normal value,0,Units,2,Two
US11,District of Columbia,_Z,Not applicable,FERT_RATIO,Fertility rate,_T,Total,F,Female,BR_L_W,Live births per woman,2010,,1.6465,,USA,United States,A,Normal value,0,Units,2,Two
US25,Massachusetts,_Z,Not applicable,FERT_RATIO,Fertility rate,_T,Total,F,Female,BR_L_W,Live births per woman,2010,,1.665,,USA,United States,A,Normal value,0,Units,2,Two
US17,Illinois,_Z,Not applicable,FERT_RATIO,Fertility rate,_T,Total,F,Female,BR_L_W,Live births per woman,2010,,1.882,,USA,United States,A,Normal value,0,Units,2,Two
US39,Ohio,_Z,Not applicable,FERT_RATIO,Fertility rate,_T,Total,F,Female,BR_L_W,Live births per woman,2010,,1.8985,,USA,United States,A,Normal value,0,Units,2,Two
US45,South Carolina,_Z,Not applicable,FERT_RATIO,Fertility rate,_T,Total,F,Female,BR_L_W,Live births per woman,2010,,1.884,,USA,United States,A,Normal value,0,Units,2,Two
US30,Montana,_Z,Not applicable,FERT_RATIO,Fertility rate,_T,Total,F,Female,BR_L_W,Live births per woman,2010,,1.9865,,USA,United States,A,Normal value,0,Units,2,Two
US46,South Dakota,_Z,Not applicable,FERT_RATIO,Fertility rate,_T,Total,F,Female,BR_L_W,Live births per woman,2010,,2.2705,,USA,United States,A,Normal value,0,Units,2,Two
US46,South Dakota,_Z,Not applicable,FERT_RATIO,Fertility rate,_T,Total,F,Female,BR_L_W,Live births per woman,2011,,2.253,,USA,United States,A,Normal value,0,Units,2,Two
US30,Montana,_Z,Not applicable,FERT_RATIO,Fertility rate,_T,Total,F,Female,BR_L_W,Live births per woman,2011,,1.9615,,USA,United States,A,Normal value,0,Units,2,Two
US45,South Carolina,_Z,Not applicable,FERT_RATIO,Fertility rate,_T,Total,F,Female,BR_L_W,Live births per woman,2011,,1.8395,,USA,United States,A,Normal value,0,Units,2,Two
US39,Ohio,_Z,Not applicable,FERT_RATIO,Fertility rate,_T,Total,F,Female,BR_L_W,Live births per woman,2011,,1.8815,,USA,United States,A,Normal value,0,Units,2,Two
US17,Illinois,_Z,Not applicable,FERT_RATIO,Fertility rate,_T,Total,F,Female,BR_L_W,Live births per woman,2011,,1.8385,,USA,United States,A,Normal value,0,Units,2,Two
US25,Massachusetts,_Z,Not applicable,FERT_RATIO,Fertility rate,_T,Total,F,Female,BR_L_W,Live births per woman,2011,,1.666,,USA,United States,A,Normal value,0,Units,2,Two
US11,District of Columbia,_Z,Not applicable,FERT_RATIO,Fertility rate,_T,Total,F,Female,BR_L_W,Live births per woman,2011,,1.6365,,USA,United States,A,Normal value,0,Units,2,Two
US20,Kansas,_Z,Not applicable,FERT_RATIO,Fertility rate,_T,Total,F,Female,BR_L_W,Live births per woman,2011,,2.091,,USA,United States,A,Normal value,0,Units,2,Two
US15,Hawaii,_Z,Not applicable,FERT_RATIO,Fertility rate,_T,Total,F,Female,BR_L_W,Live births per woman,2011,,2.114,,USA,United States,A,Normal value,0,Units,2,Two
US19,Iowa,_Z,Not applicable,FERT_RATIO,Fertility rate,_T,Total,F,Female,BR_L_W,Live births per woman,2011,,1.9725,,USA,United States,A,Normal value,0,Units,2,Two
US48,Texas,_Z,Not applicable,FERT_RATIO,Fertility rate,_T,Total,F,Female,BR_L_W,Live births per woman,2011,,2.0745,,USA,United States,A,Normal value,0,Units,2,Two
US33,New Hampshire,_Z,Not applicable,FERT_RATIO,Fertility rate,_T,Total,F,Female,BR_L_W,Live births per woman,2011,,1.6715,,USA,United States,A,Normal value,0,Units,2,Two
US26,Michigan,_Z,Not applicable,FERT_RATIO,Fertility rate,_T,Total,F,Female,BR_L_W,Live births per woman,2011,,1.8435,,USA,United States,A,Normal value,0,Units,2,Two
US50,Vermont,_Z,Not applicable,FERT_RATIO,Fertility rate,_T,Total,F,Female,BR_L_W,Live births per woman,2011,,1.627,,USA,United States,A,Normal value,0,Units,2,Two
US22,Louisiana,_Z,Not applicable,FERT_RATIO,Fertility rate,_T,Total,F,Female,BR_L_W,Live births per woman,2011,,1.91,,USA,United States,A,Normal value,0,Units,2,Two
US51,Virginia,_Z,Not applicable,FERT_RATIO,Fertility rate,_T,Total,F,Female,BR_L_W,Live births per woman,2011,,1.853,,USA,United States,A,Normal value,0,Units,2,Two
US49,Utah,_Z,Not applicable,FERT_RATIO,Fertility rate,_T,Total,F,Female,BR_L_W,Live births per woman,2011,,2.3775,,USA,United States,A,Normal value,0,Units,2,Two
US04,Arizona,_Z,Not applicable,FERT_RATIO,Fertility rate,_T,Total,F,Female,BR_L_W,Live births per woman,2011,,1.9995,,USA,United States,A,Normal value,0,Units,2,Two
US36,New York,_Z,Not applicable,FERT_RATIO,Fertility rate,_T,Total,F,Female,BR_L_W,Live births per woman,2011,,1.786,,USA,United States,A,Normal value,0,Units,2,Two
US28,Mississippi,_Z,Not applicable,FERT_RATIO,Fertility rate,_T,Total,F,Female,BR_L_W,Live births per woman,2011,,1.94,,USA,United States,A,Normal value,0,Units,2,Two
US35,New Mexico,_Z,Not applicable,FERT_RATIO,Fertility rate,_T,Total,F,Female,BR_L_W,Live births per woman,2011,,2.0015,,USA,United States,A,Normal value,0,Units,2,Two
US24,Maryland,_Z,Not applicable,FERT_RATIO,Fertility rate,_T,Total,F,Female,BR_L_W,Live births per woman,2011,,1.854,,USA,United States,A,Normal value,0,Units,2,Two
US16,Idaho,_Z,Not applicable,FERT_RATIO,Fertility rate,_T,Total,F,Female,BR_L_W,Live births per woman,2011,,2.1455,,USA,United States,A,Normal value,0,Units,2,Two
US42,Pennsylvania,_Z,Not applicable,FERT_RATIO,Fertility rate,_T,Total,F,Female,BR_L_W,Live births per woman,2011,,1.8,,USA,United States,A,Normal value,0,Units,2,Two
US02,Alaska,_Z,Not applicable,FERT_RATIO,Fertility rate,_T,Total,F,Female,BR_L_W,Live births per woman,2011,,2.277,,USA,United States,A,Normal value,0,Units,2,Two
US09,Connecticut,_Z,Not applicable,FERT_RATIO,Fertility rate,_T,Total,F,Female,BR_L_W,Live births per woman,2011,,1.708,,USA,United States,A,Normal value,0,Units,2,Two
US38,North Dakota,_Z,Not applicable,FERT_RATIO,Fertility rate,_T,Total,F,Female,BR_L_W,Live births per woman,2011,,2.08,,USA,United States,A,Normal value,0,Units,2,Two
US23,Maine,_Z,Not applicable,FERT_RATIO,Fertility rate,_T,Total,F,Female,BR_L_W,Live births per woman,2011,,1.665,,USA,United States,A,Normal value,0,Units,2,Two
US13,Georgia,_Z,Not applicable,FERT_RATIO,Fertility rate,_T,Total,F,Female,BR_L_W,Live births per woman,2011,,1.927,,USA,United States,A,Normal value,0,Units,2,Two
US01,Alabama,_Z,Not applicable,FERT_RATIO,Fertility rate,_T,Total,F,Female,BR_L_W,Live births per woman,2011,,1.8365,,USA,United States,A,Normal value,0,Units,2,Two
US37,North Carolina,_Z,Not applicable,FERT_RATIO,Fertility rate,_T,Total,F,Female,BR_L_W,Live births per woman,2011,,1.86,,USA,United States,A,Normal value,0,Units,2,Two
US32,Nevada,_Z,Not applicable,FERT_RATIO,Fertility rate,_T,Total,F,Female,BR_L_W,Live births per woman,2011,,1.9115,,USA,United States,A,Normal value,0,Units,2,Two
US05,Arkansas,_Z,Not applicable,FERT_RATIO,Fertility rate,_T,Total,F,Female,BR_L_W,Live births per woman,2011,,1.9955,,USA,United States,A,Normal value,0,Units,2,Two
US34,New Jersey,_Z,Not applicable,FERT_RATIO,Fertility rate,_T,Total,F,Female,BR_L_W,Live births per woman,2011,,1.884,,USA,United States,A,Normal value,0,Units,2,Two
US54,West Virginia,_Z,Not applicable,FERT_RATIO,Fertility rate,_T,Total,F,Female,BR_L_W,Live births per woman,2011,,1.8425,,USA,United States,A,Normal value,0,Units,2,Two
US44,Rhode Island,_Z,Not applicable,FERT_RATIO,Fertility rate,_T,Total,F,Female,BR_L_W,Live births per woman,2011,,1.6025,,USA,United States,A,Normal value,0,Units,2,Two
US06,California,_Z,Not applicable,FERT_RATIO,Fertility rate,_T,Total,F,Female,BR_L_W,Live births per woman,2011,,1.9,,USA,United States,A,Normal value,0,Units,2,Two
US18,Indiana,_Z,Not applicable,FERT_RATIO,Fertility rate,_T,Total,F,Female,BR_L_W,Live births per woman,2011,,1.9515,,USA,United States,A,Normal value,0,Units,2,Two
US56,Wyoming,_Z,Not applicable,FERT_RATIO,Fertility rate,_T,Total,F,Female,BR_L_W,Live births per woman,2011,,1.976,,USA,United States,A,Normal value,0,Units,2,Two
US31,Nebraska,_Z,Not applicable,FERT_RATIO,Fertility rate,_T,Total,F,Female,BR_L_W,Live births per woman,2011,,2.112,,USA,United States,A,Normal value,0,Units,2,Two
US29,Missouri,_Z,Not applicable,FERT_RATIO,Fertility rate,_T,Total,F,Female,BR_L_W,Live births per woman,2011,,1.915,,USA,United States,A,Normal value,0,Units,2,Two
US41,Oregon,_Z,Not applicable,FERT_RATIO,Fertility rate,_T,Total,F,Female,BR_L_W,Live births per woman,2011,,1.7565,,USA,United States,A,Normal value,0,Units,2,Two
US53,Washington,_Z,Not applicable,FERT_RATIO,Fertility rate,_T,Total,F,Female,BR_L_W,Live births per woman,2011,,1.886,,USA,United States,A,Normal value,0,Units,2,Two
US12,Florida,_Z,Not applicable,FERT_RATIO,Fertility rate,_T,Total,F,Female,BR_L_W,Live births per woman,2011,,1.799,,USA,United States,A,Normal value,0,Units,2,Two
US08,Colorado,_Z,Not applicable,FERT_RATIO,Fertility rate,_T,Total,F,Female,BR_L_W,Live births per woman,2011,,1.8545,,USA,United States,A,Normal value,0,Units,2,Two
US55,Wisconsin,_Z,Not applicable,FERT_RATIO,Fertility rate,_T,Total,F,Female,BR_L_W,Live births per woman,2011,,1.873,,USA,United States,A,Normal value,0,Units,2,Two
US27,Minnesota,_Z,Not applicable,FERT_RATIO,Fertility rate,_T,Total,F,Female,BR_L_W,Live births per woman,2011,,1.947,,USA,United States,A,Normal value,0,Units,2,Two
US47,Tennessee,_Z,Not applicable,FERT_RATIO,Fertility rate,_T,Total,F,Female,BR_L_W,Live births per woman,2011,,1.866,,USA,United States,A,Normal value,0,Units,2,Two
US21,Kentucky,_Z,Not applicable,FERT_RATIO,Fertility rate,_T,Total,F,Female,BR_L_W,Live births per woman,2011,,1.939,,USA,United States,A,Normal value,0,Units,2,Two
US10,Delaware,_Z,Not applicable,FERT_RATIO,Fertility rate,_T,Total,F,Female,BR_L_W,Live births per woman,2011,,1.9045,,USA,United States,A,Normal value,0,Units,2,Two
US40,Oklahoma,_Z,Not applicable,FERT_RATIO,Fertility rate,_T,Total,F,Female,BR_L_W,Live births per woman,2011,,2.0395,,USA,United States,A,Normal value,0,Units,2,Two
US40,Oklahoma,_Z,Not applicable,FERT_RATIO,Fertility rate,_T,Total,F,Female,BR_L_W,Live births per woman,2012,,2.039,,USA,United States,A,Normal value,0,Units,2,Two
US10,Delaware,_Z,Not applicable,FERT_RATIO,Fertility rate,_T,Total,F,Female,BR_L_W,Live births per woman,2012,,1.8455,,USA,United States,A,Normal value,0,Units,2,Two
US21,Kentucky,_Z,Not applicable,FERT_RATIO,Fertility rate,_T,Total,F,Female,BR_L_W,Live births per woman,2012,,1.9535,,USA,United States,A,Normal value,0,Units,2,Two
US47,Tennessee,_Z,Not applicable,FERT_RATIO,Fertility rate,_T,Total,F,Female,BR_L_W,Live births per woman,2012,,1.866,,USA,United States,A,Normal value,0,Units,2,Two
US27,Minnesota,_Z,Not applicable,FERT_RATIO,Fertility rate,_T,Total,F,Female,BR_L_W,Live births per woman,2012,,1.9425,,USA,United States,A,Normal value,0,Units,2,Two
US08,Colorado,_Z,Not applicable,FERT_RATIO,Fertility rate,_T,Total,F,Female,BR_L_W,Live births per woman,2012,,1.8305,,USA,United States,A,Normal value,0,Units,2,Two
US55,Wisconsin,_Z,Not applicable,FERT_RATIO,Fertility rate,_T,Total,F,Female,BR_L_W,Live births per woman,2012,,1.8565,,USA,United States,A,Normal value,0,Units,2,Two
US12,Florida,_Z,Not applicable,FERT_RATIO,Fertility rate,_T,Total,F,Female,BR_L_W,Live births per woman,2012,,1.7685,,USA,United States,A,Normal value,0,Units,2,Two
US53,Washington,_Z,Not applicable,FERT_RATIO,Fertility rate,_T,Total,F,Female,BR_L_W,Live births per woman,2012,,1.875,,USA,United States,A,Normal value,0,Units,2,Two
US41,Oregon,_Z,Not applicable,FERT_RATIO,Fertility rate,_T,Total,F,Female,BR_L_W,Live births per woman,2012,,1.742,,USA,United States,A,Normal value,0,Units,2,Two
US29,Missouri,_Z,Not applicable,FERT_RATIO,Fertility rate,_T,Total,F,Female,BR_L_W,Live births per woman,2012,,1.892,,USA,United States,A,Normal value,0,Units,2,Two
US31,Nebraska,_Z,Not applicable,FERT_RATIO,Fertility rate,_T,Total,F,Female,BR_L_W,Live births per woman,2012,,2.119,,USA,United States,A,Normal value,0,Units,2,Two
US56,Wyoming,_Z,Not applicable,FERT_RATIO,Fertility rate,_T,Total,F,Female,BR_L_W,Live births per woman,2012,,1.99,,USA,United States,A,Normal value,0,Units,2,Two
US18,Indiana,_Z,Not applicable,FERT_RATIO,Fertility rate,_T,Total,F,Female,BR_L_W,Live births per woman,2012,,1.933,,USA,United States,A,Normal value,0,Units,2,Two
US06,California,_Z,Not applicable,FERT_RATIO,Fertility rate,_T,Total,F,Female,BR_L_W,Live births per woman,2012,,1.891,,USA,United States,A,Normal value,0,Units,2,Two
US44,Rhode Island,_Z,Not applicable,FERT_RATIO,Fertility rate,_T,Total,F,Female,BR_L_W,Live births per woman,2012,,1.5925,,USA,United States,A,Normal value,0,Units,2,Two
US54,West Virginia,_Z,Not applicable,FERT_RATIO,Fertility rate,_T,Total,F,Female,BR_L_W,Live births per woman,2012,,1.8535,,USA,United States,A,Normal value,0,Units,2,Two
US34,New Jersey,_Z,Not applicable,FERT_RATIO,Fertility rate,_T,Total,F,Female,BR_L_W,Live births per woman,2012,,1.8455,,USA,United States,A,Normal value,0,Units,2,Two
US05,Arkansas,_Z,Not applicable,FERT_RATIO,Fertility rate,_T,Total,F,Female,BR_L_W,Live births per woman,2012,,1.969,,USA,United States,A,Normal value,0,Units,2,Two
US32,Nevada,_Z,Not applicable,FERT_RATIO,Fertility rate,_T,Total,F,Female,BR_L_W,Live births per woman,2012,,1.872,,USA,United States,A,Normal value,0,Units,2,Two
US37,North Carolina,_Z,Not applicable,FERT_RATIO,Fertility rate,_T,Total,F,Female,BR_L_W,Live births per woman,2012,,1.8435,,USA,United States,A,Normal value,0,Units,2,Two
US01,Alabama,_Z,Not applicable,FERT_RATIO,Fertility rate,_T,Total,F,Female,BR_L_W,Live births per woman,2012,,1.8065,,USA,United States,A,Normal value,0,Units,2,Two
US13,Georgia,_Z,Not applicable,FERT_RATIO,Fertility rate,_T,Total,F,Female,BR_L_W,Live births per woman,2012,,1.879,,USA,United States,A,Normal value,0,Units,2,Two
US23,Maine,_Z,Not applicable,FERT_RATIO,Fertility rate,_T,Total,F,Female,BR_L_W,Live births per woman,2012,,1.6775,,USA,United States,A,Normal value,0,Units,2,Two
US38,North Dakota,_Z,Not applicable,FERT_RATIO,Fertility rate,_T,Total,F,Female,BR_L_W,Live births per woman,2012,,2.1215,,USA,United States,A,Normal value,0,Units,2,Two
US02,Alaska,_Z,Not applicable,FERT_RATIO,Fertility rate,_T,Total,F,Female,BR_L_W,Live births per woman,2012,,2.185,,USA,United States,A,Normal value,0,Units,2,Two
US42,Pennsylvania,_Z,Not applicable,FERT_RATIO,Fertility rate,_T,Total,F,Female,BR_L_W,Live births per woman,2012,,1.782,,USA,United States,A,Normal value,0,Units,2,Two
US09,Connecticut,_Z,Not applicable,FERT_RATIO,Fertility rate,_T,Total,F,Female,BR_L_W,Live births per woman,2012,,1.6645,,USA,United States,A,Normal value,0,Units,2,Two
US16,Idaho,_Z,Not applicable,FERT_RATIO,Fertility rate,_T,Total,F,Female,BR_L_W,Live births per woman,2012,,2.193,,USA,United States,A,Normal value,0,Units,2,Two
US24,Maryland,_Z,Not applicable,FERT_RATIO,Fertility rate,_T,Total,F,Female,BR_L_W,Live births per woman,2012,,1.828,,USA,United States,A,Normal value,0,Units,2,Two
US35,New Mexico,_Z,Not applicable,FERT_RATIO,Fertility rate,_T,Total,F,Female,BR_L_W,Live births per woman,2012,,1.9805,,USA,United States,A,Normal value,0,Units,2,Two
US28,Mississippi,_Z,Not applicable,FERT_RATIO,Fertility rate,_T,Total,F,Female,BR_L_W,Live births per woman,2012,,1.8855,,USA,United States,A,Normal value,0,Units,2,Two
US36,New York,_Z,Not applicable,FERT_RATIO,Fertility rate,_T,Total,F,Female,BR_L_W,Live births per woman,2012,,1.7725,,USA,United States,A,Normal value,0,Units,2,Two
US04,Arizona,_Z,Not applicable,FERT_RATIO,Fertility rate,_T,Total,F,Female,BR_L_W,Live births per woman,2012,,2.004,,USA,United States,A,Normal value,0,Units,2,Two
US49,Utah,_Z,Not applicable,FERT_RATIO,Fertility rate,_T,Total,F,Female,BR_L_W,Live births per woman,2012,,2.3735,,USA,United States,A,Normal value,0,Units,2,Two
US51,Virginia,_Z,Not applicable,FERT_RATIO,Fertility rate,_T,Total,F,Female,BR_L_W,Live births per woman,2012,,1.837,,USA,United States,A,Normal value,0,Units,2,Two
US22,Louisiana,_Z,Not applicable,FERT_RATIO,Fertility rate,_T,Total,F,Female,BR_L_W,Live births per woman,2012,,1.9225,,USA,United States,A,Normal value,0,Units,2,Two
US50,Vermont,_Z,Not applicable,FERT_RATIO,Fertility rate,_T,Total,F,Female,BR_L_W,Live births per woman,2012,,1.6125,,USA,United States,A,Normal value,0,Units,2,Two
US26,Michigan,_Z,Not applicable,FERT_RATIO,Fertility rate,_T,Total,F,Female,BR_L_W,Live births per woman,2012,,1.824,,USA,United States,A,Normal value,0,Units,2,Two
US33,New Hampshire,_Z,Not applicable,FERT_RATIO,Fertility rate,_T,Total,F,Female,BR_L_W,Live births per woman,2012,,1.605,,USA,United States,A,Normal value,0,Units,2,Two
US48,Texas,_Z,Not applicable,FERT_RATIO,Fertility rate,_T,Total,F,Female,BR_L_W,Live births per woman,2012,,2.075,,USA,United States,A,Normal value,0,Units,2,Two
US19,Iowa,_Z,Not applicable,FERT_RATIO,Fertility rate,_T,Total,F,Female,BR_L_W,Live births per woman,2012,,1.987,,USA,United States,A,Normal value,0,Units,2,Two
US15,Hawaii,_Z,Not applicable,FERT_RATIO,Fertility rate,_T,Total,F,Female,BR_L_W,Live births per woman,2012,,2.095,,USA,United States,A,Normal value,0,Units,2,Two
US20,Kansas,_Z,Not applicable,FERT_RATIO,Fertility rate,_T,Total,F,Female,BR_L_W,Live births per woman,2012,,2.1175,,USA,United States,A,Normal value,0,Units,2,Two
US11,District of Columbia,_Z,Not applicable,FERT_RATIO,Fertility rate,_T,Total,F,Female,BR_L_W,Live births per woman,2012,,1.6075,,USA,United States,A,Normal value,0,Units,2,Two
US25,Massachusetts,_Z,Not applicable,FERT_RATIO,Fertility rate,_T,Total,F,Female,BR_L_W,Live births per woman,2012,,1.6315,,USA,United States,A,Normal value,0,Units,2,Two
US17,Illinois,_Z,Not applicable,FERT_RATIO,Fertility rate,_T,Total,F,Female,BR_L_W,Live births per woman,2012,,1.8165,,USA,United States,A,Normal value,0,Units,2,Two
US39,Ohio,_Z,Not applicable,FERT_RATIO,Fertility rate,_T,Total,F,Female,BR_L_W,Live births per woman,2012,,1.886,,USA,United States,A,Normal value,0,Units,2,Two
US45,South Carolina,_Z,Not applicable,FERT_RATIO,Fertility rate,_T,Total,F,Female,BR_L_W,Live births per woman,2012,,1.8195,,USA,United States,A,Normal value,0,Units,2,Two
US30,Montana,_Z,Not applicable,FERT_RATIO,Fertility rate,_T,Total,F,Female,BR_L_W,Live births per woman,2012,,1.955,,USA,United States,A,Normal value,0,Units,2,Two
US46,South Dakota,_Z,Not applicable,FERT_RATIO,Fertility rate,_T,Total,F,Female,BR_L_W,Live births per woman,2012,,2.269,,USA,United States,A,Normal value,0,Units,2,Two
US46,South Dakota,_Z,Not applicable,FERT_RATIO,Fertility rate,_T,Total,F,Female,BR_L_W,Live births per woman,2013,,2.2725,,USA,United States,A,Normal value,0,Units,2,Two
US30,Montana,_Z,Not applicable,FERT_RATIO,Fertility rate,_T,Total,F,Female,BR_L_W,Live births per woman,2013,,1.9655,,USA,United States,A,Normal value,0,Units,2,Two
US45,South Carolina,_Z,Not applicable,FERT_RATIO,Fertility rate,_T,Total,F,Female,BR_L_W,Live births per woman,2013,,1.795,,USA,United States,A,Normal value,0,Units,2,Two
US39,Ohio,_Z,Not applicable,FERT_RATIO,Fertility rate,_T,Total,F,Female,BR_L_W,Live births per woman,2013,,1.882,,USA,United States,A,Normal value,0,Units,2,Two
US17,Illinois,_Z,Not applicable,FERT_RATIO,Fertility rate,_T,Total,F,Female,BR_L_W,Live births per woman,2013,,1.792,,USA,United States,A,Normal value,0,Units,2,Two
US25,Massachusetts,_Z,Not applicable,FERT_RATIO,Fertility rate,_T,Total,F,Female,BR_L_W,Live births per woman,2013,,1.598,,USA,United States,A,Normal value,0,Units,2,Two
US11,District of Columbia,_Z,Not applicable,FERT_RATIO,Fertility rate,_T,Total,F,Female,BR_L_W,Live births per woman,2013,,1.5285,,USA,United States,A,Normal value,0,Units,2,Two
US20,Kansas,_Z,Not applicable,FERT_RATIO,Fertility rate,_T,Total,F,Female,BR_L_W,Live births per woman,2013,,2.0405,,USA,United States,A,Normal value,0,Units,2,Two
US15,Hawaii,_Z,Not applicable,FERT_RATIO,Fertility rate,_T,Total,F,Female,BR_L_W,Live births per woman,2013,,2.078,,USA,United States,A,Normal value,0,Units,2,Two
US19,Iowa,_Z,Not applicable,FERT_RATIO,Fertility rate,_T,Total,F,Female,BR_L_W,Live births per woman,2013,,1.998,,USA,United States,A,Normal value,0,Units,2,Two
US48,Texas,_Z,Not applicable,FERT_RATIO,Fertility rate,_T,Total,F,Female,BR_L_W,Live births per woman,2013,,2.072,,USA,United States,A,Normal value,0,Units,2,Two
US33,New Hampshire,_Z,Not applicable,FERT_RATIO,Fertility rate,_T,Total,F,Female,BR_L_W,Live births per woman,2013,,1.6045,,USA,United States,A,Normal value,0,Units,2,Two
US26,Michigan,_Z,Not applicable,FERT_RATIO,Fertility rate,_T,Total,F,Female,BR_L_W,Live births per woman,2013,,1.8265,,USA,United States,A,Normal value,0,Units,2,Two
US50,Vermont,_Z,Not applicable,FERT_RATIO,Fertility rate,_T,Total,F,Female,BR_L_W,Live births per woman,2013,,1.5935,,USA,United States,A,Normal value,0,Units,2,Two
US22,Louisiana,_Z,Not applicable,FERT_RATIO,Fertility rate,_T,Total,F,Female,BR_L_W,Live births per woman,2013,,1.927,,USA,United States,A,Normal value,0,Units,2,Two
US51,Virginia,_Z,Not applicable,FERT_RATIO,Fertility rate,_T,Total,F,Female,BR_L_W,Live births per woman,2013,,1.806,,USA,United States,A,Normal value,0,Units,2,Two
US49,Utah,_Z,Not applicable,FERT_RATIO,Fertility rate,_T,Total,F,Female,BR_L_W,Live births per woman,2013,,2.3395,,USA,United States,A,Normal value,0,Units,2,Two
US04,Arizona,_Z,Not applicable,FERT_RATIO,Fertility rate,_T,Total,F,Female,BR_L_W,Live births per woman,2013,,1.971,,USA,United States,A,Normal value,0,Units,2,Two
US36,New York,_Z,Not applicable,FERT_RATIO,Fertility rate,_T,Total,F,Female,BR_L_W,Live births per woman,2013,,1.731,,USA,United States,A,Normal value,0,Units,2,Two
US28,Mississippi,_Z,Not applicable,FERT_RATIO,Fertility rate,_T,Total,F,Female,BR_L_W,Live births per woman,2013,,1.883,,USA,United States,A,Normal value,0,Units,2,Two
US35,New Mexico,_Z,Not applicable,FERT_RATIO,Fertility rate,_T,Total,F,Female,BR_L_W,Live births per woman,2013,,1.927,,USA,United States,A,Normal value,0,Units,2,Two
US24,Maryland,_Z,Not applicable,FERT_RATIO,Fertility rate,_T,Total,F,Female,BR_L_W,Live births per woman,2013,,1.7905,,USA,United States,A,Normal value,0,Units,2,Two
US16,Idaho,_Z,Not applicable,FERT_RATIO,Fertility rate,_T,Total,F,Female,BR_L_W,Live births per woman,2013,,2.13,,USA,United States,A,Normal value,0,Units,2,Two
US42,Pennsylvania,_Z,Not applicable,FERT_RATIO,Fertility rate,_T,Total,F,Female,BR_L_W,Live births per woman,2013,,1.7545,,USA,United States,A,Normal value,0,Units,2,Two
US02,Alaska,_Z,Not applicable,FERT_RATIO,Fertility rate,_T,Total,F,Female,BR_L_W,Live births per woman,2013,,2.219,,USA,United States,A,Normal value,0,Units,2,Two
US09,Connecticut,_Z,Not applicable,FERT_RATIO,Fertility rate,_T,Total,F,Female,BR_L_W,Live births per woman,2013,,1.633,,USA,United States,A,Normal value,0,Units,2,Two
US38,North Dakota,_Z,Not applicable,FERT_RATIO,Fertility rate,_T,Total,F,Female,BR_L_W,Live births per woman,2013,,2.1425,,USA,United States,A,Normal value,0,Units,2,Two
US23,Maine,_Z,Not applicable,FERT_RATIO,Fertility rate,_T,Total,F,Female,BR_L_W,Live births per woman,2013,,1.6725,,USA,United States,A,Normal value,0,Units,2,Two
US13,Georgia,_Z,Not applicable,FERT_RATIO,Fertility rate,_T,Total,F,Female,BR_L_W,Live births per woman,2013,,1.8555,,USA,United States,A,Normal value,0,Units,2,Two
US01,Alabama,_Z,Not applicable,FERT_RATIO,Fertility rate,_T,Total,F,Female,BR_L_W,Live births per woman,2013,,1.7935,,USA,United States,A,Normal value,0,Units,2,Two
US37,North Carolina,_Z,Not applicable,FERT_RATIO,Fertility rate,_T,Total,F,Female,BR_L_W,Live births per woman,2013,,1.82,,USA,United States,A,Normal value,0,Units,2,Two
US32,Nevada,_Z,Not applicable,FERT_RATIO,Fertility rate,_T,Total,F,Female,BR_L_W,Live births per woman,2013,,1.8645,,USA,United States,A,Normal value,0,Units,2,Two
US05,Arkansas,_Z,Not applicable,FERT_RATIO,Fertility rate,_T,Total,F,Female,BR_L_W,Live births per woman,2013,,1.9405,,USA,United States,A,Normal value,0,Units,2,Two
US34,New Jersey,_Z,Not applicable,FERT_RATIO,Fertility rate,_T,Total,F,Female,BR_L_W,Live births per woman,2013,,1.812,,USA,United States,A,Normal value,0,Units,2,Two
US54,West Virginia,_Z,Not applicable,FERT_RATIO,Fertility rate,_T,Total,F,Female,BR_L_W,Live births per woman,2013,,1.8555,,USA,United States,A,Normal value,0,Units,2,Two
US44,Rhode Island,_Z,Not applicable,FERT_RATIO,Fertility rate,_T,Total,F,Female,BR_L_W,Live births per woman,2013,,1.5735,,USA,United States,A,Normal value,0,Units,2,Two
US06,California,_Z,Not applicable,FERT_RATIO,Fertility rate,_T,Total,F,Female,BR_L_W,Live births per woman,2013,,1.8415,,USA,United States,A,Normal value,0,Units,2,Two
US18,Indiana,_Z,Not applicable,FERT_RATIO,Fertility rate,_T,Total,F,Female,BR_L_W,Live births per woman,2013,,1.9185,,USA,United States,A,Normal value,0,Units,2,Two
US56,Wyoming,_Z,Not applicable,FERT_RATIO,Fertility rate,_T,Total,F,Female,BR_L_W,Live births per woman,2013,,1.989,,USA,United States,A,Normal value,0,Units,2,Two
US31,Nebraska,_Z,Not applicable,FERT_RATIO,Fertility rate,_T,Total,F,Female,BR_L_W,Live births per woman,2013,,2.117,,USA,United States,A,Normal value,0,Units,2,Two
US29,Missouri,_Z,Not applicable,FERT_RATIO,Fertility rate,_T,Total,F,Female,BR_L_W,Live births per woman,2013,,1.8805,,USA,United States,A,Normal value,0,Units,2,Two
US41,Oregon,_Z,Not applicable,FERT_RATIO,Fertility rate,_T,Total,F,Female,BR_L_W,Live births per woman,2013,,1.728,,USA,United States,A,Normal value,0,Units,2,Two
US53,Washington,_Z,Not applicable,FERT_RATIO,Fertility rate,_T,Total,F,Female,BR_L_W,Live births per woman,2013,,1.8375,,USA,United States,A,Normal value,0,Units,2,Two
US12,Florida,_Z,Not applicable,FERT_RATIO,Fertility rate,_T,Total,F,Female,BR_L_W,Live births per woman,2013,,1.768,,USA,United States,A,Normal value,0,Units,2,Two
US08,Colorado,_Z,Not applicable,FERT_RATIO,Fertility rate,_T,Total,F,Female,BR_L_W,Live births per woman,2013,,1.7905,,USA,United States,A,Normal value,0,Units,2,Two
US55,Wisconsin,_Z,Not applicable,FERT_RATIO,Fertility rate,_T,Total,F,Female,BR_L_W,Live births per woman,2013,,1.8365,,USA,United States,A,Normal value,0,Units,2,Two
US27,Minnesota,_Z,Not applicable,FERT_RATIO,Fertility rate,_T,Total,F,Female,BR_L_W,Live births per woman,2013,,1.939,,USA,United States,A,Normal value,0,Units,2,Two
US47,Tennessee,_Z,Not applicable,FERT_RATIO,Fertility rate,_T,Total,F,Female,BR_L_W,Live births per woman,2013,,1.85,,USA,United States,A,Normal value,0,Units,2,Two
US21,Kentucky,_Z,Not applicable,FERT_RATIO,Fertility rate,_T,Total,F,Female,BR_L_W,Live births per woman,2013,,1.948,,USA,United States,A,Normal value,0,Units,2,Two
US10,Delaware,_Z,Not applicable,FERT_RATIO,Fertility rate,_T,Total,F,Female,BR_L_W,Live births per woman,2013,,1.7895,,USA,United States,A,Normal value,0,Units,2,Two
US40,Oklahoma,_Z,Not applicable,FERT_RATIO,Fertility rate,_T,Total,F,Female,BR_L_W,Live births per woman,2013,,2.0435,,USA,United States,A,Normal value,0,Units,2,Two
US40,Oklahoma,_Z,Not applicable,FERT_RATIO,Fertility rate,_T,Total,F,Female,BR_L_W,Live births per woman,2014,,2.0255,,USA,United States,A,Normal value,0,Units,2,Two
US21,Kentucky,_Z,Not applicable,FERT_RATIO,Fertility rate,_T,Total,F,Female,BR_L_W,Live births per woman,2014,,1.957,,USA,United States,A,Normal value,0,Units,2,Two
US10,Delaware,_Z,Not applicable,FERT_RATIO,Fertility rate,_T,Total,F,Female,BR_L_W,Live births per woman,2014,,1.791,,USA,United States,A,Normal value,0,Units,2,Two
US47,Tennessee,_Z,Not applicable,FERT_RATIO,Fertility rate,_T,Total,F,Female,BR_L_W,Live births per woman,2014,,1.8665,,USA,United States,A,Normal value,0,Units,2,Two
US27,Minnesota,_Z,Not applicable,FERT_RATIO,Fertility rate,_T,Total,F,Female,BR_L_W,Live births per woman,2014,,1.943,,USA,United States,A,Normal value,0,Units,2,Two
US08,Colorado,_Z,Not applicable,FERT_RATIO,Fertility rate,_T,Total,F,Female,BR_L_W,Live births per woman,2014,,1.7725,,USA,United States,A,Normal value,0,Units,2,Two
US55,Wisconsin,_Z,Not applicable,FERT_RATIO,Fertility rate,_T,Total,F,Female,BR_L_W,Live births per woman,2014,,1.846,,USA,United States,A,Normal value,0,Units,2,Two
US12,Florida,_Z,Not applicable,FERT_RATIO,Fertility rate,_T,Total,F,Female,BR_L_W,Live births per woman,2014,,1.7695,,USA,United States,A,Normal value,0,Units,2,Two
US53,Washington,_Z,Not applicable,FERT_RATIO,Fertility rate,_T,Total,F,Female,BR_L_W,Live births per woman,2014,,1.8475,,USA,United States,A,Normal value,0,Units,2,Two
US41,Oregon,_Z,Not applicable,FERT_RATIO,Fertility rate,_T,Total,F,Female,BR_L_W,Live births per woman,2014,,1.723,,USA,United States,A,Normal value,0,Units,2,Two
US29,Missouri,_Z,Not applicable,FERT_RATIO,Fertility rate,_T,Total,F,Female,BR_L_W,Live births per woman,2014,,1.874,,USA,United States,A,Normal value,0,Units,2,Two
US31,Nebraska,_Z,Not applicable,FERT_RATIO,Fertility rate,_T,Total,F,Female,BR_L_W,Live births per woman,2014,,2.162,,USA,United States,A,Normal value,0,Units,2,Two
US56,Wyoming,_Z,Not applicable,FERT_RATIO,Fertility rate,_T,Total,F,Female,BR_L_W,Live births per woman,2014,,1.991,,USA,United States,A,Normal value,0,Units,2,Two
US18,Indiana,_Z,Not applicable,FERT_RATIO,Fertility rate,_T,Total,F,Female,BR_L_W,Live births per woman,2014,,1.9325,,USA,United States,A,Normal value,0,Units,2,Two
US06,California,_Z,Not applicable,FERT_RATIO,Fertility rate,_T,Total,F,Female,BR_L_W,Live births per woman,2014,,1.841,,USA,United States,A,Normal value,0,Units,2,Two
US44,Rhode Island,_Z,Not applicable,FERT_RATIO,Fertility rate,_T,Total,F,Female,BR_L_W,Live births per woman,2014,,1.559,,USA,United States,A,Normal value,0,Units,2,Two
US54,West Virginia,_Z,Not applicable,FERT_RATIO,Fertility rate,_T,Total,F,Female,BR_L_W,Live births per woman,2014,,1.8135,,USA,United States,A,Normal value,0,Units,2,Two
US34,New Jersey,_Z,Not applicable,FERT_RATIO,Fertility rate,_T,Total,F,Female,BR_L_W,Live births per woman,2014,,1.811,,USA,United States,A,Normal value,0,Units,2,Two
US05,Arkansas,_Z,Not applicable,FERT_RATIO,Fertility rate,_T,Total,F,Female,BR_L_W,Live births per woman,2014,,1.971,,USA,United States,A,Normal value,0,Units,2,Two
US32,Nevada,_Z,Not applicable,FERT_RATIO,Fertility rate,_T,Total,F,Female,BR_L_W,Live births per woman,2014,,1.87,,USA,United States,A,Normal value,0,Units,2,Two
US37,North Carolina,_Z,Not applicable,FERT_RATIO,Fertility rate,_T,Total,F,Female,BR_L_W,Live births per woman,2014,,1.832,,USA,United States,A,Normal value,0,Units,2,Two
US01,Alabama,_Z,Not applicable,FERT_RATIO,Fertility rate,_T,Total,F,Female,BR_L_W,Live births per woman,2014,,1.8255,,USA,United States,A,Normal value,0,Units,2,Two
US13,Georgia,_Z,Not applicable,FERT_RATIO,Fertility rate,_T,Total,F,Female,BR_L_W,Live births per woman,2014,,1.866,,USA,United States,A,Normal value,0,Units,2,Two
US23,Maine,_Z,Not applicable,FERT_RATIO,Fertility rate,_T,Total,F,Female,BR_L_W,Live births per woman,2014,,1.6555,,USA,United States,A,Normal value,0,Units,2,Two
US38,North Dakota,_Z,Not applicable,FERT_RATIO,Fertility rate,_T,Total,F,Female,BR_L_W,Live births per woman,2014,,2.236,,USA,United States,A,Normal value,0,Units,2,Two
US02,Alaska,_Z,Not applicable,FERT_RATIO,Fertility rate,_T,Total,F,Female,BR_L_W,Live births per woman,2014,,2.1885,,USA,United States,A,Normal value,0,Units,2,Two
US42,Pennsylvania,_Z,Not applicable,FERT_RATIO,Fertility rate,_T,Total,F,Female,BR_L_W,Live births per woman,2014,,1.7625,,USA,United States,A,Normal value,0,Units,2,Two
US09,Connecticut,_Z,Not applicable,FERT_RATIO,Fertility rate,_T,Total,F,Female,BR_L_W,Live births per woman,2014,,1.6345,,USA,United States,A,Normal value,0,Units,2,Two
US16,Idaho,_Z,Not applicable,FERT_RATIO,Fertility rate,_T,Total,F,Female,BR_L_W,Live births per woman,2014,,2.1545,,USA,United States,A,Normal value,0,Units,2,Two
US24,Maryland,_Z,Not applicable,FERT_RATIO,Fertility rate,_T,Total,F,Female,BR_L_W,Live births per woman,2014,,1.8185,,USA,United States,A,Normal value,0,Units,2,Two
US35,New Mexico,_Z,Not applicable,FERT_RATIO,Fertility rate,_T,Total,F,Female,BR_L_W,Live births per woman,2014,,1.907,,USA,United States,A,Normal value,0,Units,2,Two
US28,Mississippi,_Z,Not applicable,FERT_RATIO,Fertility rate,_T,Total,F,Female,BR_L_W,Live births per woman,2014,,1.8865,,USA,United States,A,Normal value,0,Units,2,Two
US36,New York,_Z,Not applicable,FERT_RATIO,Fertility rate,_T,Total,F,Female,BR_L_W,Live births per woman,2014,,1.7275,,USA,United States,A,Normal value,0,Units,2,Two
US04,Arizona,_Z,Not applicable,FERT_RATIO,Fertility rate,_T,Total,F,Female,BR_L_W,Live births per woman,2014,,1.971,,USA,United States,A,Normal value,0,Units,2,Two
US49,Utah,_Z,Not applicable,FERT_RATIO,Fertility rate,_T,Total,F,Female,BR_L_W,Live births per woman,2014,,2.3285,,USA,United States,A,Normal value,0,Units,2,Two
US51,Virginia,_Z,Not applicable,FERT_RATIO,Fertility rate,_T,Total,F,Female,BR_L_W,Live births per woman,2014,,1.8105,,USA,United States,A,Normal value,0,Units,2,Two
US22,Louisiana,_Z,Not applicable,FERT_RATIO,Fertility rate,_T,Total,F,Female,BR_L_W,Live births per woman,2014,,1.956,,USA,United States,A,Normal value,0,Units,2,Two
US50,Vermont,_Z,Not applicable,FERT_RATIO,Fertility rate,_T,Total,F,Female,BR_L_W,Live births per woman,2014,,1.634,,USA,United States,A,Normal value,0,Units,2,Two
US26,Michigan,_Z,Not applicable,FERT_RATIO,Fertility rate,_T,Total,F,Female,BR_L_W,Live births per woman,2014,,1.832,,USA,United States,A,Normal value,0,Units,2,Two
US33,New Hampshire,_Z,Not applicable,FERT_RATIO,Fertility rate,_T,Total,F,Female,BR_L_W,Live births per woman,2014,,1.5785,,USA,United States,A,Normal value,0,Units,2,Two
US48,Texas,_Z,Not applicable,FERT_RATIO,Fertility rate,_T,Total,F,Female,BR_L_W,Live births per woman,2014,,2.092,,USA,United States,A,Normal value,0,Units,2,Two
US19,Iowa,_Z,Not applicable,FERT_RATIO,Fertility rate,_T,Total,F,Female,BR_L_W,Live births per woman,2014,,2.019,,USA,United States,A,Normal value,0,Units,2,Two
US15,Hawaii,_Z,Not applicable,FERT_RATIO,Fertility rate,_T,Total,F,Female,BR_L_W,Live births per woman,2014,,1.9985,,USA,United States,A,Normal value,0,Units,2,Two
US20,Kansas,_Z,Not applicable,FERT_RATIO,Fertility rate,_T,Total,F,Female,BR_L_W,Live births per woman,2014,,2.053,,USA,United States,A,Normal value,0,Units,2,Two
US11,District of Columbia,_Z,Not applicable,FERT_RATIO,Fertility rate,_T,Total,F,Female,BR_L_W,Live births per woman,2014,,1.517,,USA,United States,A,Normal value,0,Units,2,Two
US25,Massachusetts,_Z,Not applicable,FERT_RATIO,Fertility rate,_T,Total,F,Female,BR_L_W,Live births per woman,2014,,1.5765,,USA,United States,A,Normal value,0,Units,2,Two
US17,Illinois,_Z,Not applicable,FERT_RATIO,Fertility rate,_T,Total,F,Female,BR_L_W,Live births per woman,2014,,1.8095,,USA,United States,A,Normal value,0,Units,2,Two
US39,Ohio,_Z,Not applicable,FERT_RATIO,Fertility rate,_T,Total,F,Female,BR_L_W,Live births per woman,2014,,1.8805,,USA,United States,A,Normal value,0,Units,2,Two
US45,South Carolina,_Z,Not applicable,FERT_RATIO,Fertility rate,_T,Total,F,Female,BR_L_W,Live births per woman,2014,,1.8005,,USA,United States,A,Normal value,0,Units,2,Two
US30,Montana,_Z,Not applicable,FERT_RATIO,Fertility rate,_T,Total,F,Female,BR_L_W,Live births per woman,2014,,1.9535,,USA,United States,A,Normal value,0,Units,2,Two
US46,South Dakota,_Z,Not applicable,FERT_RATIO,Fertility rate,_T,Total,F,Female,BR_L_W,Live births per woman,2014,,2.268,,USA,United States,A,Normal value,0,Units,2,Two
US46,South Dakota,_Z,Not applicable,FERT_RATIO,Fertility rate,_T,Total,F,Female,BR_L_W,Live births per woman,2015,,2.2725,,USA,United States,A,Normal value,0,Units,2,Two
US30,Montana,_Z,Not applicable,FERT_RATIO,Fertility rate,_T,Total,F,Female,BR_L_W,Live births per woman,2015,,1.9575,,USA,United States,A,Normal value,0,Units,2,Two
US45,South Carolina,_Z,Not applicable,FERT_RATIO,Fertility rate,_T,Total,F,Female,BR_L_W,Live births per woman,2015,,1.7965,,USA,United States,A,Normal value,0,Units,2,Two
US39,Ohio,_Z,Not applicable,FERT_RATIO,Fertility rate,_T,Total,F,Female,BR_L_W,Live births per woman,2015,,1.872,,USA,United States,A,Normal value,0,Units,2,Two
US17,Illinois,_Z,Not applicable,FERT_RATIO,Fertility rate,_T,Total,F,Female,BR_L_W,Live births per woman,2015,,1.813,,USA,United States,A,Normal value,0,Units,2,Two
US25,Massachusetts,_Z,Not applicable,FERT_RATIO,Fertility rate,_T,Total,F,Female,BR_L_W,Live births per woman,2015,,1.551,,USA,United States,A,Normal value,0,Units,2,Two
US11,District of Columbia,_Z,Not applicable,FERT_RATIO,Fertility rate,_T,Total,F,Female,BR_L_W,Live births per woman,2015,,1.4835,,USA,United States,A,Normal value,0,Units,2,Two
US20,Kansas,_Z,Not applicable,FERT_RATIO,Fertility rate,_T,Total,F,Female,BR_L_W,Live births per woman,2015,,2.053,,USA,United States,A,Normal value,0,Units,2,Two
US15,Hawaii,_Z,Not applicable,FERT_RATIO,Fertility rate,_T,Total,F,Female,BR_L_W,Live births per woman,2015,,1.969,,USA,United States,A,Normal value,0,Units,2,Two
US19,Iowa,_Z,Not applicable,FERT_RATIO,Fertility rate,_T,Total,F,Female,BR_L_W,Live births per woman,2015,,2.006,,USA,United States,A,Normal value,0,Units,2,Two
US48,Texas,_Z,Not applicable,FERT_RATIO,Fertility rate,_T,Total,F,Female,BR_L_W,Live births per woman,2015,,2.075,,USA,United States,A,Normal value,0,Units,2,Two
US33,New Hampshire,_Z,Not applicable,FERT_RATIO,Fertility rate,_T,Total,F,Female,BR_L_W,Live births per woman,2015,,1.5905,,USA,United States,A,Normal value,0,Units,2,Two
US26,Michigan,_Z,Not applicable,FERT_RATIO,Fertility rate,_T,Total,F,Female,BR_L_W,Live births per woman,2015,,1.8085,,USA,United States,A,Normal value,0,Units,2,Two
US50,Vermont,_Z,Not applicable,FERT_RATIO,Fertility rate,_T,Total,F,Female,BR_L_W,Live births per woman,2015,,1.581,,USA,United States,A,Normal value,0,Units,2,Two
US22,Louisiana,_Z,Not applicable,FERT_RATIO,Fertility rate,_T,Total,F,Female,BR_L_W,Live births per woman,2015,,1.9625,,USA,United States,A,Normal value,0,Units,2,Two
US51,Virginia,_Z,Not applicable,FERT_RATIO,Fertility rate,_T,Total,F,Female,BR_L_W,Live births per woman,2015,,1.803,,USA,United States,A,Normal value,0,Units,2,Two
US49,Utah,_Z,Not applicable,FERT_RATIO,Fertility rate,_T,Total,F,Female,BR_L_W,Live births per woman,2015,,2.29,,USA,United States,A,Normal value,0,Units,2,Two
US04,Arizona,_Z,Not applicable,FERT_RATIO,Fertility rate,_T,Total,F,Female,BR_L_W,Live births per woman,2015,,1.916,,USA,United States,A,Normal value,0,Units,2,Two
US36,New York,_Z,Not applicable,FERT_RATIO,Fertility rate,_T,Total,F,Female,BR_L_W,Live births per woman,2015,,1.71,,USA,United States,A,Normal value,0,Units,2,Two
US28,Mississippi,_Z,Not applicable,FERT_RATIO,Fertility rate,_T,Total,F,Female,BR_L_W,Live births per woman,2015,,1.876,,USA,United States,A,Normal value,0,Units,2,Two
US35,New Mexico,_Z,Not applicable,FERT_RATIO,Fertility rate,_T,Total,F,Female,BR_L_W,Live births per woman,2015,,1.9015,,USA,United States,A,Normal value,0,Units,2,Two
US24,Maryland,_Z,Not applicable,FERT_RATIO,Fertility rate,_T,Total,F,Female,BR_L_W,Live births per woman,2015,,1.803,,USA,United States,A,Normal value,0,Units,2,Two
US16,Idaho,_Z,Not applicable,FERT_RATIO,Fertility rate,_T,Total,F,Female,BR_L_W,Live births per woman,2015,,2.134,,USA,United States,A,Normal value,0,Units,2,Two
US02,Alaska,_Z,Not applicable,FERT_RATIO,Fertility rate,_T,Total,F,Female,BR_L_W,Live births per woman,2015,,2.172,,USA,United States,A,Normal value,0,Units,2,Two
US09,Connecticut,_Z,Not applicable,FERT_RATIO,Fertility rate,_T,Total,F,Female,BR_L_W,Live births per woman,2015,,1.6095,,USA,United States,A,Normal value,0,Units,2,Two
US42,Pennsylvania,_Z,Not applicable,FERT_RATIO,Fertility rate,_T,Total,F,Female,BR_L_W,Live births per woman,2015,,1.7395,,USA,United States,A,Normal value,0,Units,2,Two
US38,North Dakota,_Z,Not applicable,FERT_RATIO,Fertility rate,_T,Total,F,Female,BR_L_W,Live births per woman,2015,,2.158,,USA,United States,A,Normal value,0,Units,2,Two
US23,Maine,_Z,Not applicable,FERT_RATIO,Fertility rate,_T,Total,F,Female,BR_L_W,Live births per woman,2015,,1.6405,,USA,United States,A,Normal value,0,Units,2,Two
US13,Georgia,_Z,Not applicable,FERT_RATIO,Fertility rate,_T,Total,F,Female,BR_L_W,Live births per woman,2015,,1.8545,,USA,United States,A,Normal value,0,Units,2,Two
US01,Alabama,_Z,Not applicable,FERT_RATIO,Fertility rate,_T,Total,F,Female,BR_L_W,Live births per woman,2015,,1.8335,,USA,United States,A,Normal value,0,Units,2,Two
US37,North Carolina,_Z,Not applicable,FERT_RATIO,Fertility rate,_T,Total,F,Female,BR_L_W,Live births per woman,2015,,1.816,,USA,United States,A,Normal value,0,Units,2,Two
US32,Nevada,_Z,Not applicable,FERT_RATIO,Fertility rate,_T,Total,F,Female,BR_L_W,Live births per woman,2015,,1.8575,,USA,United States,A,Normal value,0,Units,2,Two
US05,Arkansas,_Z,Not applicable,FERT_RATIO,Fertility rate,_T,Total,F,Female,BR_L_W,Live births per woman,2015,,1.9865,,USA,United States,A,Normal value,0,Units,2,Two
US34,New Jersey,_Z,Not applicable,FERT_RATIO,Fertility rate,_T,Total,F,Female,BR_L_W,Live births per woman,2015,,1.8005,,USA,United States,A,Normal value,0,Units,2,Two
US54,West Virginia,_Z,Not applicable,FERT_RATIO,Fertility rate,_T,Total,F,Female,BR_L_W,Live births per woman,2015,,1.783,,USA,United States,A,Normal value,0,Units,2,Two
US44,Rhode Island,_Z,Not applicable,FERT_RATIO,Fertility rate,_T,Total,F,Female,BR_L_W,Live births per woman,2015,,1.5785,,USA,United States,A,Normal value,0,Units,2,Two
US06,California,_Z,Not applicable,FERT_RATIO,Fertility rate,_T,Total,F,Female,BR_L_W,Live births per woman,2015,,1.7855,,USA,United States,A,Normal value,0,Units,2,Two
US18,Indiana,_Z,Not applicable,FERT_RATIO,Fertility rate,_T,Total,F,Female,BR_L_W,Live births per woman,2015,,1.927,,USA,United States,A,Normal value,0,Units,2,Two
US56,Wyoming,_Z,Not applicable,FERT_RATIO,Fertility rate,_T,Total,F,Female,BR_L_W,Live births per woman,2015,,2.01,,USA,United States,A,Normal value,0,Units,2,Two
US31,Nebraska,_Z,Not applicable,FERT_RATIO,Fertility rate,_T,Total,F,Female,BR_L_W,Live births per woman,2015,,2.1515,,USA,United States,A,Normal value,0,Units,2,Two
US29,Missouri,_Z,Not applicable,FERT_RATIO,Fertility rate,_T,Total,F,Female,BR_L_W,Live births per woman,2015,,1.8635,,USA,United States,A,Normal value,0,Units,2,Two
US41,Oregon,_Z,Not applicable,FERT_RATIO,Fertility rate,_T,Total,F,Female,BR_L_W,Live births per woman,2015,,1.6965,,USA,United States,A,Normal value,0,Units,2,Two
US53,Washington,_Z,Not applicable,FERT_RATIO,Fertility rate,_T,Total,F,Female,BR_L_W,Live births per woman,2015,,1.816,,USA,United States,A,Normal value,0,Units,2,Two
US12,Florida,_Z,Not applicable,FERT_RATIO,Fertility rate,_T,Total,F,Female,BR_L_W,Live births per woman,2015,,1.769,,USA,United States,A,Normal value,0,Units,2,Two
US08,Colorado,_Z,Not applicable,FERT_RATIO,Fertility rate,_T,Total,F,Female,BR_L_W,Live births per woman,2015,,1.748,,USA,United States,A,Normal value,0,Units,2,Two
US55,Wisconsin,_Z,Not applicable,FERT_RATIO,Fertility rate,_T,Total,F,Female,BR_L_W,Live births per woman,2015,,1.846,,USA,United States,A,Normal value,0,Units,2,Two
US27,Minnesota,_Z,Not applicable,FERT_RATIO,Fertility rate,_T,Total,F,Female,BR_L_W,Live births per woman,2015,,1.934,,USA,United States,A,Normal value,0,Units,2,Two
US47,Tennessee,_Z,Not applicable,FERT_RATIO,Fertility rate,_T,Total,F,Female,BR_L_W,Live births per woman,2015,,1.853,,USA,United States,A,Normal value,0,Units,2,Two
US21,Kentucky,_Z,Not applicable,FERT_RATIO,Fertility rate,_T,Total,F,Female,BR_L_W,Live births per woman,2015,,1.951,,USA,United States,A,Normal value,0,Units,2,Two
US10,Delaware,_Z,Not applicable,FERT_RATIO,Fertility rate,_T,Total,F,Female,BR_L_W,Live births per woman,2015,,1.8125,,USA,United States,A,Normal value,0,Units,2,Two
US40,Oklahoma,_Z,Not applicable,FERT_RATIO,Fertility rate,_T,Total,F,Female,BR_L_W,Live births per woman,2015,,2.0025,,USA,United States,A,Normal value,0,Units,2,Two
US05,Arkansas,_Z,Not applicable,FERT_RATIO,Fertility rate,Y40T44,From 40 to 44 years,F,Female,BR_L_W,Live births per woman,2016,,0.03,,USA,United States,A,Normal value,0,Units,2,Two
US54,West Virginia,_Z,Not applicable,FERT_RATIO,Fertility rate,Y40T44,From 40 to 44 years,F,Female,BR_L_W,Live births per woman,2016,,0.02,,USA,United States,A,Normal value,0,Units,2,Two
US15,Hawaii,_Z,Not applicable,FERT_RATIO,Fertility rate,Y40T44,From 40 to 44 years,F,Female,BR_L_W,Live births per woman,2016,,0.08,,USA,United States,A,Normal value,0,Units,2,Two
US21,Kentucky,_Z,Not applicable,FERT_RATIO,Fertility rate,Y40T44,From 40 to 44 years,F,Female,BR_L_W,Live births per woman,2016,,0.03,,USA,United States,A,Normal value,0,Units,2,Two
US06,California,_Z,Not applicable,FERT_RATIO,Fertility rate,Y40T44,From 40 to 44 years,F,Female,BR_L_W,Live births per woman,2016,,0.08,,USA,United States,A,Normal value,0,Units,2,Two
US36,New York,_Z,Not applicable,FERT_RATIO,Fertility rate,Y40T44,From 40 to 44 years,F,Female,BR_L_W,Live births per woman,2016,,0.08,,USA,United States,A,Normal value,0,Units,2,Two
US24,Maryland,_Z,Not applicable,FERT_RATIO,Fertility rate,Y40T44,From 40 to 44 years,F,Female,BR_L_W,Live births per woman,2016,,0.07,,USA,United States,A,Normal value,0,Units,2,Two
US09,Connecticut,_Z,Not applicable,FERT_RATIO,Fertility rate,Y40T44,From 40 to 44 years,F,Female,BR_L_W,Live births per woman,2016,,0.07,,USA,United States,A,Normal value,0,Units,2,Two
US34,New Jersey,_Z,Not applicable,FERT_RATIO,Fertility rate,Y40T44,From 40 to 44 years,F,Female,BR_L_W,Live births per woman,2016,,0.07,,USA,United States,A,Normal value,0,Units,2,Two
US25,Massachusetts,_Z,Not applicable,FERT_RATIO,Fertility rate,Y40T44,From 40 to 44 years,F,Female,BR_L_W,Live births per woman,2016,,0.07,,USA,United States,A,Normal value,0,Units,2,Two
US11,District of Columbia,_Z,Not applicable,FERT_RATIO,Fertility rate,Y40T44,From 40 to 44 years,F,Female,BR_L_W,Live births per woman,2016,,0.11,,USA,United States,A,Normal value,0,Units,2,Two
US01,Alabama,_Z,Not applicable,FERT_RATIO,Fertility rate,Y40T44,From 40 to 44 years,F,Female,BR_L_W,Live births per woman,2016,,0.03,,USA,United States,A,Normal value,0,Units,2,Two
US28,Mississippi,_Z,Not applicable,FERT_RATIO,Fertility rate,Y40T44,From 40 to 44 years,F,Female,BR_L_W,Live births per woman,2016,,0.03,,USA,United States,A,Normal value,0,Units,2,Two
US08,Colorado,_Z,Not applicable,FERT_RATIO,Fertility rate,Y40T44,From 40 to 44 years,F,Female,BR_L_W,Live births per woman,2016,,0.06,,USA,United States,A,Normal value,0,Units,2,Two
US41,Oregon,_Z,Not applicable,FERT_RATIO,Fertility rate,Y40T44,From 40 to 44 years,F,Female,BR_L_W,Live births per woman,2016,,0.06,,USA,United States,A,Normal value,0,Units,2,Two
US38,North Dakota,_Z,Not applicable,FERT_RATIO,Fertility rate,Y40T44,From 40 to 44 years,F,Female,BR_L_W,Live births per woman,2016,,0.06,,USA,United States,A,Normal value,0,Units,2,Two
US53,Washington,_Z,Not applicable,FERT_RATIO,Fertility rate,Y40T44,From 40 to 44 years,F,Female,BR_L_W,Live births per woman,2016,,0.06,,USA,United States,A,Normal value,0,Units,2,Two
US17,Illinois,_Z,Not applicable,FERT_RATIO,Fertility rate,Y40T44,From 40 to 44 years,F,Female,BR_L_W,Live births per woman,2016,,0.06,,USA,United States,A,Normal value,0,Units,2,Two
US27,Minnesota,_Z,Not applicable,FERT_RATIO,Fertility rate,Y40T44,From 40 to 44 years,F,Female,BR_L_W,Live births per woman,2016,,0.06,,USA,United States,A,Normal value,0,Units,2,Two
US51,Virginia,_Z,Not applicable,FERT_RATIO,Fertility rate,Y40T44,From 40 to 44 years,F,Female,BR_L_W,Live births per woman,2016,,0.06,,USA,United States,A,Normal value,0,Units,2,Two
US48,Texas,_Z,Not applicable,FERT_RATIO,Fertility rate,Y40T44,From 40 to 44 years,F,Female,BR_L_W,Live births per woman,2016,,0.06,,USA,United States,A,Normal value,0,Units,2,Two
US12,Florida,_Z,Not applicable,FERT_RATIO,Fertility rate,Y40T44,From 40 to 44 years,F,Female,BR_L_W,Live births per woman,2016,,0.06,,USA,United States,A,Normal value,0,Units,2,Two
US49,Utah,_Z,Not applicable,FERT_RATIO,Fertility rate,Y40T44,From 40 to 44 years,F,Female,BR_L_W,Live births per woman,2016,,0.06,,USA,United States,A,Normal value,0,Units,2,Two
US02,Alaska,_Z,Not applicable,FERT_RATIO,Fertility rate,Y40T44,From 40 to 44 years,F,Female,BR_L_W,Live births per woman,2016,,0.06,,USA,United States,A,Normal value,0,Units,2,Two
US32,Nevada,_Z,Not applicable,FERT_RATIO,Fertility rate,Y40T44,From 40 to 44 years,F,Female,BR_L_W,Live births per woman,2016,,0.06,,USA,United States,A,Normal value,0,Units,2,Two
US50,Vermont,_Z,Not applicable,FERT_RATIO,Fertility rate,Y40T44,From 40 to 44 years,F,Female,BR_L_W,Live births per woman,2016,,0.05,,USA,United States,A,Normal value,0,Units,2,Two
US04,Arizona,_Z,Not applicable,FERT_RATIO,Fertility rate,Y40T44,From 40 to 44 years,F,Female,BR_L_W,Live births per woman,2016,,0.05,,USA,United States,A,Normal value,0,Units,2,Two
US44,Rhode Island,_Z,Not applicable,FERT_RATIO,Fertility rate,Y40T44,From 40 to 44 years,F,Female,BR_L_W,Live births per woman,2016,,0.05,,USA,United States,A,Normal value,0,Units,2,Two
US13,Georgia,_Z,Not applicable,FERT_RATIO,Fertility rate,Y40T44,From 40 to 44 years,F,Female,BR_L_W,Live births per woman,2016,,0.05,,USA,United States,A,Normal value,0,Units,2,Two
US30,Montana,_Z,Not applicable,FERT_RATIO,Fertility rate,Y40T44,From 40 to 44 years,F,Female,BR_L_W,Live births per woman,2016,,0.05,,USA,United States,A,Normal value,0,Units,2,Two
US42,Pennsylvania,_Z,Not applicable,FERT_RATIO,Fertility rate,Y40T44,From 40 to 44 years,F,Female,BR_L_W,Live births per woman,2016,,0.05,,USA,United States,A,Normal value,0,Units,2,Two
US16,Idaho,_Z,Not applicable,FERT_RATIO,Fertility rate,Y40T44,From 40 to 44 years,F,Female,BR_L_W,Live births per woman,2016,,0.05,,USA,United States,A,Normal value,0,Units,2,Two
US35,New Mexico,_Z,Not applicable,FERT_RATIO,Fertility rate,Y40T44,From 40 to 44 years,F,Female,BR_L_W,Live births per woman,2016,,0.05,,USA,United States,A,Normal value,0,Units,2,Two
US10,Delaware,_Z,Not applicable,FERT_RATIO,Fertility rate,Y40T44,From 40 to 44 years,F,Female,BR_L_W,Live births per woman,2016,,0.05,,USA,United States,A,Normal value,0,Units,2,Two
US46,South Dakota,_Z,Not applicable,FERT_RATIO,Fertility rate,Y40T44,From 40 to 44 years,F,Female,BR_L_W,Live births per woman,2016,,0.05,,USA,United States,A,Normal value,0,Units,2,Two
US31,Nebraska,_Z,Not applicable,FERT_RATIO,Fertility rate,Y40T44,From 40 to 44 years,F,Female,BR_L_W,Live births per woman,2016,,0.05,,USA,United States,A,Normal value,0,Units,2,Two
US37,North Carolina,_Z,Not applicable,FERT_RATIO,Fertility rate,Y40T44,From 40 to 44 years,F,Female,BR_L_W,Live births per woman,2016,,0.05,,USA,United States,A,Normal value,0,Units,2,Two
US23,Maine,_Z,Not applicable,FERT_RATIO,Fertility rate,Y40T44,From 40 to 44 years,F,Female,BR_L_W,Live births per woman,2016,,0.04,,USA,United States,A,Normal value,0,Units,2,Two
US40,Oklahoma,_Z,Not applicable,FERT_RATIO,Fertility rate,Y40T44,From 40 to 44 years,F,Female,BR_L_W,Live births per woman,2016,,0.04,,USA,United States,A,Normal value,0,Units,2,Two
US19,Iowa,_Z,Not applicable,FERT_RATIO,Fertility rate,Y40T44,From 40 to 44 years,F,Female,BR_L_W,Live births per woman,2016,,0.04,,USA,United States,A,Normal value,0,Units,2,Two
US33,New Hampshire,_Z,Not applicable,FERT_RATIO,Fertility rate,Y40T44,From 40 to 44 years,F,Female,BR_L_W,Live births per woman,2016,,0.04,,USA,United States,A,Normal value,0,Units,2,Two
US45,South Carolina,_Z,Not applicable,FERT_RATIO,Fertility rate,Y40T44,From 40 to 44 years,F,Female,BR_L_W,Live births per woman,2016,,0.04,,USA,United States,A,Normal value,0,Units,2,Two
US56,Wyoming,_Z,Not applicable,FERT_RATIO,Fertility rate,Y40T44,From 40 to 44 years,F,Female,BR_L_W,Live births per woman,2016,,0.04,,USA,United States,A,Normal value,0,Units,2,Two
US47,Tennessee,_Z,Not applicable,FERT_RATIO,Fertility rate,Y40T44,From 40 to 44 years,F,Female,BR_L_W,Live births per woman,2016,,0.04,,USA,United States,A,Normal value,0,Units,2,Two
US39,Ohio,_Z,Not applicable,FERT_RATIO,Fertility rate,Y40T44,From 40 to 44 years,F,Female,BR_L_W,Live births per woman,2016,,0.04,,USA,United States,A,Normal value,0,Units,2,Two
US18,Indiana,_Z,Not applicable,FERT_RATIO,Fertility rate,Y40T44,From 40 to 44 years,F,Female,BR_L_W,Live births per woman,2016,,0.04,,USA,United States,A,Normal value,0,Units,2,Two
US55,Wisconsin,_Z,Not applicable,FERT_RATIO,Fertility rate,Y40T44,From 40 to 44 years,F,Female,BR_L_W,Live births per woman,2016,,0.04,,USA,United States,A,Normal value,0,Units,2,Two
US26,Michigan,_Z,Not applicable,FERT_RATIO,Fertility rate,Y40T44,From 40 to 44 years,F,Female,BR_L_W,Live births per woman,2016,,0.04,,USA,United States,A,Normal value,0,Units,2,Two
US29,Missouri,_Z,Not applicable,FERT_RATIO,Fertility rate,Y40T44,From 40 to 44 years,F,Female,BR_L_W,Live births per woman,2016,,0.04,,USA,United States,A,Normal value,0,Units,2,Two
US22,Louisiana,_Z,Not applicable,FERT_RATIO,Fertility rate,Y40T44,From 40 to 44 years,F,Female,BR_L_W,Live births per woman,2016,,0.04,,USA,United States,A,Normal value,0,Units,2,Two
US20,Kansas,_Z,Not applicable,FERT_RATIO,Fertility rate,Y40T44,From 40 to 44 years,F,Female,BR_L_W,Live births per woman,2016,,0.04,,USA,United States,A,Normal value,0,Units,2,Two
US44,Rhode Island,_Z,Not applicable,FERT_RATIO,Fertility rate,Y25T29,From 25 to 29 years,F,Female,BR_L_W,Live births per woman,2016,,0.42,,USA,United States,A,Normal value,0,Units,2,Two
US04,Arizona,_Z,Not applicable,FERT_RATIO,Fertility rate,Y25T29,From 25 to 29 years,F,Female,BR_L_W,Live births per woman,2016,,0.54,,USA,United States,A,Normal value,0,Units,2,Two
US10,Delaware,_Z,Not applicable,FERT_RATIO,Fertility rate,Y25T29,From 25 to 29 years,F,Female,BR_L_W,Live births per woman,2016,,0.49,,USA,United States,A,Normal value,0,Units,2,Two
US55,Wisconsin,_Z,Not applicable,FERT_RATIO,Fertility rate,Y25T29,From 25 to 29 years,F,Female,BR_L_W,Live births per woman,2016,,0.61,,USA,United States,A,Normal value,0,Units,2,Two
US09,Connecticut,_Z,Not applicable,FERT_RATIO,Fertility rate,Y25T29,From 25 to 29 years,F,Female,BR_L_W,Live births per woman,2016,,0.44,,USA,United States,A,Normal value,0,Units,2,Two
US21,Kentucky,_Z,Not applicable,FERT_RATIO,Fertility rate,Y25T29,From 25 to 29 years,F,Female,BR_L_W,Live births per woman,2016,,0.58,,USA,United States,A,Normal value,0,Units,2,Two
US29,Missouri,_Z,Not applicable,FERT_RATIO,Fertility rate,Y25T29,From 25 to 29 years,F,Female,BR_L_W,Live births per woman,2016,,0.57,,USA,United States,A,Normal value,0,Units,2,Two
US53,Washington,_Z,Not applicable,FERT_RATIO,Fertility rate,Y25T29,From 25 to 29 years,F,Female,BR_L_W,Live births per woman,2016,,0.5,,USA,United States,A,Normal value,0,Units,2,Two
US39,Ohio,_Z,Not applicable,FERT_RATIO,Fertility rate,Y25T29,From 25 to 29 years,F,Female,BR_L_W,Live births per woman,2016,,0.55,,USA,United States,A,Normal value,0,Units,2,Two
US56,Wyoming,_Z,Not applicable,FERT_RATIO,Fertility rate,Y25T29,From 25 to 29 years,F,Female,BR_L_W,Live births per woman,2016,,0.6,,USA,United States,A,Normal value,0,Units,2,Two
US02,Alaska,_Z,Not applicable,FERT_RATIO,Fertility rate,Y25T29,From 25 to 29 years,F,Female,BR_L_W,Live births per woman,2016,,0.61,,USA,United States,A,Normal value,0,Units,2,Two
US40,Oklahoma,_Z,Not applicable,FERT_RATIO,Fertility rate,Y25T29,From 25 to 29 years,F,Female,BR_L_W,Live births per woman,2016,,0.6,,USA,United States,A,Normal value,0,Units,2,Two
US42,Pennsylvania,_Z,Not applicable,FERT_RATIO,Fertility rate,Y25T29,From 25 to 29 years,F,Female,BR_L_W,Live births per woman,2016,,0.49,,USA,United States,A,Normal value,0,Units,2,Two
US18,Indiana,_Z,Not applicable,FERT_RATIO,Fertility rate,Y25T29,From 25 to 29 years,F,Female,BR_L_W,Live births per woman,2016,,0.6,,USA,United States,A,Normal value,0,Units,2,Two
US08,Colorado,_Z,Not applicable,FERT_RATIO,Fertility rate,Y25T29,From 25 to 29 years,F,Female,BR_L_W,Live births per woman,2016,,0.46,,USA,United States,A,Normal value,0,Units,2,Two
US23,Maine,_Z,Not applicable,FERT_RATIO,Fertility rate,Y25T29,From 25 to 29 years,F,Female,BR_L_W,Live births per woman,2016,,0.51,,USA,United States,A,Normal value,0,Units,2,Two
US48,Texas,_Z,Not applicable,FERT_RATIO,Fertility rate,Y25T29,From 25 to 29 years,F,Female,BR_L_W,Live births per woman,2016,,0.56,,USA,United States,A,Normal value,0,Units,2,Two
US46,South Dakota,_Z,Not applicable,FERT_RATIO,Fertility rate,Y25T29,From 25 to 29 years,F,Female,BR_L_W,Live births per woman,2016,,0.78,,USA,United States,A,Normal value,0,Units,2,Two
US13,Georgia,_Z,Not applicable,FERT_RATIO,Fertility rate,Y25T29,From 25 to 29 years,F,Female,BR_L_W,Live births per woman,2016,,0.52,,USA,United States,A,Normal value,0,Units,2,Two
US34,New Jersey,_Z,Not applicable,FERT_RATIO,Fertility rate,Y25T29,From 25 to 29 years,F,Female,BR_L_W,Live births per woman,2016,,0.46,,USA,United States,A,Normal value,0,Units,2,Two
US25,Massachusetts,_Z,Not applicable,FERT_RATIO,Fertility rate,Y25T29,From 25 to 29 years,F,Female,BR_L_W,Live births per woman,2016,,0.36,,USA,United States,A,Normal value,0,Units,2,Two
US01,Alabama,_Z,Not applicable,FERT_RATIO,Fertility rate,Y25T29,From 25 to 29 years,F,Female,BR_L_W,Live births per woman,2016,,0.56,,USA,United States,A,Normal value,0,Units,2,Two
US24,Maryland,_Z,Not applicable,FERT_RATIO,Fertility rate,Y25T29,From 25 to 29 years,F,Female,BR_L_W,Live births per woman,2016,,0.48,,USA,United States,A,Normal value,0,Units,2,Two
US45,South Carolina,_Z,Not applicable,FERT_RATIO,Fertility rate,Y25T29,From 25 to 29 years,F,Female,BR_L_W,Live births per woman,2016,,0.51,,USA,United States,A,Normal value,0,Units,2,Two
US05,Arkansas,_Z,Not applicable,FERT_RATIO,Fertility rate,Y25T29,From 25 to 29 years,F,Female,BR_L_W,Live births per woman,2016,,0.59,,USA,United States,A,Normal value,0,Units,2,Two
US32,Nevada,_Z,Not applicable,FERT_RATIO,Fertility rate,Y25T29,From 25 to 29 years,F,Female,BR_L_W,Live births per woman,2016,,0.5,,USA,United States,A,Normal value,0,Units,2,Two
US33,New Hampshire,_Z,Not applicable,FERT_RATIO,Fertility rate,Y25T29,From 25 to 29 years,F,Female,BR_L_W,Live births per woman,2016,,0.46,,USA,United States,A,Normal value,0,Units,2,Two
US20,Kansas,_Z,Not applicable,FERT_RATIO,Fertility rate,Y25T29,From 25 to 29 years,F,Female,BR_L_W,Live births per woman,2016,,0.64,,USA,United States,A,Normal value,0,Units,2,Two
US22,Louisiana,_Z,Not applicable,FERT_RATIO,Fertility rate,Y25T29,From 25 to 29 years,F,Female,BR_L_W,Live births per woman,2016,,0.57,,USA,United States,A,Normal value,0,Units,2,Two
US06,California,_Z,Not applicable,FERT_RATIO,Fertility rate,Y25T29,From 25 to 29 years,F,Female,BR_L_W,Live births per woman,2016,,0.44,,USA,United States,A,Normal value,0,Units,2,Two
US50,Vermont,_Z,Not applicable,FERT_RATIO,Fertility rate,Y25T29,From 25 to 29 years,F,Female,BR_L_W,Live births per woman,2016,,0.46,,USA,United States,A,Normal value,0,Units,2,Two
US38,North Dakota,_Z,Not applicable,FERT_RATIO,Fertility rate,Y25T29,From 25 to 29 years,F,Female,BR_L_W,Live births per woman,2016,,0.76,,USA,United States,A,Normal value,0,Units,2,Two
US51,Virginia,_Z,Not applicable,FERT_RATIO,Fertility rate,Y25T29,From 25 to 29 years,F,Female,BR_L_W,Live births per woman,2016,,0.5,,USA,United States,A,Normal value,0,Units,2,Two
US19,Iowa,_Z,Not applicable,FERT_RATIO,Fertility rate,Y25T29,From 25 to 29 years,F,Female,BR_L_W,Live births per woman,2016,,0.7,,USA,United States,A,Normal value,0,Units,2,Two
US47,Tennessee,_Z,Not applicable,FERT_RATIO,Fertility rate,Y25T29,From 25 to 29 years,F,Female,BR_L_W,Live births per woman,2016,,0.53,,USA,United States,A,Normal value,0,Units,2,Two
US27,Minnesota,_Z,Not applicable,FERT_RATIO,Fertility rate,Y25T29,From 25 to 29 years,F,Female,BR_L_W,Live births per woman,2016,,0.6,,USA,United States,A,Normal value,0,Units,2,Two
US35,New Mexico,_Z,Not applicable,FERT_RATIO,Fertility rate,Y25T29,From 25 to 29 years,F,Female,BR_L_W,Live births per woman,2016,,0.53,,USA,United States,A,Normal value,0,Units,2,Two
US37,North Carolina,_Z,Not applicable,FERT_RATIO,Fertility rate,Y25T29,From 25 to 29 years,F,Female,BR_L_W,Live births per woman,2016,,0.52,,USA,United States,A,Normal value,0,Units,2,Two
US26,Michigan,_Z,Not applicable,FERT_RATIO,Fertility rate,Y25T29,From 25 to 29 years,F,Female,BR_L_W,Live births per woman,2016,,0.55,,USA,United States,A,Normal value,0,Units,2,Two
US17,Illinois,_Z,Not applicable,FERT_RATIO,Fertility rate,Y25T29,From 25 to 29 years,F,Female,BR_L_W,Live births per woman,2016,,0.48,,USA,United States,A,Normal value,0,Units,2,Two
US28,Mississippi,_Z,Not applicable,FERT_RATIO,Fertility rate,Y25T29,From 25 to 29 years,F,Female,BR_L_W,Live births per woman,2016,,0.57,,USA,United States,A,Normal value,0,Units,2,Two
US31,Nebraska,_Z,Not applicable,FERT_RATIO,Fertility rate,Y25T29,From 25 to 29 years,F,Female,BR_L_W,Live births per woman,2016,,0.73,,USA,United States,A,Normal value,0,Units,2,Two
US54,West Virginia,_Z,Not applicable,FERT_RATIO,Fertility rate,Y25T29,From 25 to 29 years,F,Female,BR_L_W,Live births per woman,2016,,0.54,,USA,United States,A,Normal value,0,Units,2,Two
US36,New York,_Z,Not applicable,FERT_RATIO,Fertility rate,Y25T29,From 25 to 29 years,F,Female,BR_L_W,Live births per woman,2016,,0.42,,USA,United States,A,Normal value,0,Units,2,Two
US16,Idaho,_Z,Not applicable,FERT_RATIO,Fertility rate,Y25T29,From 25 to 29 years,F,Female,BR_L_W,Live births per woman,2016,,0.65,,USA,United States,A,Normal value,0,Units,2,Two
US12,Florida,_Z,Not applicable,FERT_RATIO,Fertility rate,Y25T29,From 25 to 29 years,F,Female,BR_L_W,Live births per woman,2016,,0.49,,USA,United States,A,Normal value,0,Units,2,Two
US41,Oregon,_Z,Not applicable,FERT_RATIO,Fertility rate,Y25T29,From 25 to 29 years,F,Female,BR_L_W,Live births per woman,2016,,0.47,,USA,United States,A,Normal value,0,Units,2,Two
US49,Utah,_Z,Not applicable,FERT_RATIO,Fertility rate,Y25T29,From 25 to 29 years,F,Female,BR_L_W,Live births per woman,2016,,0.76,,USA,United States,A,Normal value,0,Units,2,Two
US15,Hawaii,_Z,Not applicable,FERT_RATIO,Fertility rate,Y25T29,From 25 to 29 years,F,Female,BR_L_W,Live births per woman,2016,,0.51,,USA,United States,A,Normal value,0,Units,2,Two
US30,Montana,_Z,Not applicable,FERT_RATIO,Fertility rate,Y25T29,From 25 to 29 years,F,Female,BR_L_W,Live births per woman,2016,,0.59,,USA,United States,A,Normal value,0,Units,2,Two
US11,District of Columbia,_Z,Not applicable,FERT_RATIO,Fertility rate,Y25T29,From 25 to 29 years,F,Female,BR_L_W,Live births per woman,2016,,0.25,,USA,United States,A,Normal value,0,Units,2,Two
US31,Nebraska,_Z,Not applicable,FERT_RATIO,Fertility rate,Y35T39,From 35 to 39 years,F,Female,BR_L_W,Live births per woman,2016,,0.27,,USA,United States,A,Normal value,0,Units,2,Two
US25,Massachusetts,_Z,Not applicable,FERT_RATIO,Fertility rate,Y35T39,From 35 to 39 years,F,Female,BR_L_W,Live births per woman,2016,,0.33,,USA,United States,A,Normal value,0,Units,2,Two
US39,Ohio,_Z,Not applicable,FERT_RATIO,Fertility rate,Y35T39,From 35 to 39 years,F,Female,BR_L_W,Live births per woman,2016,,0.22,,USA,United States,A,Normal value,0,Units,2,Two
US27,Minnesota,_Z,Not applicable,FERT_RATIO,Fertility rate,Y35T39,From 35 to 39 years,F,Female,BR_L_W,Live births per woman,2016,,0.29,,USA,United States,A,Normal value,0,Units,2,Two
US41,Oregon,_Z,Not applicable,FERT_RATIO,Fertility rate,Y35T39,From 35 to 39 years,F,Female,BR_L_W,Live births per woman,2016,,0.25,,USA,United States,A,Normal value,0,Units,2,Two
US33,New Hampshire,_Z,Not applicable,FERT_RATIO,Fertility rate,Y35T39,From 35 to 39 years,F,Female,BR_L_W,Live births per woman,2016,,0.25,,USA,United States,A,Normal value,0,Units,2,Two
US37,North Carolina,_Z,Not applicable,FERT_RATIO,Fertility rate,Y35T39,From 35 to 39 years,F,Female,BR_L_W,Live births per woman,2016,,0.23,,USA,United States,A,Normal value,0,Units,2,Two
US56,Wyoming,_Z,Not applicable,FERT_RATIO,Fertility rate,Y35T39,From 35 to 39 years,F,Female,BR_L_W,Live births per woman,2016,,0.2,,USA,United States,A,Normal value,0,Units,2,Two
US38,North Dakota,_Z,Not applicable,FERT_RATIO,Fertility rate,Y35T39,From 35 to 39 years,F,Female,BR_L_W,Live births per woman,2016,,0.26,,USA,United States,A,Normal value,0,Units,2,Two
US13,Georgia,_Z,Not applicable,FERT_RATIO,Fertility rate,Y35T39,From 35 to 39 years,F,Female,BR_L_W,Live births per woman,2016,,0.23,,USA,United States,A,Normal value,0,Units,2,Two
US05,Arkansas,_Z,Not applicable,FERT_RATIO,Fertility rate,Y35T39,From 35 to 39 years,F,Female,BR_L_W,Live births per woman,2016,,0.17,,USA,United States,A,Normal value,0,Units,2,Two
US08,Colorado,_Z,Not applicable,FERT_RATIO,Fertility rate,Y35T39,From 35 to 39 years,F,Female,BR_L_W,Live births per woman,2016,,0.27,,USA,United States,A,Normal value,0,Units,2,Two
US24,Maryland,_Z,Not applicable,FERT_RATIO,Fertility rate,Y35T39,From 35 to 39 years,F,Female,BR_L_W,Live births per woman,2016,,0.32,,USA,United States,A,Normal value,0,Units,2,Two
US11,District of Columbia,_Z,Not applicable,FERT_RATIO,Fertility rate,Y35T39,From 35 to 39 years,F,Female,BR_L_W,Live births per woman,2016,,0.36,,USA,United States,A,Normal value,0,Units,2,Two
US01,Alabama,_Z,Not applicable,FERT_RATIO,Fertility rate,Y35T39,From 35 to 39 years,F,Female,BR_L_W,Live births per woman,2016,,0.18,,USA,United States,A,Normal value,0,Units,2,Two
US26,Michigan,_Z,Not applicable,FERT_RATIO,Fertility rate,Y35T39,From 35 to 39 years,F,Female,BR_L_W,Live births per woman,2016,,0.23,,USA,United States,A,Normal value,0,Units,2,Two
US44,Rhode Island,_Z,Not applicable,FERT_RATIO,Fertility rate,Y35T39,From 35 to 39 years,F,Female,BR_L_W,Live births per woman,2016,,0.27,,USA,United States,A,Normal value,0,Units,2,Two
US54,West Virginia,_Z,Not applicable,FERT_RATIO,Fertility rate,Y35T39,From 35 to 39 years,F,Female,BR_L_W,Live births per woman,2016,,0.15,,USA,United States,A,Normal value,0,Units,2,Two
US12,Florida,_Z,Not applicable,FERT_RATIO,Fertility rate,Y35T39,From 35 to 39 years,F,Female,BR_L_W,Live births per woman,2016,,0.25,,USA,United States,A,Normal value,0,Units,2,Two
US02,Alaska,_Z,Not applicable,FERT_RATIO,Fertility rate,Y35T39,From 35 to 39 years,F,Female,BR_L_W,Live births per woman,2016,,0.28,,USA,United States,A,Normal value,0,Units,2,Two
US16,Idaho,_Z,Not applicable,FERT_RATIO,Fertility rate,Y35T39,From 35 to 39 years,F,Female,BR_L_W,Live births per woman,2016,,0.22,,USA,United States,A,Normal value,0,Units,2,Two
US47,Tennessee,_Z,Not applicable,FERT_RATIO,Fertility rate,Y35T39,From 35 to 39 years,F,Female,BR_L_W,Live births per woman,2016,,0.2,,USA,United States,A,Normal value,0,Units,2,Two
US29,Missouri,_Z,Not applicable,FERT_RATIO,Fertility rate,Y35T39,From 35 to 39 years,F,Female,BR_L_W,Live births per woman,2016,,0.21,,USA,United States,A,Normal value,0,Units,2,Two
US45,South Carolina,_Z,Not applicable,FERT_RATIO,Fertility rate,Y35T39,From 35 to 39 years,F,Female,BR_L_W,Live births per woman,2016,,0.21,,USA,United States,A,Normal value,0,Units,2,Two
US53,Washington,_Z,Not applicable,FERT_RATIO,Fertility rate,Y35T39,From 35 to 39 years,F,Female,BR_L_W,Live births per woman,2016,,0.28,,USA,United States,A,Normal value,0,Units,2,Two
US51,Virginia,_Z,Not applicable,FERT_RATIO,Fertility rate,Y35T39,From 35 to 39 years,F,Female,BR_L_W,Live births per woman,2016,,0.29,,USA,United States,A,Normal value,0,Units,2,Two
US04,Arizona,_Z,Not applicable,FERT_RATIO,Fertility rate,Y35T39,From 35 to 39 years,F,Female,BR_L_W,Live births per woman,2016,,0.24,,USA,United States,A,Normal value,0,Units,2,Two
US42,Pennsylvania,_Z,Not applicable,FERT_RATIO,Fertility rate,Y35T39,From 35 to 39 years,F,Female,BR_L_W,Live births per woman,2016,,0.25,,USA,United States,A,Normal value,0,Units,2,Two
US15,Hawaii,_Z,Not applicable,FERT_RATIO,Fertility rate,Y35T39,From 35 to 39 years,F,Female,BR_L_W,Live births per woman,2016,,0.32,,USA,United States,A,Normal value,0,Units,2,Two
US09,Connecticut,_Z,Not applicable,FERT_RATIO,Fertility rate,Y35T39,From 35 to 39 years,F,Female,BR_L_W,Live births per woman,2016,,0.31,,USA,United States,A,Normal value,0,Units,2,Two
US06,California,_Z,Not applicable,FERT_RATIO,Fertility rate,Y35T39,From 35 to 39 years,F,Female,BR_L_W,Live births per woman,2016,,0.32,,USA,United States,A,Normal value,0,Units,2,Two
US18,Indiana,_Z,Not applicable,FERT_RATIO,Fertility rate,Y35T39,From 35 to 39 years,F,Female,BR_L_W,Live births per woman,2016,,0.21,,USA,United States,A,Normal value,0,Units,2,Two
US49,Utah,_Z,Not applicable,FERT_RATIO,Fertility rate,Y35T39,From 35 to 39 years,F,Female,BR_L_W,Live births per woman,2016,,0.28,,USA,United States,A,Normal value,0,Units,2,Two
US46,South Dakota,_Z,Not applicable,FERT_RATIO,Fertility rate,Y35T39,From 35 to 39 years,F,Female,BR_L_W,Live births per woman,2016,,0.24,,USA,United States,A,Normal value,0,Units,2,Two
US21,Kentucky,_Z,Not applicable,FERT_RATIO,Fertility rate,Y35T39,From 35 to 39 years,F,Female,BR_L_W,Live births per woman,2016,,0.19,,USA,United States,A,Normal value,0,Units,2,Two
US36,New York,_Z,Not applicable,FERT_RATIO,Fertility rate,Y35T39,From 35 to 39 years,F,Female,BR_L_W,Live births per woman,2016,,0.33,,USA,United States,A,Normal value,0,Units,2,Two
US55,Wisconsin,_Z,Not applicable,FERT_RATIO,Fertility rate,Y35T39,From 35 to 39 years,F,Female,BR_L_W,Live births per woman,2016,,0.24,,USA,United States,A,Normal value,0,Units,2,Two
US50,Vermont,_Z,Not applicable,FERT_RATIO,Fertility rate,Y35T39,From 35 to 39 years,F,Female,BR_L_W,Live births per woman,2016,,0.26,,USA,United States,A,Normal value,0,Units,2,Two
US35,New Mexico,_Z,Not applicable,FERT_RATIO,Fertility rate,Y35T39,From 35 to 39 years,F,Female,BR_L_W,Live births per woman,2016,,0.21,,USA,United States,A,Normal value,0,Units,2,Two
US30,Montana,_Z,Not applicable,FERT_RATIO,Fertility rate,Y35T39,From 35 to 39 years,F,Female,BR_L_W,Live births per woman,2016,,0.23,,USA,United States,A,Normal value,0,Units,2,Two
US28,Mississippi,_Z,Not applicable,FERT_RATIO,Fertility rate,Y35T39,From 35 to 39 years,F,Female,BR_L_W,Live births per woman,2016,,0.16,,USA,United States,A,Normal value,0,Units,2,Two
US48,Texas,_Z,Not applicable,FERT_RATIO,Fertility rate,Y35T39,From 35 to 39 years,F,Female,BR_L_W,Live births per woman,2016,,0.25,,USA,United States,A,Normal value,0,Units,2,Two
US19,Iowa,_Z,Not applicable,FERT_RATIO,Fertility rate,Y35T39,From 35 to 39 years,F,Female,BR_L_W,Live births per woman,2016,,0.22,,USA,United States,A,Normal value,0,Units,2,Two
US40,Oklahoma,_Z,Not applicable,FERT_RATIO,Fertility rate,Y35T39,From 35 to 39 years,F,Female,BR_L_W,Live births per woman,2016,,0.19,,USA,United States,A,Normal value,0,Units,2,Two
US10,Delaware,_Z,Not applicable,FERT_RATIO,Fertility rate,Y35T39,From 35 to 39 years,F,Female,BR_L_W,Live births per woman,2016,,0.26,,USA,United States,A,Normal value,0,Units,2,Two
US22,Louisiana,_Z,Not applicable,FERT_RATIO,Fertility rate,Y35T39,From 35 to 39 years,F,Female,BR_L_W,Live births per woman,2016,,0.2,,USA,United States,A,Normal value,0,Units,2,Two
US20,Kansas,_Z,Not applicable,FERT_RATIO,Fertility rate,Y35T39,From 35 to 39 years,F,Female,BR_L_W,Live births per woman,2016,,0.23,,USA,United States,A,Normal value,0,Units,2,Two
US32,Nevada,_Z,Not applicable,FERT_RATIO,Fertility rate,Y35T39,From 35 to 39 years,F,Female,BR_L_W,Live births per woman,2016,,0.25,,USA,United States,A,Normal value,0,Units,2,Two
US34,New Jersey,_Z,Not applicable,FERT_RATIO,Fertility rate,Y35T39,From 35 to 39 years,F,Female,BR_L_W,Live births per woman,2016,,0.34,,USA,United States,A,Normal value,0,Units,2,Two
US23,Maine,_Z,Not applicable,FERT_RATIO,Fertility rate,Y35T39,From 35 to 39 years,F,Female,BR_L_W,Live births per woman,2016,,0.22,,USA,United States,A,Normal value,0,Units,2,Two
US17,Illinois,_Z,Not applicable,FERT_RATIO,Fertility rate,Y35T39,From 35 to 39 years,F,Female,BR_L_W,Live births per woman,2016,,0.28,,USA,United States,A,Normal value,0,Units,2,Two
US04,Arizona,_Z,Not applicable,FERT_RATIO,Fertility rate,Y30T34,From 30 to 34 years,F,Female,BR_L_W,Live births per woman,2016,,0.49,,USA,United States,A,Normal value,0,Units,2,Two
US45,South Carolina,_Z,Not applicable,FERT_RATIO,Fertility rate,Y30T34,From 30 to 34 years,F,Female,BR_L_W,Live births per woman,2016,,0.46,,USA,United States,A,Normal value,0,Units,2,Two
US28,Mississippi,_Z,Not applicable,FERT_RATIO,Fertility rate,Y30T34,From 30 to 34 years,F,Female,BR_L_W,Live births per woman,2016,,0.39,,USA,United States,A,Normal value,0,Units,2,Two
US48,Texas,_Z,Not applicable,FERT_RATIO,Fertility rate,Y30T34,From 30 to 34 years,F,Female,BR_L_W,Live births per woman,2016,,0.51,,USA,United States,A,Normal value,0,Units,2,Two
US41,Oregon,_Z,Not applicable,FERT_RATIO,Fertility rate,Y30T34,From 30 to 34 years,F,Female,BR_L_W,Live births per woman,2016,,0.47,,USA,United States,A,Normal value,0,Units,2,Two
US12,Florida,_Z,Not applicable,FERT_RATIO,Fertility rate,Y30T34,From 30 to 34 years,F,Female,BR_L_W,Live births per woman,2016,,0.49,,USA,United States,A,Normal value,0,Units,2,Two
US38,North Dakota,_Z,Not applicable,FERT_RATIO,Fertility rate,Y30T34,From 30 to 34 years,F,Female,BR_L_W,Live births per woman,2016,,0.63,,USA,United States,A,Normal value,0,Units,2,Two
US31,Nebraska,_Z,Not applicable,FERT_RATIO,Fertility rate,Y30T34,From 30 to 34 years,F,Female,BR_L_W,Live births per woman,2016,,0.62,,USA,United States,A,Normal value,0,Units,2,Two
US08,Colorado,_Z,Not applicable,FERT_RATIO,Fertility rate,Y30T34,From 30 to 34 years,F,Female,BR_L_W,Live births per woman,2016,,0.51,,USA,United States,A,Normal value,0,Units,2,Two
US27,Minnesota,_Z,Not applicable,FERT_RATIO,Fertility rate,Y30T34,From 30 to 34 years,F,Female,BR_L_W,Live births per woman,2016,,0.62,,USA,United States,A,Normal value,0,Units,2,Two
US42,Pennsylvania,_Z,Not applicable,FERT_RATIO,Fertility rate,Y30T34,From 30 to 34 years,F,Female,BR_L_W,Live births per woman,2016,,0.53,,USA,United States,A,Normal value,0,Units,2,Two
US33,New Hampshire,_Z,Not applicable,FERT_RATIO,Fertility rate,Y30T34,From 30 to 34 years,F,Female,BR_L_W,Live births per woman,2016,,0.54,,USA,United States,A,Normal value,0,Units,2,Two
US11,District of Columbia,_Z,Not applicable,FERT_RATIO,Fertility rate,Y30T34,From 30 to 34 years,F,Female,BR_L_W,Live births per woman,2016,,0.39,,USA,United States,A,Normal value,0,Units,2,Two
US10,Delaware,_Z,Not applicable,FERT_RATIO,Fertility rate,Y30T34,From 30 to 34 years,F,Female,BR_L_W,Live births per woman,2016,,0.53,,USA,United States,A,Normal value,0,Units,2,Two
US25,Massachusetts,_Z,Not applicable,FERT_RATIO,Fertility rate,Y30T34,From 30 to 34 years,F,Female,BR_L_W,Live births per woman,2016,,0.55,,USA,United States,A,Normal value,0,Units,2,Two
US34,New Jersey,_Z,Not applicable,FERT_RATIO,Fertility rate,Y30T34,From 30 to 34 years,F,Female,BR_L_W,Live births per woman,2016,,0.6,,USA,United States,A,Normal value,0,Units,2,Two
US56,Wyoming,_Z,Not applicable,FERT_RATIO,Fertility rate,Y30T34,From 30 to 34 years,F,Female,BR_L_W,Live births per woman,2016,,0.49,,USA,United States,A,Normal value,0,Units,2,Two
US50,Vermont,_Z,Not applicable,FERT_RATIO,Fertility rate,Y30T34,From 30 to 34 years,F,Female,BR_L_W,Live births per woman,2016,,0.49,,USA,United States,A,Normal value,0,Units,2,Two
US40,Oklahoma,_Z,Not applicable,FERT_RATIO,Fertility rate,Y30T34,From 30 to 34 years,F,Female,BR_L_W,Live births per woman,2016,,0.46,,USA,United States,A,Normal value,0,Units,2,Two
US16,Idaho,_Z,Not applicable,FERT_RATIO,Fertility rate,Y30T34,From 30 to 34 years,F,Female,BR_L_W,Live births per woman,2016,,0.53,,USA,United States,A,Normal value,0,Units,2,Two
US02,Alaska,_Z,Not applicable,FERT_RATIO,Fertility rate,Y30T34,From 30 to 34 years,F,Female,BR_L_W,Live births per woman,2016,,0.54,,USA,United States,A,Normal value,0,Units,2,Two
US21,Kentucky,_Z,Not applicable,FERT_RATIO,Fertility rate,Y30T34,From 30 to 34 years,F,Female,BR_L_W,Live births per woman,2016,,0.46,,USA,United States,A,Normal value,0,Units,2,Two
US51,Virginia,_Z,Not applicable,FERT_RATIO,Fertility rate,Y30T34,From 30 to 34 years,F,Female,BR_L_W,Live births per woman,2016,,0.53,,USA,United States,A,Normal value,0,Units,2,Two
US47,Tennessee,_Z,Not applicable,FERT_RATIO,Fertility rate,Y30T34,From 30 to 34 years,F,Female,BR_L_W,Live births per woman,2016,,0.46,,USA,United States,A,Normal value,0,Units,2,Two
US06,California,_Z,Not applicable,FERT_RATIO,Fertility rate,Y30T34,From 30 to 34 years,F,Female,BR_L_W,Live births per woman,2016,,0.53,,USA,United States,A,Normal value,0,Units,2,Two
US09,Connecticut,_Z,Not applicable,FERT_RATIO,Fertility rate,Y30T34,From 30 to 34 years,F,Female,BR_L_W,Live births per woman,2016,,0.56,,USA,United States,A,Normal value,0,Units,2,Two
US39,Ohio,_Z,Not applicable,FERT_RATIO,Fertility rate,Y30T34,From 30 to 34 years,F,Female,BR_L_W,Live births per woman,2016,,0.51,,USA,United States,A,Normal value,0,Units,2,Two
US01,Alabama,_Z,Not applicable,FERT_RATIO,Fertility rate,Y30T34,From 30 to 34 years,F,Female,BR_L_W,Live births per woman,2016,,0.43,,USA,United States,A,Normal value,0,Units,2,Two
US05,Arkansas,_Z,Not applicable,FERT_RATIO,Fertility rate,Y30T34,From 30 to 34 years,F,Female,BR_L_W,Live births per woman,2016,,0.42,,USA,United States,A,Normal value,0,Units,2,Two
US29,Missouri,_Z,Not applicable,FERT_RATIO,Fertility rate,Y30T34,From 30 to 34 years,F,Female,BR_L_W,Live births per woman,2016,,0.49,,USA,United States,A,Normal value,0,Units,2,Two
US22,Louisiana,_Z,Not applicable,FERT_RATIO,Fertility rate,Y30T34,From 30 to 34 years,F,Female,BR_L_W,Live births per woman,2016,,0.44,,USA,United States,A,Normal value,0,Units,2,Two
US44,Rhode Island,_Z,Not applicable,FERT_RATIO,Fertility rate,Y30T34,From 30 to 34 years,F,Female,BR_L_W,Live births per woman,2016,,0.5,,USA,United States,A,Normal value,0,Units,2,Two
US13,Georgia,_Z,Not applicable,FERT_RATIO,Fertility rate,Y30T34,From 30 to 34 years,F,Female,BR_L_W,Live births per woman,2016,,0.47,,USA,United States,A,Normal value,0,Units,2,Two
US15,Hawaii,_Z,Not applicable,FERT_RATIO,Fertility rate,Y30T34,From 30 to 34 years,F,Female,BR_L_W,Live births per woman,2016,,0.51,,USA,United States,A,Normal value,0,Units,2,Two
US30,Montana,_Z,Not applicable,FERT_RATIO,Fertility rate,Y30T34,From 30 to 34 years,F,Female,BR_L_W,Live births per woman,2016,,0.5,,USA,United States,A,Normal value,0,Units,2,Two
US18,Indiana,_Z,Not applicable,FERT_RATIO,Fertility rate,Y30T34,From 30 to 34 years,F,Female,BR_L_W,Live births per woman,2016,,0.5,,USA,United States,A,Normal value,0,Units,2,Two
US17,Illinois,_Z,Not applicable,FERT_RATIO,Fertility rate,Y30T34,From 30 to 34 years,F,Female,BR_L_W,Live births per woman,2016,,0.54,,USA,United States,A,Normal value,0,Units,2,Two
US54,West Virginia,_Z,Not applicable,FERT_RATIO,Fertility rate,Y30T34,From 30 to 34 years,F,Female,BR_L_W,Live births per woman,2016,,0.39,,USA,United States,A,Normal value,0,Units,2,Two
US19,Iowa,_Z,Not applicable,FERT_RATIO,Fertility rate,Y30T34,From 30 to 34 years,F,Female,BR_L_W,Live births per woman,2016,,0.57,,USA,United States,A,Normal value,0,Units,2,Two
US46,South Dakota,_Z,Not applicable,FERT_RATIO,Fertility rate,Y30T34,From 30 to 34 years,F,Female,BR_L_W,Live births per woman,2016,,0.61,,USA,United States,A,Normal value,0,Units,2,Two
US37,North Carolina,_Z,Not applicable,FERT_RATIO,Fertility rate,Y30T34,From 30 to 34 years,F,Female,BR_L_W,Live births per woman,2016,,0.49,,USA,United States,A,Normal value,0,Units,2,Two
US24,Maryland,_Z,Not applicable,FERT_RATIO,Fertility rate,Y30T34,From 30 to 34 years,F,Female,BR_L_W,Live births per woman,2016,,0.55,,USA,United States,A,Normal value,0,Units,2,Two
US20,Kansas,_Z,Not applicable,FERT_RATIO,Fertility rate,Y30T34,From 30 to 34 years,F,Female,BR_L_W,Live births per woman,2016,,0.55,,USA,United States,A,Normal value,0,Units,2,Two
US32,Nevada,_Z,Not applicable,FERT_RATIO,Fertility rate,Y30T34,From 30 to 34 years,F,Female,BR_L_W,Live births per woman,2016,,0.45,,USA,United States,A,Normal value,0,Units,2,Two
US23,Maine,_Z,Not applicable,FERT_RATIO,Fertility rate,Y30T34,From 30 to 34 years,F,Female,BR_L_W,Live births per woman,2016,,0.47,,USA,United States,A,Normal value,0,Units,2,Two
US55,Wisconsin,_Z,Not applicable,FERT_RATIO,Fertility rate,Y30T34,From 30 to 34 years,F,Female,BR_L_W,Live births per woman,2016,,0.57,,USA,United States,A,Normal value,0,Units,2,Two
US53,Washington,_Z,Not applicable,FERT_RATIO,Fertility rate,Y30T34,From 30 to 34 years,F,Female,BR_L_W,Live births per woman,2016,,0.54,,USA,United States,A,Normal value,0,Units,2,Two
US35,New Mexico,_Z,Not applicable,FERT_RATIO,Fertility rate,Y30T34,From 30 to 34 years,F,Female,BR_L_W,Live births per woman,2016,,0.42,,USA,United States,A,Normal value,0,Units,2,Two
US49,Utah,_Z,Not applicable,FERT_RATIO,Fertility rate,Y30T34,From 30 to 34 years,F,Female,BR_L_W,Live births per woman,2016,,0.63,,USA,United States,A,Normal value,0,Units,2,Two
US36,New York,_Z,Not applicable,FERT_RATIO,Fertility rate,Y30T34,From 30 to 34 years,F,Female,BR_L_W,Live births per woman,2016,,0.52,,USA,United States,A,Normal value,0,Units,2,Two
US26,Michigan,_Z,Not applicable,FERT_RATIO,Fertility rate,Y30T34,From 30 to 34 years,F,Female,BR_L_W,Live births per woman,2016,,0.53,,USA,United States,A,Normal value,0,Units,2,Two
US17,Illinois,_Z,Not applicable,FERT_RATIO,Fertility rate,Y20T24,From 20 to 24 years,F,Female,BR_L_W,Live births per woman,2016,,0.32,,USA,United States,A,Normal value,0,Units,2,Two
US22,Louisiana,_Z,Not applicable,FERT_RATIO,Fertility rate,Y20T24,From 20 to 24 years,F,Female,BR_L_W,Live births per woman,2016,,0.53,,USA,United States,A,Normal value,0,Units,2,Two
US09,Connecticut,_Z,Not applicable,FERT_RATIO,Fertility rate,Y20T24,From 20 to 24 years,F,Female,BR_L_W,Live births per woman,2016,,0.2,,USA,United States,A,Normal value,0,Units,2,Two
US29,Missouri,_Z,Not applicable,FERT_RATIO,Fertility rate,Y20T24,From 20 to 24 years,F,Female,BR_L_W,Live births per woman,2016,,0.43,,USA,United States,A,Normal value,0,Units,2,Two
US13,Georgia,_Z,Not applicable,FERT_RATIO,Fertility rate,Y20T24,From 20 to 24 years,F,Female,BR_L_W,Live births per woman,2016,,0.43,,USA,United States,A,Normal value,0,Units,2,Two
US49,Utah,_Z,Not applicable,FERT_RATIO,Fertility rate,Y20T24,From 20 to 24 years,F,Female,BR_L_W,Live births per woman,2016,,0.43,,USA,United States,A,Normal value,0,Units,2,Two
US46,South Dakota,_Z,Not applicable,FERT_RATIO,Fertility rate,Y20T24,From 20 to 24 years,F,Female,BR_L_W,Live births per woman,2016,,0.45,,USA,United States,A,Normal value,0,Units,2,Two
US45,South Carolina,_Z,Not applicable,FERT_RATIO,Fertility rate,Y20T24,From 20 to 24 years,F,Female,BR_L_W,Live births per woman,2016,,0.41,,USA,United States,A,Normal value,0,Units,2,Two
US55,Wisconsin,_Z,Not applicable,FERT_RATIO,Fertility rate,Y20T24,From 20 to 24 years,F,Female,BR_L_W,Live births per woman,2016,,0.3,,USA,United States,A,Normal value,0,Units,2,Two
US05,Arkansas,_Z,Not applicable,FERT_RATIO,Fertility rate,Y20T24,From 20 to 24 years,F,Female,BR_L_W,Live births per woman,2016,,0.56,,USA,United States,A,Normal value,0,Units,2,Two
US33,New Hampshire,_Z,Not applicable,FERT_RATIO,Fertility rate,Y20T24,From 20 to 24 years,F,Female,BR_L_W,Live births per woman,2016,,0.21,,USA,United States,A,Normal value,0,Units,2,Two
US15,Hawaii,_Z,Not applicable,FERT_RATIO,Fertility rate,Y20T24,From 20 to 24 years,F,Female,BR_L_W,Live births per woman,2016,,0.41,,USA,United States,A,Normal value,0,Units,2,Two
US56,Wyoming,_Z,Not applicable,FERT_RATIO,Fertility rate,Y20T24,From 20 to 24 years,F,Female,BR_L_W,Live births per woman,2016,,0.47,,USA,United States,A,Normal value,0,Units,2,Two
US28,Mississippi,_Z,Not applicable,FERT_RATIO,Fertility rate,Y20T24,From 20 to 24 years,F,Female,BR_L_W,Live births per woman,2016,,0.54,,USA,United States,A,Normal value,0,Units,2,Two
US26,Michigan,_Z,Not applicable,FERT_RATIO,Fertility rate,Y20T24,From 20 to 24 years,F,Female,BR_L_W,Live births per woman,2016,,0.35,,USA,United States,A,Normal value,0,Units,2,Two
US21,Kentucky,_Z,Not applicable,FERT_RATIO,Fertility rate,Y20T24,From 20 to 24 years,F,Female,BR_L_W,Live births per woman,2016,,0.5,,USA,United States,A,Normal value,0,Units,2,Two
US20,Kansas,_Z,Not applicable,FERT_RATIO,Fertility rate,Y20T24,From 20 to 24 years,F,Female,BR_L_W,Live births per woman,2016,,0.42,,USA,United States,A,Normal value,0,Units,2,Two
US39,Ohio,_Z,Not applicable,FERT_RATIO,Fertility rate,Y20T24,From 20 to 24 years,F,Female,BR_L_W,Live births per woman,2016,,0.41,,USA,United States,A,Normal value,0,Units,2,Two
US51,Virginia,_Z,Not applicable,FERT_RATIO,Fertility rate,Y20T24,From 20 to 24 years,F,Female,BR_L_W,Live births per woman,2016,,0.33,,USA,United States,A,Normal value,0,Units,2,Two
US41,Oregon,_Z,Not applicable,FERT_RATIO,Fertility rate,Y20T24,From 20 to 24 years,F,Female,BR_L_W,Live births per woman,2016,,0.32,,USA,United States,A,Normal value,0,Units,2,Two
US01,Alabama,_Z,Not applicable,FERT_RATIO,Fertility rate,Y20T24,From 20 to 24 years,F,Female,BR_L_W,Live births per woman,2016,,0.49,,USA,United States,A,Normal value,0,Units,2,Two
US06,California,_Z,Not applicable,FERT_RATIO,Fertility rate,Y20T24,From 20 to 24 years,F,Female,BR_L_W,Live births per woman,2016,,0.31,,USA,United States,A,Normal value,0,Units,2,Two
US31,Nebraska,_Z,Not applicable,FERT_RATIO,Fertility rate,Y20T24,From 20 to 24 years,F,Female,BR_L_W,Live births per woman,2016,,0.37,,USA,United States,A,Normal value,0,Units,2,Two
US42,Pennsylvania,_Z,Not applicable,FERT_RATIO,Fertility rate,Y20T24,From 20 to 24 years,F,Female,BR_L_W,Live births per woman,2016,,0.32,,USA,United States,A,Normal value,0,Units,2,Two
US50,Vermont,_Z,Not applicable,FERT_RATIO,Fertility rate,Y20T24,From 20 to 24 years,F,Female,BR_L_W,Live births per woman,2016,,0.22,,USA,United States,A,Normal value,0,Units,2,Two
US32,Nevada,_Z,Not applicable,FERT_RATIO,Fertility rate,Y20T24,From 20 to 24 years,F,Female,BR_L_W,Live births per woman,2016,,0.44,,USA,United States,A,Normal value,0,Units,2,Two
US34,New Jersey,_Z,Not applicable,FERT_RATIO,Fertility rate,Y20T24,From 20 to 24 years,F,Female,BR_L_W,Live births per woman,2016,,0.25,,USA,United States,A,Normal value,0,Units,2,Two
US23,Maine,_Z,Not applicable,FERT_RATIO,Fertility rate,Y20T24,From 20 to 24 years,F,Female,BR_L_W,Live births per woman,2016,,0.33,,USA,United States,A,Normal value,0,Units,2,Two
US04,Arizona,_Z,Not applicable,FERT_RATIO,Fertility rate,Y20T24,From 20 to 24 years,F,Female,BR_L_W,Live births per woman,2016,,0.43,,USA,United States,A,Normal value,0,Units,2,Two
US18,Indiana,_Z,Not applicable,FERT_RATIO,Fertility rate,Y20T24,From 20 to 24 years,F,Female,BR_L_W,Live births per woman,2016,,0.43,,USA,United States,A,Normal value,0,Units,2,Two
US38,North Dakota,_Z,Not applicable,FERT_RATIO,Fertility rate,Y20T24,From 20 to 24 years,F,Female,BR_L_W,Live births per woman,2016,,0.36,,USA,United States,A,Normal value,0,Units,2,Two
US02,Alaska,_Z,Not applicable,FERT_RATIO,Fertility rate,Y20T24,From 20 to 24 years,F,Female,BR_L_W,Live births per woman,2016,,0.52,,USA,United States,A,Normal value,0,Units,2,Two
US44,Rhode Island,_Z,Not applicable,FERT_RATIO,Fertility rate,Y20T24,From 20 to 24 years,F,Female,BR_L_W,Live births per woman,2016,,0.23,,USA,United States,A,Normal value,0,Units,2,Two
US19,Iowa,_Z,Not applicable,FERT_RATIO,Fertility rate,Y20T24,From 20 to 24 years,F,Female,BR_L_W,Live births per woman,2016,,0.37,,USA,United States,A,Normal value,0,Units,2,Two
US36,New York,_Z,Not applicable,FERT_RATIO,Fertility rate,Y20T24,From 20 to 24 years,F,Female,BR_L_W,Live births per woman,2016,,0.27,,USA,United States,A,Normal value,0,Units,2,Two
US47,Tennessee,_Z,Not applicable,FERT_RATIO,Fertility rate,Y20T24,From 20 to 24 years,F,Female,BR_L_W,Live births per woman,2016,,0.46,,USA,United States,A,Normal value,0,Units,2,Two
US25,Massachusetts,_Z,Not applicable,FERT_RATIO,Fertility rate,Y20T24,From 20 to 24 years,F,Female,BR_L_W,Live births per woman,2016,,0.17,,USA,United States,A,Normal value,0,Units,2,Two
US35,New Mexico,_Z,Not applicable,FERT_RATIO,Fertility rate,Y20T24,From 20 to 24 years,F,Female,BR_L_W,Live births per woman,2016,,0.47,,USA,United States,A,Normal value,0,Units,2,Two
US53,Washington,_Z,Not applicable,FERT_RATIO,Fertility rate,Y20T24,From 20 to 24 years,F,Female,BR_L_W,Live births per woman,2016,,0.34,,USA,United States,A,Normal value,0,Units,2,Two
US54,West Virginia,_Z,Not applicable,FERT_RATIO,Fertility rate,Y20T24,From 20 to 24 years,F,Female,BR_L_W,Live births per woman,2016,,0.49,,USA,United States,A,Normal value,0,Units,2,Two
US27,Minnesota,_Z,Not applicable,FERT_RATIO,Fertility rate,Y20T24,From 20 to 24 years,F,Female,BR_L_W,Live births per woman,2016,,0.29,,USA,United States,A,Normal value,0,Units,2,Two
US40,Oklahoma,_Z,Not applicable,FERT_RATIO,Fertility rate,Y20T24,From 20 to 24 years,F,Female,BR_L_W,Live births per woman,2016,,0.53,,USA,United States,A,Normal value,0,Units,2,Two
US30,Montana,_Z,Not applicable,FERT_RATIO,Fertility rate,Y20T24,From 20 to 24 years,F,Female,BR_L_W,Live births per woman,2016,,0.39,,USA,United States,A,Normal value,0,Units,2,Two
US12,Florida,_Z,Not applicable,FERT_RATIO,Fertility rate,Y20T24,From 20 to 24 years,F,Female,BR_L_W,Live births per woman,2016,,0.37,,USA,United States,A,Normal value,0,Units,2,Two
US48,Texas,_Z,Not applicable,FERT_RATIO,Fertility rate,Y20T24,From 20 to 24 years,F,Female,BR_L_W,Live births per woman,2016,,0.48,,USA,United States,A,Normal value,0,Units,2,Two
US24,Maryland,_Z,Not applicable,FERT_RATIO,Fertility rate,Y20T24,From 20 to 24 years,F,Female,BR_L_W,Live births per woman,2016,,0.3,,USA,United States,A,Normal value,0,Units,2,Two
US37,North Carolina,_Z,Not applicable,FERT_RATIO,Fertility rate,Y20T24,From 20 to 24 years,F,Female,BR_L_W,Live births per woman,2016,,0.4,,USA,United States,A,Normal value,0,Units,2,Two
US11,District of Columbia,_Z,Not applicable,FERT_RATIO,Fertility rate,Y20T24,From 20 to 24 years,F,Female,BR_L_W,Live births per woman,2016,,0.24,,USA,United States,A,Normal value,0,Units,2,Two
US10,Delaware,_Z,Not applicable,FERT_RATIO,Fertility rate,Y20T24,From 20 to 24 years,F,Female,BR_L_W,Live births per woman,2016,,0.35,,USA,United States,A,Normal value,0,Units,2,Two
US16,Idaho,_Z,Not applicable,FERT_RATIO,Fertility rate,Y20T24,From 20 to 24 years,F,Female,BR_L_W,Live births per woman,2016,,0.52,,USA,United States,A,Normal value,0,Units,2,Two
US08,Colorado,_Z,Not applicable,FERT_RATIO,Fertility rate,Y20T24,From 20 to 24 years,F,Female,BR_L_W,Live births per woman,2016,,0.32,,USA,United States,A,Normal value,0,Units,2,Two
US42,Pennsylvania,_Z,Not applicable,FERT_RATIO,Fertility rate,Y15T19,From 15 to 19 years,F,Female,BR_L_W,Live births per woman,2016,,0.08,,USA,United States,A,Normal value,0,Units,2,Two
US51,Virginia,_Z,Not applicable,FERT_RATIO,Fertility rate,Y15T19,From 15 to 19 years,F,Female,BR_L_W,Live births per woman,2016,,0.08,,USA,United States,A,Normal value,0,Units,2,Two
US02,Alaska,_Z,Not applicable,FERT_RATIO,Fertility rate,Y15T19,From 15 to 19 years,F,Female,BR_L_W,Live births per woman,2016,,0.13,,USA,United States,A,Normal value,0,Units,2,Two
US26,Michigan,_Z,Not applicable,FERT_RATIO,Fertility rate,Y15T19,From 15 to 19 years,F,Female,BR_L_W,Live births per woman,2016,,0.09,,USA,United States,A,Normal value,0,Units,2,Two
US37,North Carolina,_Z,Not applicable,FERT_RATIO,Fertility rate,Y15T19,From 15 to 19 years,F,Female,BR_L_W,Live births per woman,2016,,0.11,,USA,United States,A,Normal value,0,Units,2,Two
US20,Kansas,_Z,Not applicable,FERT_RATIO,Fertility rate,Y15T19,From 15 to 19 years,F,Female,BR_L_W,Live births per woman,2016,,0.11,,USA,United States,A,Normal value,0,Units,2,Two
US11,District of Columbia,_Z,Not applicable,FERT_RATIO,Fertility rate,Y15T19,From 15 to 19 years,F,Female,BR_L_W,Live births per woman,2016,,0.12,,USA,United States,A,Normal value,0,Units,2,Two
US44,Rhode Island,_Z,Not applicable,FERT_RATIO,Fertility rate,Y15T19,From 15 to 19 years,F,Female,BR_L_W,Live births per woman,2016,,0.06,,USA,United States,A,Normal value,0,Units,2,Two
US29,Missouri,_Z,Not applicable,FERT_RATIO,Fertility rate,Y15T19,From 15 to 19 years,F,Female,BR_L_W,Live births per woman,2016,,0.12,,USA,United States,A,Normal value,0,Units,2,Two
US25,Massachusetts,_Z,Not applicable,FERT_RATIO,Fertility rate,Y15T19,From 15 to 19 years,F,Female,BR_L_W,Live births per woman,2016,,0.04,,USA,United States,A,Normal value,0,Units,2,Two
US32,Nevada,_Z,Not applicable,FERT_RATIO,Fertility rate,Y15T19,From 15 to 19 years,F,Female,BR_L_W,Live births per woman,2016,,0.12,,USA,United States,A,Normal value,0,Units,2,Two
US30,Montana,_Z,Not applicable,FERT_RATIO,Fertility rate,Y15T19,From 15 to 19 years,F,Female,BR_L_W,Live births per woman,2016,,0.12,,USA,United States,A,Normal value,0,Units,2,Two
US04,Arizona,_Z,Not applicable,FERT_RATIO,Fertility rate,Y15T19,From 15 to 19 years,F,Female,BR_L_W,Live births per woman,2016,,0.12,,USA,United States,A,Normal value,0,Units,2,Two
US31,Nebraska,_Z,Not applicable,FERT_RATIO,Fertility rate,Y15T19,From 15 to 19 years,F,Female,BR_L_W,Live births per woman,2016,,0.1,,USA,United States,A,Normal value,0,Units,2,Two
US22,Louisiana,_Z,Not applicable,FERT_RATIO,Fertility rate,Y15T19,From 15 to 19 years,F,Female,BR_L_W,Live births per woman,2016,,0.16,,USA,United States,A,Normal value,0,Units,2,Two
US21,Kentucky,_Z,Not applicable,FERT_RATIO,Fertility rate,Y15T19,From 15 to 19 years,F,Female,BR_L_W,Live births per woman,2016,,0.16,,USA,United States,A,Normal value,0,Units,2,Two
US16,Idaho,_Z,Not applicable,FERT_RATIO,Fertility rate,Y15T19,From 15 to 19 years,F,Female,BR_L_W,Live births per woman,2016,,0.1,,USA,United States,A,Normal value,0,Units,2,Two
US08,Colorado,_Z,Not applicable,FERT_RATIO,Fertility rate,Y15T19,From 15 to 19 years,F,Female,BR_L_W,Live births per woman,2016,,0.09,,USA,United States,A,Normal value,0,Units,2,Two
US45,South Carolina,_Z,Not applicable,FERT_RATIO,Fertility rate,Y15T19,From 15 to 19 years,F,Female,BR_L_W,Live births per woman,2016,,0.12,,USA,United States,A,Normal value,0,Units,2,Two
US48,Texas,_Z,Not applicable,FERT_RATIO,Fertility rate,Y15T19,From 15 to 19 years,F,Female,BR_L_W,Live births per woman,2016,,0.16,,USA,United States,A,Normal value,0,Units,2,Two
US17,Illinois,_Z,Not applicable,FERT_RATIO,Fertility rate,Y15T19,From 15 to 19 years,F,Female,BR_L_W,Live births per woman,2016,,0.09,,USA,United States,A,Normal value,0,Units,2,Two
US06,California,_Z,Not applicable,FERT_RATIO,Fertility rate,Y15T19,From 15 to 19 years,F,Female,BR_L_W,Live births per woman,2016,,0.09,,USA,United States,A,Normal value,0,Units,2,Two
US15,Hawaii,_Z,Not applicable,FERT_RATIO,Fertility rate,Y15T19,From 15 to 19 years,F,Female,BR_L_W,Live births per woman,2016,,0.1,,USA,United States,A,Normal value,0,Units,2,Two
US50,Vermont,_Z,Not applicable,FERT_RATIO,Fertility rate,Y15T19,From 15 to 19 years,F,Female,BR_L_W,Live births per woman,2016,,0.05,,USA,United States,A,Normal value,0,Units,2,Two
US54,West Virginia,_Z,Not applicable,FERT_RATIO,Fertility rate,Y15T19,From 15 to 19 years,F,Female,BR_L_W,Live births per woman,2016,,0.15,,USA,United States,A,Normal value,0,Units,2,Two
US12,Florida,_Z,Not applicable,FERT_RATIO,Fertility rate,Y15T19,From 15 to 19 years,F,Female,BR_L_W,Live births per woman,2016,,0.1,,USA,United States,A,Normal value,0,Units,2,Two
US41,Oregon,_Z,Not applicable,FERT_RATIO,Fertility rate,Y15T19,From 15 to 19 years,F,Female,BR_L_W,Live births per woman,2016,,0.08,,USA,United States,A,Normal value,0,Units,2,Two
US47,Tennessee,_Z,Not applicable,FERT_RATIO,Fertility rate,Y15T19,From 15 to 19 years,F,Female,BR_L_W,Live births per woman,2016,,0.14,,USA,United States,A,Normal value,0,Units,2,Two
US49,Utah,_Z,Not applicable,FERT_RATIO,Fertility rate,Y15T19,From 15 to 19 years,F,Female,BR_L_W,Live births per woman,2016,,0.08,,USA,United States,A,Normal value,0,Units,2,Two
US10,Delaware,_Z,Not applicable,FERT_RATIO,Fertility rate,Y15T19,From 15 to 19 years,F,Female,BR_L_W,Live births per woman,2016,,0.1,,USA,United States,A,Normal value,0,Units,2,Two
US35,New Mexico,_Z,Not applicable,FERT_RATIO,Fertility rate,Y15T19,From 15 to 19 years,F,Female,BR_L_W,Live births per woman,2016,,0.15,,USA,United States,A,Normal value,0,Units,2,Two
US18,Indiana,_Z,Not applicable,FERT_RATIO,Fertility rate,Y15T19,From 15 to 19 years,F,Female,BR_L_W,Live births per woman,2016,,0.12,,USA,United States,A,Normal value,0,Units,2,Two
US01,Alabama,_Z,Not applicable,FERT_RATIO,Fertility rate,Y15T19,From 15 to 19 years,F,Female,BR_L_W,Live births per woman,2016,,0.14,,USA,United States,A,Normal value,0,Units,2,Two
US34,New Jersey,_Z,Not applicable,FERT_RATIO,Fertility rate,Y15T19,From 15 to 19 years,F,Female,BR_L_W,Live births per woman,2016,,0.06,,USA,United States,A,Normal value,0,Units,2,Two
US27,Minnesota,_Z,Not applicable,FERT_RATIO,Fertility rate,Y15T19,From 15 to 19 years,F,Female,BR_L_W,Live births per woman,2016,,0.06,,USA,United States,A,Normal value,0,Units,2,Two
US56,Wyoming,_Z,Not applicable,FERT_RATIO,Fertility rate,Y15T19,From 15 to 19 years,F,Female,BR_L_W,Live births per woman,2016,,0.13,,USA,United States,A,Normal value,0,Units,2,Two
US40,Oklahoma,_Z,Not applicable,FERT_RATIO,Fertility rate,Y15T19,From 15 to 19 years,F,Female,BR_L_W,Live births per woman,2016,,0.17,,USA,United States,A,Normal value,0,Units,2,Two
US24,Maryland,_Z,Not applicable,FERT_RATIO,Fertility rate,Y15T19,From 15 to 19 years,F,Female,BR_L_W,Live births per woman,2016,,0.08,,USA,United States,A,Normal value,0,Units,2,Two
US09,Connecticut,_Z,Not applicable,FERT_RATIO,Fertility rate,Y15T19,From 15 to 19 years,F,Female,BR_L_W,Live births per woman,2016,,0.05,,USA,United States,A,Normal value,0,Units,2,Two
US46,South Dakota,_Z,Not applicable,FERT_RATIO,Fertility rate,Y15T19,From 15 to 19 years,F,Female,BR_L_W,Live births per woman,2016,,0.13,,USA,United States,A,Normal value,0,Units,2,Two
US19,Iowa,_Z,Not applicable,FERT_RATIO,Fertility rate,Y15T19,From 15 to 19 years,F,Female,BR_L_W,Live births per woman,2016,,0.09,,USA,United States,A,Normal value,0,Units,2,Two
US38,North Dakota,_Z,Not applicable,FERT_RATIO,Fertility rate,Y15T19,From 15 to 19 years,F,Female,BR_L_W,Live births per woman,2016,,0.1,,USA,United States,A,Normal value,0,Units,2,Two
US05,Arkansas,_Z,Not applicable,FERT_RATIO,Fertility rate,Y15T19,From 15 to 19 years,F,Female,BR_L_W,Live births per woman,2016,,0.18,,USA,United States,A,Normal value,0,Units,2,Two
US55,Wisconsin,_Z,Not applicable,FERT_RATIO,Fertility rate,Y15T19,From 15 to 19 years,F,Female,BR_L_W,Live births per woman,2016,,0.08,,USA,United States,A,Normal value,0,Units,2,Two
US23,Maine,_Z,Not applicable,FERT_RATIO,Fertility rate,Y15T19,From 15 to 19 years,F,Female,BR_L_W,Live births per woman,2016,,0.07,,USA,United States,A,Normal value,0,Units,2,Two
US39,Ohio,_Z,Not applicable,FERT_RATIO,Fertility rate,Y15T19,From 15 to 19 years,F,Female,BR_L_W,Live births per woman,2016,,0.11,,USA,United States,A,Normal value,0,Units,2,Two
US13,Georgia,_Z,Not applicable,FERT_RATIO,Fertility rate,Y15T19,From 15 to 19 years,F,Female,BR_L_W,Live births per woman,2016,,0.12,,USA,United States,A,Normal value,0,Units,2,Two
US53,Washington,_Z,Not applicable,FERT_RATIO,Fertility rate,Y15T19,From 15 to 19 years,F,Female,BR_L_W,Live births per woman,2016,,0.08,,USA,United States,A,Normal value,0,Units,2,Two
US33,New Hampshire,_Z,Not applicable,FERT_RATIO,Fertility rate,Y15T19,From 15 to 19 years,F,Female,BR_L_W,Live births per woman,2016,,0.05,,USA,United States,A,Normal value,0,Units,2,Two
US36,New York,_Z,Not applicable,FERT_RATIO,Fertility rate,Y15T19,From 15 to 19 years,F,Female,BR_L_W,Live births per woman,2016,,0.07,,USA,United States,A,Normal value,0,Units,2,Two
US28,Mississippi,_Z,Not applicable,FERT_RATIO,Fertility rate,Y15T19,From 15 to 19 years,F,Female,BR_L_W,Live births per woman,2016,,0.17,,USA,United States,A,Normal value,0,Units,2,Two
US40,Oklahoma,_Z,Not applicable,FERT_RATIO,Fertility rate,_T,Total,F,Female,BR_L_W,Live births per woman,2016,,1.983,,USA,United States,A,Normal value,0,Units,2,Two
US21,Kentucky,_Z,Not applicable,FERT_RATIO,Fertility rate,_T,Total,F,Female,BR_L_W,Live births per woman,2016,,1.9335,,USA,United States,A,Normal value,0,Units,2,Two
US10,Delaware,_Z,Not applicable,FERT_RATIO,Fertility rate,_T,Total,F,Female,BR_L_W,Live births per woman,2016,,1.785,,USA,United States,A,Normal value,0,Units,2,Two
US47,Tennessee,_Z,Not applicable,FERT_RATIO,Fertility rate,_T,Total,F,Female,BR_L_W,Live births per woman,2016,,1.8175,,USA,United States,A,Normal value,0,Units,2,Two
US27,Minnesota,_Z,Not applicable,FERT_RATIO,Fertility rate,_T,Total,F,Female,BR_L_W,Live births per woman,2016,,1.927,,USA,United States,A,Normal value,0,Units,2,Two
US08,Colorado,_Z,Not applicable,FERT_RATIO,Fertility rate,_T,Total,F,Female,BR_L_W,Live births per woman,2016,,1.715,,USA,United States,A,Normal value,0,Units,2,Two
US55,Wisconsin,_Z,Not applicable,FERT_RATIO,Fertility rate,_T,Total,F,Female,BR_L_W,Live births per woman,2016,,1.8375,,USA,United States,A,Normal value,0,Units,2,Two
US12,Florida,_Z,Not applicable,FERT_RATIO,Fertility rate,_T,Total,F,Female,BR_L_W,Live births per woman,2016,,1.752,,USA,United States,A,Normal value,0,Units,2,Two
US53,Washington,_Z,Not applicable,FERT_RATIO,Fertility rate,_T,Total,F,Female,BR_L_W,Live births per woman,2016,,1.8095,,USA,United States,A,Normal value,0,Units,2,Two
US41,Oregon,_Z,Not applicable,FERT_RATIO,Fertility rate,_T,Total,F,Female,BR_L_W,Live births per woman,2016,,1.656,,USA,United States,A,Normal value,0,Units,2,Two
US29,Missouri,_Z,Not applicable,FERT_RATIO,Fertility rate,_T,Total,F,Female,BR_L_W,Live births per woman,2016,,1.859,,USA,United States,A,Normal value,0,Units,2,Two
US31,Nebraska,_Z,Not applicable,FERT_RATIO,Fertility rate,_T,Total,F,Female,BR_L_W,Live births per woman,2016,,2.1365,,USA,United States,A,Normal value,0,Units,2,Two
US56,Wyoming,_Z,Not applicable,FERT_RATIO,Fertility rate,_T,Total,F,Female,BR_L_W,Live births per woman,2016,,1.933,,USA,United States,A,Normal value,0,Units,2,Two
US18,Indiana,_Z,Not applicable,FERT_RATIO,Fertility rate,_T,Total,F,Female,BR_L_W,Live births per woman,2016,,1.902,,USA,United States,A,Normal value,0,Units,2,Two
US06,California,_Z,Not applicable,FERT_RATIO,Fertility rate,_T,Total,F,Female,BR_L_W,Live births per woman,2016,,1.7705,,USA,United States,A,Normal value,0,Units,2,Two
US44,Rhode Island,_Z,Not applicable,FERT_RATIO,Fertility rate,_T,Total,F,Female,BR_L_W,Live births per woman,2016,,1.545,,USA,United States,A,Normal value,0,Units,2,Two
US54,West Virginia,_Z,Not applicable,FERT_RATIO,Fertility rate,_T,Total,F,Female,BR_L_W,Live births per woman,2016,,1.7405,,USA,United States,A,Normal value,0,Units,2,Two
US34,New Jersey,_Z,Not applicable,FERT_RATIO,Fertility rate,_T,Total,F,Female,BR_L_W,Live births per woman,2016,,1.792,,USA,United States,A,Normal value,0,Units,2,Two
US05,Arkansas,_Z,Not applicable,FERT_RATIO,Fertility rate,_T,Total,F,Female,BR_L_W,Live births per woman,2016,,1.95,,USA,United States,A,Normal value,0,Units,2,Two
US32,Nevada,_Z,Not applicable,FERT_RATIO,Fertility rate,_T,Total,F,Female,BR_L_W,Live births per woman,2016,,1.826,,USA,United States,A,Normal value,0,Units,2,Two
US37,North Carolina,_Z,Not applicable,FERT_RATIO,Fertility rate,_T,Total,F,Female,BR_L_W,Live births per woman,2016,,1.796,,USA,United States,A,Normal value,0,Units,2,Two
US01,Alabama,_Z,Not applicable,FERT_RATIO,Fertility rate,_T,Total,F,Female,BR_L_W,Live births per woman,2016,,1.826,,USA,United States,A,Normal value,0,Units,2,Two
US13,Georgia,_Z,Not applicable,FERT_RATIO,Fertility rate,_T,Total,F,Female,BR_L_W,Live births per woman,2016,,1.82,,USA,United States,A,Normal value,0,Units,2,Two
US23,Maine,_Z,Not applicable,FERT_RATIO,Fertility rate,_T,Total,F,Female,BR_L_W,Live births per woman,2016,,1.642,,USA,United States,A,Normal value,0,Units,2,Two
US38,North Dakota,_Z,Not applicable,FERT_RATIO,Fertility rate,_T,Total,F,Female,BR_L_W,Live births per woman,2016,,2.1745,,USA,United States,A,Normal value,0,Units,2,Two
US02,Alaska,_Z,Not applicable,FERT_RATIO,Fertility rate,_T,Total,F,Female,BR_L_W,Live births per woman,2016,,2.143,,USA,United States,A,Normal value,0,Units,2,Two
US09,Connecticut,_Z,Not applicable,FERT_RATIO,Fertility rate,_T,Total,F,Female,BR_L_W,Live births per woman,2016,,1.6275,,USA,United States,A,Normal value,0,Units,2,Two
US42,Pennsylvania,_Z,Not applicable,FERT_RATIO,Fertility rate,_T,Total,F,Female,BR_L_W,Live births per woman,2016,,1.7195,,USA,United States,A,Normal value,0,Units,2,Two
US16,Idaho,_Z,Not applicable,FERT_RATIO,Fertility rate,_T,Total,F,Female,BR_L_W,Live births per woman,2016,,2.0755,,USA,United States,A,Normal value,0,Units,2,Two
US24,Maryland,_Z,Not applicable,FERT_RATIO,Fertility rate,_T,Total,F,Female,BR_L_W,Live births per woman,2016,,1.7935,,USA,United States,A,Normal value,0,Units,2,Two
US35,New Mexico,_Z,Not applicable,FERT_RATIO,Fertility rate,_T,Total,F,Female,BR_L_W,Live births per woman,2016,,1.8285,,USA,United States,A,Normal value,0,Units,2,Two
US28,Mississippi,_Z,Not applicable,FERT_RATIO,Fertility rate,_T,Total,F,Female,BR_L_W,Live births per woman,2016,,1.8675,,USA,United States,A,Normal value,0,Units,2,Two
US36,New York,_Z,Not applicable,FERT_RATIO,Fertility rate,_T,Total,F,Female,BR_L_W,Live births per woman,2016,,1.694,,USA,United States,A,Normal value,0,Units,2,Two
US04,Arizona,_Z,Not applicable,FERT_RATIO,Fertility rate,_T,Total,F,Female,BR_L_W,Live births per woman,2016,,1.8745,,USA,United States,A,Normal value,0,Units,2,Two
US49,Utah,_Z,Not applicable,FERT_RATIO,Fertility rate,_T,Total,F,Female,BR_L_W,Live births per woman,2016,,2.2385,,USA,United States,A,Normal value,0,Units,2,Two
US51,Virginia,_Z,Not applicable,FERT_RATIO,Fertility rate,_T,Total,F,Female,BR_L_W,Live births per woman,2016,,1.794,,USA,United States,A,Normal value,0,Units,2,Two
US22,Louisiana,_Z,Not applicable,FERT_RATIO,Fertility rate,_T,Total,F,Female,BR_L_W,Live births per woman,2016,,1.9265,,USA,United States,A,Normal value,0,Units,2,Two
US50,Vermont,_Z,Not applicable,FERT_RATIO,Fertility rate,_T,Total,F,Female,BR_L_W,Live births per woman,2016,,1.542,,USA,United States,A,Normal value,0,Units,2,Two
US26,Michigan,_Z,Not applicable,FERT_RATIO,Fertility rate,_T,Total,F,Female,BR_L_W,Live births per woman,2016,,1.799,,USA,United States,A,Normal value,0,Units,2,Two
US33,New Hampshire,_Z,Not applicable,FERT_RATIO,Fertility rate,_T,Total,F,Female,BR_L_W,Live births per woman,2016,,1.5505,,USA,United States,A,Normal value,0,Units,2,Two
US48,Texas,_Z,Not applicable,FERT_RATIO,Fertility rate,_T,Total,F,Female,BR_L_W,Live births per woman,2016,,2.0225,,USA,United States,A,Normal value,0,Units,2,Two
US19,Iowa,_Z,Not applicable,FERT_RATIO,Fertility rate,_T,Total,F,Female,BR_L_W,Live births per woman,2016,,1.9945,,USA,United States,A,Normal value,0,Units,2,Two
US15,Hawaii,_Z,Not applicable,FERT_RATIO,Fertility rate,_T,Total,F,Female,BR_L_W,Live births per woman,2016,,1.937,,USA,United States,A,Normal value,0,Units,2,Two
US20,Kansas,_Z,Not applicable,FERT_RATIO,Fertility rate,_T,Total,F,Female,BR_L_W,Live births per woman,2016,,2.0005,,USA,United States,A,Normal value,0,Units,2,Two
US11,District of Columbia,_Z,Not applicable,FERT_RATIO,Fertility rate,_T,Total,F,Female,BR_L_W,Live births per woman,2016,,1.493,,USA,United States,A,Normal value,0,Units,2,Two
US25,Massachusetts,_Z,Not applicable,FERT_RATIO,Fertility rate,_T,Total,F,Female,BR_L_W,Live births per woman,2016,,1.541,,USA,United States,A,Normal value,0,Units,2,Two
US17,Illinois,_Z,Not applicable,FERT_RATIO,Fertility rate,_T,Total,F,Female,BR_L_W,Live births per woman,2016,,1.783,,USA,United States,A,Normal value,0,Units,2,Two
US39,Ohio,_Z,Not applicable,FERT_RATIO,Fertility rate,_T,Total,F,Female,BR_L_W,Live births per woman,2016,,1.8525,,USA,United States,A,Normal value,0,Units,2,Two
US45,South Carolina,_Z,Not applicable,FERT_RATIO,Fertility rate,_T,Total,F,Female,BR_L_W,Live births per woman,2016,,1.756,,USA,United States,A,Normal value,0,Units,2,Two
US30,Montana,_Z,Not applicable,FERT_RATIO,Fertility rate,_T,Total,F,Female,BR_L_W,Live births per woman,2016,,1.8945,,USA,United States,A,Normal value,0,Units,2,Two
US46,South Dakota,_Z,Not applicable,FERT_RATIO,Fertility rate,_T,Total,F,Female,BR_L_W,Live births per woman,2016,,2.2605,,USA,United States,A,Normal value,0,Units,2,Two
US28,Mississippi,_Z,Not applicable,FERT_RATIO,Fertility rate,Y40T44,From 40 to 44 years,F,Female,BR_L_W,Live births per woman,2017,,0.03,,USA,United States,A,Normal value,0,Units,2,Two
US01,Alabama,_Z,Not applicable,FERT_RATIO,Fertility rate,Y40T44,From 40 to 44 years,F,Female,BR_L_W,Live births per woman,2017,,0.03,,USA,United States,A,Normal value,0,Units,2,Two
US11,District of Columbia,_Z,Not applicable,FERT_RATIO,Fertility rate,Y40T44,From 40 to 44 years,F,Female,BR_L_W,Live births per woman,2017,,0.11,,USA,United States,A,Normal value,0,Units,2,Two
US02,Alaska,_Z,Not applicable,FERT_RATIO,Fertility rate,Y40T44,From 40 to 44 years,F,Female,BR_L_W,Live births per woman,2017,,0.07,,USA,United States,A,Normal value,0,Units,2,Two
US25,Massachusetts,_Z,Not applicable,FERT_RATIO,Fertility rate,Y40T44,From 40 to 44 years,F,Female,BR_L_W,Live births per woman,2017,,0.07,,USA,United States,A,Normal value,0,Units,2,Two
US34,New Jersey,_Z,Not applicable,FERT_RATIO,Fertility rate,Y40T44,From 40 to 44 years,F,Female,BR_L_W,Live births per woman,2017,,0.08,,USA,United States,A,Normal value,0,Units,2,Two
US09,Connecticut,_Z,Not applicable,FERT_RATIO,Fertility rate,Y40T44,From 40 to 44 years,F,Female,BR_L_W,Live births per woman,2017,,0.07,,USA,United States,A,Normal value,0,Units,2,Two
US24,Maryland,_Z,Not applicable,FERT_RATIO,Fertility rate,Y40T44,From 40 to 44 years,F,Female,BR_L_W,Live births per woman,2017,,0.07,,USA,United States,A,Normal value,0,Units,2,Two
US36,New York,_Z,Not applicable,FERT_RATIO,Fertility rate,Y40T44,From 40 to 44 years,F,Female,BR_L_W,Live births per woman,2017,,0.09,,USA,United States,A,Normal value,0,Units,2,Two
US06,California,_Z,Not applicable,FERT_RATIO,Fertility rate,Y40T44,From 40 to 44 years,F,Female,BR_L_W,Live births per woman,2017,,0.08,,USA,United States,A,Normal value,0,Units,2,Two
US15,Hawaii,_Z,Not applicable,FERT_RATIO,Fertility rate,Y40T44,From 40 to 44 years,F,Female,BR_L_W,Live births per woman,2017,,0.09,,USA,United States,A,Normal value,0,Units,2,Two
US05,Arkansas,_Z,Not applicable,FERT_RATIO,Fertility rate,Y40T44,From 40 to 44 years,F,Female,BR_L_W,Live births per woman,2017,,0.03,,USA,United States,A,Normal value,0,Units,2,Two
US54,West Virginia,_Z,Not applicable,FERT_RATIO,Fertility rate,Y40T44,From 40 to 44 years,F,Female,BR_L_W,Live births per woman,2017,,0.03,,USA,United States,A,Normal value,0,Units,2,Two
US32,Nevada,_Z,Not applicable,FERT_RATIO,Fertility rate,Y40T44,From 40 to 44 years,F,Female,BR_L_W,Live births per woman,2017,,0.06,,USA,United States,A,Normal value,0,Units,2,Two
US49,Utah,_Z,Not applicable,FERT_RATIO,Fertility rate,Y40T44,From 40 to 44 years,F,Female,BR_L_W,Live births per woman,2017,,0.06,,USA,United States,A,Normal value,0,Units,2,Two
US12,Florida,_Z,Not applicable,FERT_RATIO,Fertility rate,Y40T44,From 40 to 44 years,F,Female,BR_L_W,Live births per woman,2017,,0.06,,USA,United States,A,Normal value,0,Units,2,Two
US51,Virginia,_Z,Not applicable,FERT_RATIO,Fertility rate,Y40T44,From 40 to 44 years,F,Female,BR_L_W,Live births per woman,2017,,0.06,,USA,United States,A,Normal value,0,Units,2,Two
US44,Rhode Island,_Z,Not applicable,FERT_RATIO,Fertility rate,Y40T44,From 40 to 44 years,F,Female,BR_L_W,Live births per woman,2017,,0.06,,USA,United States,A,Normal value,0,Units,2,Two
US27,Minnesota,_Z,Not applicable,FERT_RATIO,Fertility rate,Y40T44,From 40 to 44 years,F,Female,BR_L_W,Live births per woman,2017,,0.06,,USA,United States,A,Normal value,0,Units,2,Two
US17,Illinois,_Z,Not applicable,FERT_RATIO,Fertility rate,Y40T44,From 40 to 44 years,F,Female,BR_L_W,Live births per woman,2017,,0.06,,USA,United States,A,Normal value,0,Units,2,Two
US53,Washington,_Z,Not applicable,FERT_RATIO,Fertility rate,Y40T44,From 40 to 44 years,F,Female,BR_L_W,Live births per woman,2017,,0.06,,USA,United States,A,Normal value,0,Units,2,Two
US41,Oregon,_Z,Not applicable,FERT_RATIO,Fertility rate,Y40T44,From 40 to 44 years,F,Female,BR_L_W,Live births per woman,2017,,0.06,,USA,United States,A,Normal value,0,Units,2,Two
US08,Colorado,_Z,Not applicable,FERT_RATIO,Fertility rate,Y40T44,From 40 to 44 years,F,Female,BR_L_W,Live births per woman,2017,,0.06,,USA,United States,A,Normal value,0,Units,2,Two
US31,Nebraska,_Z,Not applicable,FERT_RATIO,Fertility rate,Y40T44,From 40 to 44 years,F,Female,BR_L_W,Live births per woman,2017,,0.05,,USA,United States,A,Normal value,0,Units,2,Two
US37,North Carolina,_Z,Not applicable,FERT_RATIO,Fertility rate,Y40T44,From 40 to 44 years,F,Female,BR_L_W,Live births per woman,2017,,0.05,,USA,United States,A,Normal value,0,Units,2,Two
US46,South Dakota,_Z,Not applicable,FERT_RATIO,Fertility rate,Y40T44,From 40 to 44 years,F,Female,BR_L_W,Live births per woman,2017,,0.05,,USA,United States,A,Normal value,0,Units,2,Two
US10,Delaware,_Z,Not applicable,FERT_RATIO,Fertility rate,Y40T44,From 40 to 44 years,F,Female,BR_L_W,Live births per woman,2017,,0.05,,USA,United States,A,Normal value,0,Units,2,Two
US16,Idaho,_Z,Not applicable,FERT_RATIO,Fertility rate,Y40T44,From 40 to 44 years,F,Female,BR_L_W,Live births per woman,2017,,0.05,,USA,United States,A,Normal value,0,Units,2,Two
US26,Michigan,_Z,Not applicable,FERT_RATIO,Fertility rate,Y40T44,From 40 to 44 years,F,Female,BR_L_W,Live births per woman,2017,,0.05,,USA,United States,A,Normal value,0,Units,2,Two
US42,Pennsylvania,_Z,Not applicable,FERT_RATIO,Fertility rate,Y40T44,From 40 to 44 years,F,Female,BR_L_W,Live births per woman,2017,,0.05,,USA,United States,A,Normal value,0,Units,2,Two
US30,Montana,_Z,Not applicable,FERT_RATIO,Fertility rate,Y40T44,From 40 to 44 years,F,Female,BR_L_W,Live births per woman,2017,,0.05,,USA,United States,A,Normal value,0,Units,2,Two
US55,Wisconsin,_Z,Not applicable,FERT_RATIO,Fertility rate,Y40T44,From 40 to 44 years,F,Female,BR_L_W,Live births per woman,2017,,0.05,,USA,United States,A,Normal value,0,Units,2,Two
US48,Texas,_Z,Not applicable,FERT_RATIO,Fertility rate,Y40T44,From 40 to 44 years,F,Female,BR_L_W,Live births per woman,2017,,0.05,,USA,United States,A,Normal value,0,Units,2,Two
US13,Georgia,_Z,Not applicable,FERT_RATIO,Fertility rate,Y40T44,From 40 to 44 years,F,Female,BR_L_W,Live births per woman,2017,,0.05,,USA,United States,A,Normal value,0,Units,2,Two
US04,Arizona,_Z,Not applicable,FERT_RATIO,Fertility rate,Y40T44,From 40 to 44 years,F,Female,BR_L_W,Live births per woman,2017,,0.05,,USA,United States,A,Normal value,0,Units,2,Two
US50,Vermont,_Z,Not applicable,FERT_RATIO,Fertility rate,Y40T44,From 40 to 44 years,F,Female,BR_L_W,Live births per woman,2017,,0.05,,USA,United States,A,Normal value,0,Units,2,Two
US38,North Dakota,_Z,Not applicable,FERT_RATIO,Fertility rate,Y40T44,From 40 to 44 years,F,Female,BR_L_W,Live births per woman,2017,,0.05,,USA,United States,A,Normal value,0,Units,2,Two
US20,Kansas,_Z,Not applicable,FERT_RATIO,Fertility rate,Y40T44,From 40 to 44 years,F,Female,BR_L_W,Live births per woman,2017,,0.04,,USA,United States,A,Normal value,0,Units,2,Two
US22,Louisiana,_Z,Not applicable,FERT_RATIO,Fertility rate,Y40T44,From 40 to 44 years,F,Female,BR_L_W,Live births per woman,2017,,0.04,,USA,United States,A,Normal value,0,Units,2,Two
US29,Missouri,_Z,Not applicable,FERT_RATIO,Fertility rate,Y40T44,From 40 to 44 years,F,Female,BR_L_W,Live births per woman,2017,,0.04,,USA,United States,A,Normal value,0,Units,2,Two
US35,New Mexico,_Z,Not applicable,FERT_RATIO,Fertility rate,Y40T44,From 40 to 44 years,F,Female,BR_L_W,Live births per woman,2017,,0.04,,USA,United States,A,Normal value,0,Units,2,Two
US18,Indiana,_Z,Not applicable,FERT_RATIO,Fertility rate,Y40T44,From 40 to 44 years,F,Female,BR_L_W,Live births per woman,2017,,0.04,,USA,United States,A,Normal value,0,Units,2,Two
US39,Ohio,_Z,Not applicable,FERT_RATIO,Fertility rate,Y40T44,From 40 to 44 years,F,Female,BR_L_W,Live births per woman,2017,,0.04,,USA,United States,A,Normal value,0,Units,2,Two
US47,Tennessee,_Z,Not applicable,FERT_RATIO,Fertility rate,Y40T44,From 40 to 44 years,F,Female,BR_L_W,Live births per woman,2017,,0.04,,USA,United States,A,Normal value,0,Units,2,Two
US56,Wyoming,_Z,Not applicable,FERT_RATIO,Fertility rate,Y40T44,From 40 to 44 years,F,Female,BR_L_W,Live births per woman,2017,,0.04,,USA,United States,A,Normal value,0,Units,2,Two
US45,South Carolina,_Z,Not applicable,FERT_RATIO,Fertility rate,Y40T44,From 40 to 44 years,F,Female,BR_L_W,Live births per woman,2017,,0.04,,USA,United States,A,Normal value,0,Units,2,Two
US21,Kentucky,_Z,Not applicable,FERT_RATIO,Fertility rate,Y40T44,From 40 to 44 years,F,Female,BR_L_W,Live births per woman,2017,,0.04,,USA,United States,A,Normal value,0,Units,2,Two
US33,New Hampshire,_Z,Not applicable,FERT_RATIO,Fertility rate,Y40T44,From 40 to 44 years,F,Female,BR_L_W,Live births per woman,2017,,0.04,,USA,United States,A,Normal value,0,Units,2,Two
US19,Iowa,_Z,Not applicable,FERT_RATIO,Fertility rate,Y40T44,From 40 to 44 years,F,Female,BR_L_W,Live births per woman,2017,,0.04,,USA,United States,A,Normal value,0,Units,2,Two
US40,Oklahoma,_Z,Not applicable,FERT_RATIO,Fertility rate,Y40T44,From 40 to 44 years,F,Female,BR_L_W,Live births per woman,2017,,0.04,,USA,United States,A,Normal value,0,Units,2,Two
US23,Maine,_Z,Not applicable,FERT_RATIO,Fertility rate,Y40T44,From 40 to 44 years,F,Female,BR_L_W,Live births per woman,2017,,0.04,,USA,United States,A,Normal value,0,Units,2,Two
US11,District of Columbia,_Z,Not applicable,FERT_RATIO,Fertility rate,Y25T29,From 25 to 29 years,F,Female,BR_L_W,Live births per woman,2017,,0.22,,USA,United States,A,Normal value,0,Units,2,Two
US30,Montana,_Z,Not applicable,FERT_RATIO,Fertility rate,Y25T29,From 25 to 29 years,F,Female,BR_L_W,Live births per woman,2017,,0.54,,USA,United States,A,Normal value,0,Units,2,Two
US49,Utah,_Z,Not applicable,FERT_RATIO,Fertility rate,Y25T29,From 25 to 29 years,F,Female,BR_L_W,Live births per woman,2017,,0.7,,USA,United States,A,Normal value,0,Units,2,Two
US15,Hawaii,_Z,Not applicable,FERT_RATIO,Fertility rate,Y25T29,From 25 to 29 years,F,Female,BR_L_W,Live births per woman,2017,,0.49,,USA,United States,A,Normal value,0,Units,2,Two
US41,Oregon,_Z,Not applicable,FERT_RATIO,Fertility rate,Y25T29,From 25 to 29 years,F,Female,BR_L_W,Live births per woman,2017,,0.43,,USA,United States,A,Normal value,0,Units,2,Two
US12,Florida,_Z,Not applicable,FERT_RATIO,Fertility rate,Y25T29,From 25 to 29 years,F,Female,BR_L_W,Live births per woman,2017,,0.47,,USA,United States,A,Normal value,0,Units,2,Two
US16,Idaho,_Z,Not applicable,FERT_RATIO,Fertility rate,Y25T29,From 25 to 29 years,F,Female,BR_L_W,Live births per woman,2017,,0.64,,USA,United States,A,Normal value,0,Units,2,Two
US36,New York,_Z,Not applicable,FERT_RATIO,Fertility rate,Y25T29,From 25 to 29 years,F,Female,BR_L_W,Live births per woman,2017,,0.39,,USA,United States,A,Normal value,0,Units,2,Two
US54,West Virginia,_Z,Not applicable,FERT_RATIO,Fertility rate,Y25T29,From 25 to 29 years,F,Female,BR_L_W,Live births per woman,2017,,0.52,,USA,United States,A,Normal value,0,Units,2,Two
US31,Nebraska,_Z,Not applicable,FERT_RATIO,Fertility rate,Y25T29,From 25 to 29 years,F,Female,BR_L_W,Live births per woman,2017,,0.69,,USA,United States,A,Normal value,0,Units,2,Two
US17,Illinois,_Z,Not applicable,FERT_RATIO,Fertility rate,Y25T29,From 25 to 29 years,F,Female,BR_L_W,Live births per woman,2017,,0.46,,USA,United States,A,Normal value,0,Units,2,Two
US28,Mississippi,_Z,Not applicable,FERT_RATIO,Fertility rate,Y25T29,From 25 to 29 years,F,Female,BR_L_W,Live births per woman,2017,,0.57,,USA,United States,A,Normal value,0,Units,2,Two
US26,Michigan,_Z,Not applicable,FERT_RATIO,Fertility rate,Y25T29,From 25 to 29 years,F,Female,BR_L_W,Live births per woman,2017,,0.54,,USA,United States,A,Normal value,0,Units,2,Two
US37,North Carolina,_Z,Not applicable,FERT_RATIO,Fertility rate,Y25T29,From 25 to 29 years,F,Female,BR_L_W,Live births per woman,2017,,0.5,,USA,United States,A,Normal value,0,Units,2,Two
US35,New Mexico,_Z,Not applicable,FERT_RATIO,Fertility rate,Y25T29,From 25 to 29 years,F,Female,BR_L_W,Live births per woman,2017,,0.52,,USA,United States,A,Normal value,0,Units,2,Two
US27,Minnesota,_Z,Not applicable,FERT_RATIO,Fertility rate,Y25T29,From 25 to 29 years,F,Female,BR_L_W,Live births per woman,2017,,0.57,,USA,United States,A,Normal value,0,Units,2,Two
US47,Tennessee,_Z,Not applicable,FERT_RATIO,Fertility rate,Y25T29,From 25 to 29 years,F,Female,BR_L_W,Live births per woman,2017,,0.52,,USA,United States,A,Normal value,0,Units,2,Two
US19,Iowa,_Z,Not applicable,FERT_RATIO,Fertility rate,Y25T29,From 25 to 29 years,F,Female,BR_L_W,Live births per woman,2017,,0.67,,USA,United States,A,Normal value,0,Units,2,Two
US51,Virginia,_Z,Not applicable,FERT_RATIO,Fertility rate,Y25T29,From 25 to 29 years,F,Female,BR_L_W,Live births per woman,2017,,0.48,,USA,United States,A,Normal value,0,Units,2,Two
US38,North Dakota,_Z,Not applicable,FERT_RATIO,Fertility rate,Y25T29,From 25 to 29 years,F,Female,BR_L_W,Live births per woman,2017,,0.69,,USA,United States,A,Normal value,0,Units,2,Two
US50,Vermont,_Z,Not applicable,FERT_RATIO,Fertility rate,Y25T29,From 25 to 29 years,F,Female,BR_L_W,Live births per woman,2017,,0.47,,USA,United States,A,Normal value,0,Units,2,Two
US06,California,_Z,Not applicable,FERT_RATIO,Fertility rate,Y25T29,From 25 to 29 years,F,Female,BR_L_W,Live births per woman,2017,,0.41,,USA,United States,A,Normal value,0,Units,2,Two
US22,Louisiana,_Z,Not applicable,FERT_RATIO,Fertility rate,Y25T29,From 25 to 29 years,F,Female,BR_L_W,Live births per woman,2017,,0.54,,USA,United States,A,Normal value,0,Units,2,Two
US20,Kansas,_Z,Not applicable,FERT_RATIO,Fertility rate,Y25T29,From 25 to 29 years,F,Female,BR_L_W,Live births per woman,2017,,0.62,,USA,United States,A,Normal value,0,Units,2,Two
US33,New Hampshire,_Z,Not applicable,FERT_RATIO,Fertility rate,Y25T29,From 25 to 29 years,F,Female,BR_L_W,Live births per woman,2017,,0.46,,USA,United States,A,Normal value,0,Units,2,Two
US32,Nevada,_Z,Not applicable,FERT_RATIO,Fertility rate,Y25T29,From 25 to 29 years,F,Female,BR_L_W,Live births per woman,2017,,0.48,,USA,United States,A,Normal value,0,Units,2,Two
US45,South Carolina,_Z,Not applicable,FERT_RATIO,Fertility rate,Y25T29,From 25 to 29 years,F,Female,BR_L_W,Live births per woman,2017,,0.5,,USA,United States,A,Normal value,0,Units,2,Two
US05,Arkansas,_Z,Not applicable,FERT_RATIO,Fertility rate,Y25T29,From 25 to 29 years,F,Female,BR_L_W,Live births per woman,2017,,0.57,,USA,United States,A,Normal value,0,Units,2,Two
US24,Maryland,_Z,Not applicable,FERT_RATIO,Fertility rate,Y25T29,From 25 to 29 years,F,Female,BR_L_W,Live births per woman,2017,,0.46,,USA,United States,A,Normal value,0,Units,2,Two
US01,Alabama,_Z,Not applicable,FERT_RATIO,Fertility rate,Y25T29,From 25 to 29 years,F,Female,BR_L_W,Live births per woman,2017,,0.55,,USA,United States,A,Normal value,0,Units,2,Two
US25,Massachusetts,_Z,Not applicable,FERT_RATIO,Fertility rate,Y25T29,From 25 to 29 years,F,Female,BR_L_W,Live births per woman,2017,,0.35,,USA,United States,A,Normal value,0,Units,2,Two
US34,New Jersey,_Z,Not applicable,FERT_RATIO,Fertility rate,Y25T29,From 25 to 29 years,F,Female,BR_L_W,Live births per woman,2017,,0.45,,USA,United States,A,Normal value,0,Units,2,Two
US13,Georgia,_Z,Not applicable,FERT_RATIO,Fertility rate,Y25T29,From 25 to 29 years,F,Female,BR_L_W,Live births per woman,2017,,0.51,,USA,United States,A,Normal value,0,Units,2,Two
US46,South Dakota,_Z,Not applicable,FERT_RATIO,Fertility rate,Y25T29,From 25 to 29 years,F,Female,BR_L_W,Live births per woman,2017,,0.74,,USA,United States,A,Normal value,0,Units,2,Two
US48,Texas,_Z,Not applicable,FERT_RATIO,Fertility rate,Y25T29,From 25 to 29 years,F,Female,BR_L_W,Live births per woman,2017,,0.54,,USA,United States,A,Normal value,0,Units,2,Two
US23,Maine,_Z,Not applicable,FERT_RATIO,Fertility rate,Y25T29,From 25 to 29 years,F,Female,BR_L_W,Live births per woman,2017,,0.48,,USA,United States,A,Normal value,0,Units,2,Two
US08,Colorado,_Z,Not applicable,FERT_RATIO,Fertility rate,Y25T29,From 25 to 29 years,F,Female,BR_L_W,Live births per woman,2017,,0.43,,USA,United States,A,Normal value,0,Units,2,Two
US18,Indiana,_Z,Not applicable,FERT_RATIO,Fertility rate,Y25T29,From 25 to 29 years,F,Female,BR_L_W,Live births per woman,2017,,0.59,,USA,United States,A,Normal value,0,Units,2,Two
US40,Oklahoma,_Z,Not applicable,FERT_RATIO,Fertility rate,Y25T29,From 25 to 29 years,F,Female,BR_L_W,Live births per woman,2017,,0.57,,USA,United States,A,Normal value,0,Units,2,Two
US42,Pennsylvania,_Z,Not applicable,FERT_RATIO,Fertility rate,Y25T29,From 25 to 29 years,F,Female,BR_L_W,Live births per woman,2017,,0.48,,USA,United States,A,Normal value,0,Units,2,Two
US02,Alaska,_Z,Not applicable,FERT_RATIO,Fertility rate,Y25T29,From 25 to 29 years,F,Female,BR_L_W,Live births per woman,2017,,0.58,,USA,United States,A,Normal value,0,Units,2,Two
US56,Wyoming,_Z,Not applicable,FERT_RATIO,Fertility rate,Y25T29,From 25 to 29 years,F,Female,BR_L_W,Live births per woman,2017,,0.6,,USA,United States,A,Normal value,0,Units,2,Two
US39,Ohio,_Z,Not applicable,FERT_RATIO,Fertility rate,Y25T29,From 25 to 29 years,F,Female,BR_L_W,Live births per woman,2017,,0.54,,USA,United States,A,Normal value,0,Units,2,Two
US53,Washington,_Z,Not applicable,FERT_RATIO,Fertility rate,Y25T29,From 25 to 29 years,F,Female,BR_L_W,Live births per woman,2017,,0.46,,USA,United States,A,Normal value,0,Units,2,Two
US29,Missouri,_Z,Not applicable,FERT_RATIO,Fertility rate,Y25T29,From 25 to 29 years,F,Female,BR_L_W,Live births per woman,2017,,0.55,,USA,United States,A,Normal value,0,Units,2,Two
US21,Kentucky,_Z,Not applicable,FERT_RATIO,Fertility rate,Y25T29,From 25 to 29 years,F,Female,BR_L_W,Live births per woman,2017,,0.57,,USA,United States,A,Normal value,0,Units,2,Two
US09,Connecticut,_Z,Not applicable,FERT_RATIO,Fertility rate,Y25T29,From 25 to 29 years,F,Female,BR_L_W,Live births per woman,2017,,0.42,,USA,United States,A,Normal value,0,Units,2,Two
US55,Wisconsin,_Z,Not applicable,FERT_RATIO,Fertility rate,Y25T29,From 25 to 29 years,F,Female,BR_L_W,Live births per woman,2017,,0.58,,USA,United States,A,Normal value,0,Units,2,Two
US10,Delaware,_Z,Not applicable,FERT_RATIO,Fertility rate,Y25T29,From 25 to 29 years,F,Female,BR_L_W,Live births per woman,2017,,0.49,,USA,United States,A,Normal value,0,Units,2,Two
US04,Arizona,_Z,Not applicable,FERT_RATIO,Fertility rate,Y25T29,From 25 to 29 years,F,Female,BR_L_W,Live births per woman,2017,,0.52,,USA,United States,A,Normal value,0,Units,2,Two
US44,Rhode Island,_Z,Not applicable,FERT_RATIO,Fertility rate,Y25T29,From 25 to 29 years,F,Female,BR_L_W,Live births per woman,2017,,0.4,,USA,United States,A,Normal value,0,Units,2,Two
US17,Illinois,_Z,Not applicable,FERT_RATIO,Fertility rate,Y35T39,From 35 to 39 years,F,Female,BR_L_W,Live births per woman,2017,,0.28,,USA,United States,A,Normal value,0,Units,2,Two
US34,New Jersey,_Z,Not applicable,FERT_RATIO,Fertility rate,Y35T39,From 35 to 39 years,F,Female,BR_L_W,Live births per woman,2017,,0.34,,USA,United States,A,Normal value,0,Units,2,Two
US23,Maine,_Z,Not applicable,FERT_RATIO,Fertility rate,Y35T39,From 35 to 39 years,F,Female,BR_L_W,Live births per woman,2017,,0.21,,USA,United States,A,Normal value,0,Units,2,Two
US32,Nevada,_Z,Not applicable,FERT_RATIO,Fertility rate,Y35T39,From 35 to 39 years,F,Female,BR_L_W,Live births per woman,2017,,0.24,,USA,United States,A,Normal value,0,Units,2,Two
US20,Kansas,_Z,Not applicable,FERT_RATIO,Fertility rate,Y35T39,From 35 to 39 years,F,Female,BR_L_W,Live births per woman,2017,,0.23,,USA,United States,A,Normal value,0,Units,2,Two
US22,Louisiana,_Z,Not applicable,FERT_RATIO,Fertility rate,Y35T39,From 35 to 39 years,F,Female,BR_L_W,Live births per woman,2017,,0.2,,USA,United States,A,Normal value,0,Units,2,Two
US10,Delaware,_Z,Not applicable,FERT_RATIO,Fertility rate,Y35T39,From 35 to 39 years,F,Female,BR_L_W,Live births per woman,2017,,0.25,,USA,United States,A,Normal value,0,Units,2,Two
US40,Oklahoma,_Z,Not applicable,FERT_RATIO,Fertility rate,Y35T39,From 35 to 39 years,F,Female,BR_L_W,Live births per woman,2017,,0.18,,USA,United States,A,Normal value,0,Units,2,Two
US19,Iowa,_Z,Not applicable,FERT_RATIO,Fertility rate,Y35T39,From 35 to 39 years,F,Female,BR_L_W,Live births per woman,2017,,0.23,,USA,United States,A,Normal value,0,Units,2,Two
US48,Texas,_Z,Not applicable,FERT_RATIO,Fertility rate,Y35T39,From 35 to 39 years,F,Female,BR_L_W,Live births per woman,2017,,0.24,,USA,United States,A,Normal value,0,Units,2,Two
US28,Mississippi,_Z,Not applicable,FERT_RATIO,Fertility rate,Y35T39,From 35 to 39 years,F,Female,BR_L_W,Live births per woman,2017,,0.16,,USA,United States,A,Normal value,0,Units,2,Two
US30,Montana,_Z,Not applicable,FERT_RATIO,Fertility rate,Y35T39,From 35 to 39 years,F,Female,BR_L_W,Live births per woman,2017,,0.23,,USA,United States,A,Normal value,0,Units,2,Two
US35,New Mexico,_Z,Not applicable,FERT_RATIO,Fertility rate,Y35T39,From 35 to 39 years,F,Female,BR_L_W,Live births per woman,2017,,0.2,,USA,United States,A,Normal value,0,Units,2,Two
US55,Wisconsin,_Z,Not applicable,FERT_RATIO,Fertility rate,Y35T39,From 35 to 39 years,F,Female,BR_L_W,Live births per woman,2017,,0.24,,USA,United States,A,Normal value,0,Units,2,Two
US50,Vermont,_Z,Not applicable,FERT_RATIO,Fertility rate,Y35T39,From 35 to 39 years,F,Female,BR_L_W,Live births per woman,2017,,0.25,,USA,United States,A,Normal value,0,Units,2,Two
US36,New York,_Z,Not applicable,FERT_RATIO,Fertility rate,Y35T39,From 35 to 39 years,F,Female,BR_L_W,Live births per woman,2017,,0.33,,USA,United States,A,Normal value,0,Units,2,Two
US21,Kentucky,_Z,Not applicable,FERT_RATIO,Fertility rate,Y35T39,From 35 to 39 years,F,Female,BR_L_W,Live births per woman,2017,,0.19,,USA,United States,A,Normal value,0,Units,2,Two
US46,South Dakota,_Z,Not applicable,FERT_RATIO,Fertility rate,Y35T39,From 35 to 39 years,F,Female,BR_L_W,Live births per woman,2017,,0.25,,USA,United States,A,Normal value,0,Units,2,Two
US49,Utah,_Z,Not applicable,FERT_RATIO,Fertility rate,Y35T39,From 35 to 39 years,F,Female,BR_L_W,Live births per woman,2017,,0.26,,USA,United States,A,Normal value,0,Units,2,Two
US18,Indiana,_Z,Not applicable,FERT_RATIO,Fertility rate,Y35T39,From 35 to 39 years,F,Female,BR_L_W,Live births per woman,2017,,0.2,,USA,United States,A,Normal value,0,Units,2,Two
US06,California,_Z,Not applicable,FERT_RATIO,Fertility rate,Y35T39,From 35 to 39 years,F,Female,BR_L_W,Live births per woman,2017,,0.32,,USA,United States,A,Normal value,0,Units,2,Two
US09,Connecticut,_Z,Not applicable,FERT_RATIO,Fertility rate,Y35T39,From 35 to 39 years,F,Female,BR_L_W,Live births per woman,2017,,0.31,,USA,United States,A,Normal value,0,Units,2,Two
US15,Hawaii,_Z,Not applicable,FERT_RATIO,Fertility rate,Y35T39,From 35 to 39 years,F,Female,BR_L_W,Live births per woman,2017,,0.31,,USA,United States,A,Normal value,0,Units,2,Two
US42,Pennsylvania,_Z,Not applicable,FERT_RATIO,Fertility rate,Y35T39,From 35 to 39 years,F,Female,BR_L_W,Live births per woman,2017,,0.25,,USA,United States,A,Normal value,0,Units,2,Two
US04,Arizona,_Z,Not applicable,FERT_RATIO,Fertility rate,Y35T39,From 35 to 39 years,F,Female,BR_L_W,Live births per woman,2017,,0.23,,USA,United States,A,Normal value,0,Units,2,Two
US51,Virginia,_Z,Not applicable,FERT_RATIO,Fertility rate,Y35T39,From 35 to 39 years,F,Female,BR_L_W,Live births per woman,2017,,0.28,,USA,United States,A,Normal value,0,Units,2,Two
US53,Washington,_Z,Not applicable,FERT_RATIO,Fertility rate,Y35T39,From 35 to 39 years,F,Female,BR_L_W,Live births per woman,2017,,0.28,,USA,United States,A,Normal value,0,Units,2,Two
US45,South Carolina,_Z,Not applicable,FERT_RATIO,Fertility rate,Y35T39,From 35 to 39 years,F,Female,BR_L_W,Live births per woman,2017,,0.21,,USA,United States,A,Normal value,0,Units,2,Two
US29,Missouri,_Z,Not applicable,FERT_RATIO,Fertility rate,Y35T39,From 35 to 39 years,F,Female,BR_L_W,Live births per woman,2017,,0.21,,USA,United States,A,Normal value,0,Units,2,Two
US47,Tennessee,_Z,Not applicable,FERT_RATIO,Fertility rate,Y35T39,From 35 to 39 years,F,Female,BR_L_W,Live births per woman,2017,,0.2,,USA,United States,A,Normal value,0,Units,2,Two
US16,Idaho,_Z,Not applicable,FERT_RATIO,Fertility rate,Y35T39,From 35 to 39 years,F,Female,BR_L_W,Live births per woman,2017,,0.22,,USA,United States,A,Normal value,0,Units,2,Two
US02,Alaska,_Z,Not applicable,FERT_RATIO,Fertility rate,Y35T39,From 35 to 39 years,F,Female,BR_L_W,Live births per woman,2017,,0.27,,USA,United States,A,Normal value,0,Units,2,Two
US12,Florida,_Z,Not applicable,FERT_RATIO,Fertility rate,Y35T39,From 35 to 39 years,F,Female,BR_L_W,Live births per woman,2017,,0.25,,USA,United States,A,Normal value,0,Units,2,Two
US54,West Virginia,_Z,Not applicable,FERT_RATIO,Fertility rate,Y35T39,From 35 to 39 years,F,Female,BR_L_W,Live births per woman,2017,,0.15,,USA,United States,A,Normal value,0,Units,2,Two
US44,Rhode Island,_Z,Not applicable,FERT_RATIO,Fertility rate,Y35T39,From 35 to 39 years,F,Female,BR_L_W,Live births per woman,2017,,0.27,,USA,United States,A,Normal value,0,Units,2,Two
US26,Michigan,_Z,Not applicable,FERT_RATIO,Fertility rate,Y35T39,From 35 to 39 years,F,Female,BR_L_W,Live births per woman,2017,,0.23,,USA,United States,A,Normal value,0,Units,2,Two
US01,Alabama,_Z,Not applicable,FERT_RATIO,Fertility rate,Y35T39,From 35 to 39 years,F,Female,BR_L_W,Live births per woman,2017,,0.18,,USA,United States,A,Normal value,0,Units,2,Two
US11,District of Columbia,_Z,Not applicable,FERT_RATIO,Fertility rate,Y35T39,From 35 to 39 years,F,Female,BR_L_W,Live births per woman,2017,,0.35,,USA,United States,A,Normal value,0,Units,2,Two
US24,Maryland,_Z,Not applicable,FERT_RATIO,Fertility rate,Y35T39,From 35 to 39 years,F,Female,BR_L_W,Live births per woman,2017,,0.31,,USA,United States,A,Normal value,0,Units,2,Two
US08,Colorado,_Z,Not applicable,FERT_RATIO,Fertility rate,Y35T39,From 35 to 39 years,F,Female,BR_L_W,Live births per woman,2017,,0.27,,USA,United States,A,Normal value,0,Units,2,Two
US05,Arkansas,_Z,Not applicable,FERT_RATIO,Fertility rate,Y35T39,From 35 to 39 years,F,Female,BR_L_W,Live births per woman,2017,,0.17,,USA,United States,A,Normal value,0,Units,2,Two
US13,Georgia,_Z,Not applicable,FERT_RATIO,Fertility rate,Y35T39,From 35 to 39 years,F,Female,BR_L_W,Live births per woman,2017,,0.23,,USA,United States,A,Normal value,0,Units,2,Two
US38,North Dakota,_Z,Not applicable,FERT_RATIO,Fertility rate,Y35T39,From 35 to 39 years,F,Female,BR_L_W,Live births per woman,2017,,0.26,,USA,United States,A,Normal value,0,Units,2,Two
US56,Wyoming,_Z,Not applicable,FERT_RATIO,Fertility rate,Y35T39,From 35 to 39 years,F,Female,BR_L_W,Live births per woman,2017,,0.2,,USA,United States,A,Normal value,0,Units,2,Two
US37,North Carolina,_Z,Not applicable,FERT_RATIO,Fertility rate,Y35T39,From 35 to 39 years,F,Female,BR_L_W,Live births per woman,2017,,0.23,,USA,United States,A,Normal value,0,Units,2,Two
US41,Oregon,_Z,Not applicable,FERT_RATIO,Fertility rate,Y35T39,From 35 to 39 years,F,Female,BR_L_W,Live births per woman,2017,,0.25,,USA,United States,A,Normal value,0,Units,2,Two
US33,New Hampshire,_Z,Not applicable,FERT_RATIO,Fertility rate,Y35T39,From 35 to 39 years,F,Female,BR_L_W,Live births per woman,2017,,0.24,,USA,United States,A,Normal value,0,Units,2,Two
US27,Minnesota,_Z,Not applicable,FERT_RATIO,Fertility rate,Y35T39,From 35 to 39 years,F,Female,BR_L_W,Live births per woman,2017,,0.29,,USA,United States,A,Normal value,0,Units,2,Two
US39,Ohio,_Z,Not applicable,FERT_RATIO,Fertility rate,Y35T39,From 35 to 39 years,F,Female,BR_L_W,Live births per woman,2017,,0.22,,USA,United States,A,Normal value,0,Units,2,Two
US25,Massachusetts,_Z,Not applicable,FERT_RATIO,Fertility rate,Y35T39,From 35 to 39 years,F,Female,BR_L_W,Live births per woman,2017,,0.33,,USA,United States,A,Normal value,0,Units,2,Two
US31,Nebraska,_Z,Not applicable,FERT_RATIO,Fertility rate,Y35T39,From 35 to 39 years,F,Female,BR_L_W,Live births per woman,2017,,0.26,,USA,United States,A,Normal value,0,Units,2,Two
US26,Michigan,_Z,Not applicable,FERT_RATIO,Fertility rate,Y30T34,From 30 to 34 years,F,Female,BR_L_W,Live births per woman,2017,,0.52,,USA,United States,A,Normal value,0,Units,2,Two
US36,New York,_Z,Not applicable,FERT_RATIO,Fertility rate,Y30T34,From 30 to 34 years,F,Female,BR_L_W,Live births per woman,2017,,0.51,,USA,United States,A,Normal value,0,Units,2,Two
US49,Utah,_Z,Not applicable,FERT_RATIO,Fertility rate,Y30T34,From 30 to 34 years,F,Female,BR_L_W,Live births per woman,2017,,0.61,,USA,United States,A,Normal value,0,Units,2,Two
US35,New Mexico,_Z,Not applicable,FERT_RATIO,Fertility rate,Y30T34,From 30 to 34 years,F,Female,BR_L_W,Live births per woman,2017,,0.4,,USA,United States,A,Normal value,0,Units,2,Two
US53,Washington,_Z,Not applicable,FERT_RATIO,Fertility rate,Y30T34,From 30 to 34 years,F,Female,BR_L_W,Live births per woman,2017,,0.51,,USA,United States,A,Normal value,0,Units,2,Two
US55,Wisconsin,_Z,Not applicable,FERT_RATIO,Fertility rate,Y30T34,From 30 to 34 years,F,Female,BR_L_W,Live births per woman,2017,,0.56,,USA,United States,A,Normal value,0,Units,2,Two
US23,Maine,_Z,Not applicable,FERT_RATIO,Fertility rate,Y30T34,From 30 to 34 years,F,Female,BR_L_W,Live births per woman,2017,,0.47,,USA,United States,A,Normal value,0,Units,2,Two
US32,Nevada,_Z,Not applicable,FERT_RATIO,Fertility rate,Y30T34,From 30 to 34 years,F,Female,BR_L_W,Live births per woman,2017,,0.44,,USA,United States,A,Normal value,0,Units,2,Two
US20,Kansas,_Z,Not applicable,FERT_RATIO,Fertility rate,Y30T34,From 30 to 34 years,F,Female,BR_L_W,Live births per woman,2017,,0.54,,USA,United States,A,Normal value,0,Units,2,Two
US24,Maryland,_Z,Not applicable,FERT_RATIO,Fertility rate,Y30T34,From 30 to 34 years,F,Female,BR_L_W,Live births per woman,2017,,0.54,,USA,United States,A,Normal value,0,Units,2,Two
US37,North Carolina,_Z,Not applicable,FERT_RATIO,Fertility rate,Y30T34,From 30 to 34 years,F,Female,BR_L_W,Live births per woman,2017,,0.48,,USA,United States,A,Normal value,0,Units,2,Two
US46,South Dakota,_Z,Not applicable,FERT_RATIO,Fertility rate,Y30T34,From 30 to 34 years,F,Female,BR_L_W,Live births per woman,2017,,0.63,,USA,United States,A,Normal value,0,Units,2,Two
US19,Iowa,_Z,Not applicable,FERT_RATIO,Fertility rate,Y30T34,From 30 to 34 years,F,Female,BR_L_W,Live births per woman,2017,,0.57,,USA,United States,A,Normal value,0,Units,2,Two
US54,West Virginia,_Z,Not applicable,FERT_RATIO,Fertility rate,Y30T34,From 30 to 34 years,F,Female,BR_L_W,Live births per woman,2017,,0.4,,USA,United States,A,Normal value,0,Units,2,Two
US18,Indiana,_Z,Not applicable,FERT_RATIO,Fertility rate,Y30T34,From 30 to 34 years,F,Female,BR_L_W,Live births per woman,2017,,0.5,,USA,United States,A,Normal value,0,Units,2,Two
US17,Illinois,_Z,Not applicable,FERT_RATIO,Fertility rate,Y30T34,From 30 to 34 years,F,Female,BR_L_W,Live births per woman,2017,,0.53,,USA,United States,A,Normal value,0,Units,2,Two
US30,Montana,_Z,Not applicable,FERT_RATIO,Fertility rate,Y30T34,From 30 to 34 years,F,Female,BR_L_W,Live births per woman,2017,,0.51,,USA,United States,A,Normal value,0,Units,2,Two
US15,Hawaii,_Z,Not applicable,FERT_RATIO,Fertility rate,Y30T34,From 30 to 34 years,F,Female,BR_L_W,Live births per woman,2017,,0.49,,USA,United States,A,Normal value,0,Units,2,Two
US13,Georgia,_Z,Not applicable,FERT_RATIO,Fertility rate,Y30T34,From 30 to 34 years,F,Female,BR_L_W,Live births per woman,2017,,0.47,,USA,United States,A,Normal value,0,Units,2,Two
US44,Rhode Island,_Z,Not applicable,FERT_RATIO,Fertility rate,Y30T34,From 30 to 34 years,F,Female,BR_L_W,Live births per woman,2017,,0.49,,USA,United States,A,Normal value,0,Units,2,Two
US22,Louisiana,_Z,Not applicable,FERT_RATIO,Fertility rate,Y30T34,From 30 to 34 years,F,Female,BR_L_W,Live births per woman,2017,,0.44,,USA,United States,A,Normal value,0,Units,2,Two
US29,Missouri,_Z,Not applicable,FERT_RATIO,Fertility rate,Y30T34,From 30 to 34 years,F,Female,BR_L_W,Live births per woman,2017,,0.48,,USA,United States,A,Normal value,0,Units,2,Two
US05,Arkansas,_Z,Not applicable,FERT_RATIO,Fertility rate,Y30T34,From 30 to 34 years,F,Female,BR_L_W,Live births per woman,2017,,0.43,,USA,United States,A,Normal value,0,Units,2,Two
US01,Alabama,_Z,Not applicable,FERT_RATIO,Fertility rate,Y30T34,From 30 to 34 years,F,Female,BR_L_W,Live births per woman,2017,,0.43,,USA,United States,A,Normal value,0,Units,2,Two
US09,Connecticut,_Z,Not applicable,FERT_RATIO,Fertility rate,Y30T34,From 30 to 34 years,F,Female,BR_L_W,Live births per woman,2017,,0.56,,USA,United States,A,Normal value,0,Units,2,Two
US39,Ohio,_Z,Not applicable,FERT_RATIO,Fertility rate,Y30T34,From 30 to 34 years,F,Female,BR_L_W,Live births per woman,2017,,0.51,,USA,United States,A,Normal value,0,Units,2,Two
US06,California,_Z,Not applicable,FERT_RATIO,Fertility rate,Y30T34,From 30 to 34 years,F,Female,BR_L_W,Live births per woman,2017,,0.51,,USA,United States,A,Normal value,0,Units,2,Two
US47,Tennessee,_Z,Not applicable,FERT_RATIO,Fertility rate,Y30T34,From 30 to 34 years,F,Female,BR_L_W,Live births per woman,2017,,0.45,,USA,United States,A,Normal value,0,Units,2,Two
US51,Virginia,_Z,Not applicable,FERT_RATIO,Fertility rate,Y30T34,From 30 to 34 years,F,Female,BR_L_W,Live births per woman,2017,,0.52,,USA,United States,A,Normal value,0,Units,2,Two
US21,Kentucky,_Z,Not applicable,FERT_RATIO,Fertility rate,Y30T34,From 30 to 34 years,F,Female,BR_L_W,Live births per woman,2017,,0.46,,USA,United States,A,Normal value,0,Units,2,Two
US02,Alaska,_Z,Not applicable,FERT_RATIO,Fertility rate,Y30T34,From 30 to 34 years,F,Female,BR_L_W,Live births per woman,2017,,0.5,,USA,United States,A,Normal value,0,Units,2,Two
US16,Idaho,_Z,Not applicable,FERT_RATIO,Fertility rate,Y30T34,From 30 to 34 years,F,Female,BR_L_W,Live births per woman,2017,,0.5,,USA,United States,A,Normal value,0,Units,2,Two
US40,Oklahoma,_Z,Not applicable,FERT_RATIO,Fertility rate,Y30T34,From 30 to 34 years,F,Female,BR_L_W,Live births per woman,2017,,0.45,,USA,United States,A,Normal value,0,Units,2,Two
US50,Vermont,_Z,Not applicable,FERT_RATIO,Fertility rate,Y30T34,From 30 to 34 years,F,Female,BR_L_W,Live births per woman,2017,,0.49,,USA,United States,A,Normal value,0,Units,2,Two
US56,Wyoming,_Z,Not applicable,FERT_RATIO,Fertility rate,Y30T34,From 30 to 34 years,F,Female,BR_L_W,Live births per woman,2017,,0.46,,USA,United States,A,Normal value,0,Units,2,Two
US34,New Jersey,_Z,Not applicable,FERT_RATIO,Fertility rate,Y30T34,From 30 to 34 years,F,Female,BR_L_W,Live births per woman,2017,,0.59,,USA,United States,A,Normal value,0,Units,2,Two
US25,Massachusetts,_Z,Not applicable,FERT_RATIO,Fertility rate,Y30T34,From 30 to 34 years,F,Female,BR_L_W,Live births per woman,2017,,0.54,,USA,United States,A,Normal value,0,Units,2,Two
US10,Delaware,_Z,Not applicable,FERT_RATIO,Fertility rate,Y30T34,From 30 to 34 years,F,Female,BR_L_W,Live births per woman,2017,,0.52,,USA,United States,A,Normal value,0,Units,2,Two
US11,District of Columbia,_Z,Not applicable,FERT_RATIO,Fertility rate,Y30T34,From 30 to 34 years,F,Female,BR_L_W,Live births per woman,2017,,0.37,,USA,United States,A,Normal value,0,Units,2,Two
US33,New Hampshire,_Z,Not applicable,FERT_RATIO,Fertility rate,Y30T34,From 30 to 34 years,F,Female,BR_L_W,Live births per woman,2017,,0.52,,USA,United States,A,Normal value,0,Units,2,Two
US42,Pennsylvania,_Z,Not applicable,FERT_RATIO,Fertility rate,Y30T34,From 30 to 34 years,F,Female,BR_L_W,Live births per woman,2017,,0.52,,USA,United States,A,Normal value,0,Units,2,Two
US27,Minnesota,_Z,Not applicable,FERT_RATIO,Fertility rate,Y30T34,From 30 to 34 years,F,Female,BR_L_W,Live births per woman,2017,,0.62,,USA,United States,A,Normal value,0,Units,2,Two
US08,Colorado,_Z,Not applicable,FERT_RATIO,Fertility rate,Y30T34,From 30 to 34 years,F,Female,BR_L_W,Live births per woman,2017,,0.48,,USA,United States,A,Normal value,0,Units,2,Two
US31,Nebraska,_Z,Not applicable,FERT_RATIO,Fertility rate,Y30T34,From 30 to 34 years,F,Female,BR_L_W,Live births per woman,2017,,0.6,,USA,United States,A,Normal value,0,Units,2,Two
US38,North Dakota,_Z,Not applicable,FERT_RATIO,Fertility rate,Y30T34,From 30 to 34 years,F,Female,BR_L_W,Live births per woman,2017,,0.63,,USA,United States,A,Normal value,0,Units,2,Two
US12,Florida,_Z,Not applicable,FERT_RATIO,Fertility rate,Y30T34,From 30 to 34 years,F,Female,BR_L_W,Live births per woman,2017,,0.48,,USA,United States,A,Normal value,0,Units,2,Two
US41,Oregon,_Z,Not applicable,FERT_RATIO,Fertility rate,Y30T34,From 30 to 34 years,F,Female,BR_L_W,Live births per woman,2017,,0.45,,USA,United States,A,Normal value,0,Units,2,Two
US48,Texas,_Z,Not applicable,FERT_RATIO,Fertility rate,Y30T34,From 30 to 34 years,F,Female,BR_L_W,Live births per woman,2017,,0.49,,USA,United States,A,Normal value,0,Units,2,Two
US28,Mississippi,_Z,Not applicable,FERT_RATIO,Fertility rate,Y30T34,From 30 to 34 years,F,Female,BR_L_W,Live births per woman,2017,,0.4,,USA,United States,A,Normal value,0,Units,2,Two
US45,South Carolina,_Z,Not applicable,FERT_RATIO,Fertility rate,Y30T34,From 30 to 34 years,F,Female,BR_L_W,Live births per woman,2017,,0.45,,USA,United States,A,Normal value,0,Units,2,Two
US04,Arizona,_Z,Not applicable,FERT_RATIO,Fertility rate,Y30T34,From 30 to 34 years,F,Female,BR_L_W,Live births per woman,2017,,0.47,,USA,United States,A,Normal value,0,Units,2,Two
US08,Colorado,_Z,Not applicable,FERT_RATIO,Fertility rate,Y20T24,From 20 to 24 years,F,Female,BR_L_W,Live births per woman,2017,,0.31,,USA,United States,A,Normal value,0,Units,2,Two
US16,Idaho,_Z,Not applicable,FERT_RATIO,Fertility rate,Y20T24,From 20 to 24 years,F,Female,BR_L_W,Live births per woman,2017,,0.5,,USA,United States,A,Normal value,0,Units,2,Two
US10,Delaware,_Z,Not applicable,FERT_RATIO,Fertility rate,Y20T24,From 20 to 24 years,F,Female,BR_L_W,Live births per woman,2017,,0.34,,USA,United States,A,Normal value,0,Units,2,Two
US11,District of Columbia,_Z,Not applicable,FERT_RATIO,Fertility rate,Y20T24,From 20 to 24 years,F,Female,BR_L_W,Live births per woman,2017,,0.25,,USA,United States,A,Normal value,0,Units,2,Two
US37,North Carolina,_Z,Not applicable,FERT_RATIO,Fertility rate,Y20T24,From 20 to 24 years,F,Female,BR_L_W,Live births per woman,2017,,0.4,,USA,United States,A,Normal value,0,Units,2,Two
US24,Maryland,_Z,Not applicable,FERT_RATIO,Fertility rate,Y20T24,From 20 to 24 years,F,Female,BR_L_W,Live births per woman,2017,,0.29,,USA,United States,A,Normal value,0,Units,2,Two
US48,Texas,_Z,Not applicable,FERT_RATIO,Fertility rate,Y20T24,From 20 to 24 years,F,Female,BR_L_W,Live births per woman,2017,,0.45,,USA,United States,A,Normal value,0,Units,2,Two
US12,Florida,_Z,Not applicable,FERT_RATIO,Fertility rate,Y20T24,From 20 to 24 years,F,Female,BR_L_W,Live births per woman,2017,,0.36,,USA,United States,A,Normal value,0,Units,2,Two
US30,Montana,_Z,Not applicable,FERT_RATIO,Fertility rate,Y20T24,From 20 to 24 years,F,Female,BR_L_W,Live births per woman,2017,,0.37,,USA,United States,A,Normal value,0,Units,2,Two
US40,Oklahoma,_Z,Not applicable,FERT_RATIO,Fertility rate,Y20T24,From 20 to 24 years,F,Female,BR_L_W,Live births per woman,2017,,0.5,,USA,United States,A,Normal value,0,Units,2,Two
US27,Minnesota,_Z,Not applicable,FERT_RATIO,Fertility rate,Y20T24,From 20 to 24 years,F,Female,BR_L_W,Live births per woman,2017,,0.27,,USA,United States,A,Normal value,0,Units,2,Two
US54,West Virginia,_Z,Not applicable,FERT_RATIO,Fertility rate,Y20T24,From 20 to 24 years,F,Female,BR_L_W,Live births per woman,2017,,0.49,,USA,United States,A,Normal value,0,Units,2,Two
US53,Washington,_Z,Not applicable,FERT_RATIO,Fertility rate,Y20T24,From 20 to 24 years,F,Female,BR_L_W,Live births per woman,2017,,0.32,,USA,United States,A,Normal value,0,Units,2,Two
US35,New Mexico,_Z,Not applicable,FERT_RATIO,Fertility rate,Y20T24,From 20 to 24 years,F,Female,BR_L_W,Live births per woman,2017,,0.44,,USA,United States,A,Normal value,0,Units,2,Two
US25,Massachusetts,_Z,Not applicable,FERT_RATIO,Fertility rate,Y20T24,From 20 to 24 years,F,Female,BR_L_W,Live births per woman,2017,,0.16,,USA,United States,A,Normal value,0,Units,2,Two
US47,Tennessee,_Z,Not applicable,FERT_RATIO,Fertility rate,Y20T24,From 20 to 24 years,F,Female,BR_L_W,Live births per woman,2017,,0.46,,USA,United States,A,Normal value,0,Units,2,Two
US19,Iowa,_Z,Not applicable,FERT_RATIO,Fertility rate,Y20T24,From 20 to 24 years,F,Female,BR_L_W,Live births per woman,2017,,0.34,,USA,United States,A,Normal value,0,Units,2,Two
US36,New York,_Z,Not applicable,FERT_RATIO,Fertility rate,Y20T24,From 20 to 24 years,F,Female,BR_L_W,Live births per woman,2017,,0.26,,USA,United States,A,Normal value,0,Units,2,Two
US44,Rhode Island,_Z,Not applicable,FERT_RATIO,Fertility rate,Y20T24,From 20 to 24 years,F,Female,BR_L_W,Live births per woman,2017,,0.23,,USA,United States,A,Normal value,0,Units,2,Two
US02,Alaska,_Z,Not applicable,FERT_RATIO,Fertility rate,Y20T24,From 20 to 24 years,F,Female,BR_L_W,Live births per woman,2017,,0.49,,USA,United States,A,Normal value,0,Units,2,Two
US38,North Dakota,_Z,Not applicable,FERT_RATIO,Fertility rate,Y20T24,From 20 to 24 years,F,Female,BR_L_W,Live births per woman,2017,,0.34,,USA,United States,A,Normal value,0,Units,2,Two
US18,Indiana,_Z,Not applicable,FERT_RATIO,Fertility rate,Y20T24,From 20 to 24 years,F,Female,BR_L_W,Live births per woman,2017,,0.42,,USA,United States,A,Normal value,0,Units,2,Two
US04,Arizona,_Z,Not applicable,FERT_RATIO,Fertility rate,Y20T24,From 20 to 24 years,F,Female,BR_L_W,Live births per woman,2017,,0.4,,USA,United States,A,Normal value,0,Units,2,Two
US23,Maine,_Z,Not applicable,FERT_RATIO,Fertility rate,Y20T24,From 20 to 24 years,F,Female,BR_L_W,Live births per woman,2017,,0.31,,USA,United States,A,Normal value,0,Units,2,Two
US34,New Jersey,_Z,Not applicable,FERT_RATIO,Fertility rate,Y20T24,From 20 to 24 years,F,Female,BR_L_W,Live births per woman,2017,,0.24,,USA,United States,A,Normal value,0,Units,2,Two
US32,Nevada,_Z,Not applicable,FERT_RATIO,Fertility rate,Y20T24,From 20 to 24 years,F,Female,BR_L_W,Live births per woman,2017,,0.44,,USA,United States,A,Normal value,0,Units,2,Two
US42,Pennsylvania,_Z,Not applicable,FERT_RATIO,Fertility rate,Y20T24,From 20 to 24 years,F,Female,BR_L_W,Live births per woman,2017,,0.31,,USA,United States,A,Normal value,0,Units,2,Two
US50,Vermont,_Z,Not applicable,FERT_RATIO,Fertility rate,Y20T24,From 20 to 24 years,F,Female,BR_L_W,Live births per woman,2017,,0.2,,USA,United States,A,Normal value,0,Units,2,Two
US06,California,_Z,Not applicable,FERT_RATIO,Fertility rate,Y20T24,From 20 to 24 years,F,Female,BR_L_W,Live births per woman,2017,,0.29,,USA,United States,A,Normal value,0,Units,2,Two
US31,Nebraska,_Z,Not applicable,FERT_RATIO,Fertility rate,Y20T24,From 20 to 24 years,F,Female,BR_L_W,Live births per woman,2017,,0.37,,USA,United States,A,Normal value,0,Units,2,Two
US01,Alabama,_Z,Not applicable,FERT_RATIO,Fertility rate,Y20T24,From 20 to 24 years,F,Female,BR_L_W,Live births per woman,2017,,0.48,,USA,United States,A,Normal value,0,Units,2,Two
US41,Oregon,_Z,Not applicable,FERT_RATIO,Fertility rate,Y20T24,From 20 to 24 years,F,Female,BR_L_W,Live births per woman,2017,,0.3,,USA,United States,A,Normal value,0,Units,2,Two
US51,Virginia,_Z,Not applicable,FERT_RATIO,Fertility rate,Y20T24,From 20 to 24 years,F,Female,BR_L_W,Live births per woman,2017,,0.32,,USA,United States,A,Normal value,0,Units,2,Two
US39,Ohio,_Z,Not applicable,FERT_RATIO,Fertility rate,Y20T24,From 20 to 24 years,F,Female,BR_L_W,Live births per woman,2017,,0.41,,USA,United States,A,Normal value,0,Units,2,Two
US21,Kentucky,_Z,Not applicable,FERT_RATIO,Fertility rate,Y20T24,From 20 to 24 years,F,Female,BR_L_W,Live births per woman,2017,,0.5,,USA,United States,A,Normal value,0,Units,2,Two
US20,Kansas,_Z,Not applicable,FERT_RATIO,Fertility rate,Y20T24,From 20 to 24 years,F,Female,BR_L_W,Live births per woman,2017,,0.39,,USA,United States,A,Normal value,0,Units,2,Two
US28,Mississippi,_Z,Not applicable,FERT_RATIO,Fertility rate,Y20T24,From 20 to 24 years,F,Female,BR_L_W,Live births per woman,2017,,0.54,,USA,United States,A,Normal value,0,Units,2,Two
US26,Michigan,_Z,Not applicable,FERT_RATIO,Fertility rate,Y20T24,From 20 to 24 years,F,Female,BR_L_W,Live births per woman,2017,,0.33,,USA,United States,A,Normal value,0,Units,2,Two
US56,Wyoming,_Z,Not applicable,FERT_RATIO,Fertility rate,Y20T24,From 20 to 24 years,F,Female,BR_L_W,Live births per woman,2017,,0.44,,USA,United States,A,Normal value,0,Units,2,Two
US15,Hawaii,_Z,Not applicable,FERT_RATIO,Fertility rate,Y20T24,From 20 to 24 years,F,Female,BR_L_W,Live births per woman,2017,,0.41,,USA,United States,A,Normal value,0,Units,2,Two
US33,New Hampshire,_Z,Not applicable,FERT_RATIO,Fertility rate,Y20T24,From 20 to 24 years,F,Female,BR_L_W,Live births per woman,2017,,0.2,,USA,United States,A,Normal value,0,Units,2,Two
US05,Arkansas,_Z,Not applicable,FERT_RATIO,Fertility rate,Y20T24,From 20 to 24 years,F,Female,BR_L_W,Live births per woman,2017,,0.54,,USA,United States,A,Normal value,0,Units,2,Two
US55,Wisconsin,_Z,Not applicable,FERT_RATIO,Fertility rate,Y20T24,From 20 to 24 years,F,Female,BR_L_W,Live births per woman,2017,,0.29,,USA,United States,A,Normal value,0,Units,2,Two
US45,South Carolina,_Z,Not applicable,FERT_RATIO,Fertility rate,Y20T24,From 20 to 24 years,F,Female,BR_L_W,Live births per woman,2017,,0.42,,USA,United States,A,Normal value,0,Units,2,Two
US46,South Dakota,_Z,Not applicable,FERT_RATIO,Fertility rate,Y20T24,From 20 to 24 years,F,Female,BR_L_W,Live births per woman,2017,,0.44,,USA,United States,A,Normal value,0,Units,2,Two
US49,Utah,_Z,Not applicable,FERT_RATIO,Fertility rate,Y20T24,From 20 to 24 years,F,Female,BR_L_W,Live births per woman,2017,,0.41,,USA,United States,A,Normal value,0,Units,2,Two
US13,Georgia,_Z,Not applicable,FERT_RATIO,Fertility rate,Y20T24,From 20 to 24 years,F,Female,BR_L_W,Live births per woman,2017,,0.42,,USA,United States,A,Normal value,0,Units,2,Two
US29,Missouri,_Z,Not applicable,FERT_RATIO,Fertility rate,Y20T24,From 20 to 24 years,F,Female,BR_L_W,Live births per woman,2017,,0.41,,USA,United States,A,Normal value,0,Units,2,Two
US09,Connecticut,_Z,Not applicable,FERT_RATIO,Fertility rate,Y20T24,From 20 to 24 years,F,Female,BR_L_W,Live births per woman,2017,,0.19,,USA,United States,A,Normal value,0,Units,2,Two
US22,Louisiana,_Z,Not applicable,FERT_RATIO,Fertility rate,Y20T24,From 20 to 24 years,F,Female,BR_L_W,Live births per woman,2017,,0.51,,USA,United States,A,Normal value,0,Units,2,Two
US17,Illinois,_Z,Not applicable,FERT_RATIO,Fertility rate,Y20T24,From 20 to 24 years,F,Female,BR_L_W,Live births per woman,2017,,0.31,,USA,United States,A,Normal value,0,Units,2,Two
US28,Mississippi,_Z,Not applicable,FERT_RATIO,Fertility rate,Y15T19,From 15 to 19 years,F,Female,BR_L_W,Live births per woman,2017,,0.16,,USA,United States,A,Normal value,0,Units,2,Two
US36,New York,_Z,Not applicable,FERT_RATIO,Fertility rate,Y15T19,From 15 to 19 years,F,Female,BR_L_W,Live births per woman,2017,,0.06,,USA,United States,A,Normal value,0,Units,2,Two
US33,New Hampshire,_Z,Not applicable,FERT_RATIO,Fertility rate,Y15T19,From 15 to 19 years,F,Female,BR_L_W,Live births per woman,2017,,0.04,,USA,United States,A,Normal value,0,Units,2,Two
US53,Washington,_Z,Not applicable,FERT_RATIO,Fertility rate,Y15T19,From 15 to 19 years,F,Female,BR_L_W,Live births per woman,2017,,0.07,,USA,United States,A,Normal value,0,Units,2,Two
US13,Georgia,_Z,Not applicable,FERT_RATIO,Fertility rate,Y15T19,From 15 to 19 years,F,Female,BR_L_W,Live births per woman,2017,,0.11,,USA,United States,A,Normal value,0,Units,2,Two
US23,Maine,_Z,Not applicable,FERT_RATIO,Fertility rate,Y15T19,From 15 to 19 years,F,Female,BR_L_W,Live births per woman,2017,,0.07,,USA,United States,A,Normal value,0,Units,2,Two
US39,Ohio,_Z,Not applicable,FERT_RATIO,Fertility rate,Y15T19,From 15 to 19 years,F,Female,BR_L_W,Live births per woman,2017,,0.11,,USA,United States,A,Normal value,0,Units,2,Two
US55,Wisconsin,_Z,Not applicable,FERT_RATIO,Fertility rate,Y15T19,From 15 to 19 years,F,Female,BR_L_W,Live births per woman,2017,,0.07,,USA,United States,A,Normal value,0,Units,2,Two
US05,Arkansas,_Z,Not applicable,FERT_RATIO,Fertility rate,Y15T19,From 15 to 19 years,F,Female,BR_L_W,Live births per woman,2017,,0.17,,USA,United States,A,Normal value,0,Units,2,Two
US38,North Dakota,_Z,Not applicable,FERT_RATIO,Fertility rate,Y15T19,From 15 to 19 years,F,Female,BR_L_W,Live births per woman,2017,,0.08,,USA,United States,A,Normal value,0,Units,2,Two
US19,Iowa,_Z,Not applicable,FERT_RATIO,Fertility rate,Y15T19,From 15 to 19 years,F,Female,BR_L_W,Live births per woman,2017,,0.08,,USA,United States,A,Normal value,0,Units,2,Two
US46,South Dakota,_Z,Not applicable,FERT_RATIO,Fertility rate,Y15T19,From 15 to 19 years,F,Female,BR_L_W,Live births per woman,2017,,0.11,,USA,United States,A,Normal value,0,Units,2,Two
US09,Connecticut,_Z,Not applicable,FERT_RATIO,Fertility rate,Y15T19,From 15 to 19 years,F,Female,BR_L_W,Live births per woman,2017,,0.04,,USA,United States,A,Normal value,0,Units,2,Two
US40,Oklahoma,_Z,Not applicable,FERT_RATIO,Fertility rate,Y15T19,From 15 to 19 years,F,Female,BR_L_W,Live births per woman,2017,,0.15,,USA,United States,A,Normal value,0,Units,2,Two
US24,Maryland,_Z,Not applicable,FERT_RATIO,Fertility rate,Y15T19,From 15 to 19 years,F,Female,BR_L_W,Live births per woman,2017,,0.07,,USA,United States,A,Normal value,0,Units,2,Two
US56,Wyoming,_Z,Not applicable,FERT_RATIO,Fertility rate,Y15T19,From 15 to 19 years,F,Female,BR_L_W,Live births per woman,2017,,0.12,,USA,United States,A,Normal value,0,Units,2,Two
US27,Minnesota,_Z,Not applicable,FERT_RATIO,Fertility rate,Y15T19,From 15 to 19 years,F,Female,BR_L_W,Live births per woman,2017,,0.06,,USA,United States,A,Normal value,0,Units,2,Two
US34,New Jersey,_Z,Not applicable,FERT_RATIO,Fertility rate,Y15T19,From 15 to 19 years,F,Female,BR_L_W,Live births per woman,2017,,0.05,,USA,United States,A,Normal value,0,Units,2,Two
US01,Alabama,_Z,Not applicable,FERT_RATIO,Fertility rate,Y15T19,From 15 to 19 years,F,Female,BR_L_W,Live births per woman,2017,,0.14,,USA,United States,A,Normal value,0,Units,2,Two
US18,Indiana,_Z,Not applicable,FERT_RATIO,Fertility rate,Y15T19,From 15 to 19 years,F,Female,BR_L_W,Live births per woman,2017,,0.12,,USA,United States,A,Normal value,0,Units,2,Two
US35,New Mexico,_Z,Not applicable,FERT_RATIO,Fertility rate,Y15T19,From 15 to 19 years,F,Female,BR_L_W,Live births per woman,2017,,0.14,,USA,United States,A,Normal value,0,Units,2,Two
US10,Delaware,_Z,Not applicable,FERT_RATIO,Fertility rate,Y15T19,From 15 to 19 years,F,Female,BR_L_W,Live births per woman,2017,,0.09,,USA,United States,A,Normal value,0,Units,2,Two
US49,Utah,_Z,Not applicable,FERT_RATIO,Fertility rate,Y15T19,From 15 to 19 years,F,Female,BR_L_W,Live births per woman,2017,,0.08,,USA,United States,A,Normal value,0,Units,2,Two
US47,Tennessee,_Z,Not applicable,FERT_RATIO,Fertility rate,Y15T19,From 15 to 19 years,F,Female,BR_L_W,Live births per woman,2017,,0.13,,USA,United States,A,Normal value,0,Units,2,Two
US41,Oregon,_Z,Not applicable,FERT_RATIO,Fertility rate,Y15T19,From 15 to 19 years,F,Female,BR_L_W,Live births per woman,2017,,0.08,,USA,United States,A,Normal value,0,Units,2,Two
US12,Florida,_Z,Not applicable,FERT_RATIO,Fertility rate,Y15T19,From 15 to 19 years,F,Female,BR_L_W,Live births per woman,2017,,0.09,,USA,United States,A,Normal value,0,Units,2,Two
US54,West Virginia,_Z,Not applicable,FERT_RATIO,Fertility rate,Y15T19,From 15 to 19 years,F,Female,BR_L_W,Live births per woman,2017,,0.14,,USA,United States,A,Normal value,0,Units,2,Two
US15,Hawaii,_Z,Not applicable,FERT_RATIO,Fertility rate,Y15T19,From 15 to 19 years,F,Female,BR_L_W,Live births per woman,2017,,0.1,,USA,United States,A,Normal value,0,Units,2,Two
US50,Vermont,_Z,Not applicable,FERT_RATIO,Fertility rate,Y15T19,From 15 to 19 years,F,Female,BR_L_W,Live births per woman,2017,,0.05,,USA,United States,A,Normal value,0,Units,2,Two
US06,California,_Z,Not applicable,FERT_RATIO,Fertility rate,Y15T19,From 15 to 19 years,F,Female,BR_L_W,Live births per woman,2017,,0.08,,USA,United States,A,Normal value,0,Units,2,Two
US17,Illinois,_Z,Not applicable,FERT_RATIO,Fertility rate,Y15T19,From 15 to 19 years,F,Female,BR_L_W,Live births per woman,2017,,0.09,,USA,United States,A,Normal value,0,Units,2,Two
US48,Texas,_Z,Not applicable,FERT_RATIO,Fertility rate,Y15T19,From 15 to 19 years,F,Female,BR_L_W,Live births per woman,2017,,0.14,,USA,United States,A,Normal value,0,Units,2,Two
US45,South Carolina,_Z,Not applicable,FERT_RATIO,Fertility rate,Y15T19,From 15 to 19 years,F,Female,BR_L_W,Live births per woman,2017,,0.11,,USA,United States,A,Normal value,0,Units,2,Two
US08,Colorado,_Z,Not applicable,FERT_RATIO,Fertility rate,Y15T19,From 15 to 19 years,F,Female,BR_L_W,Live births per woman,2017,,0.08,,USA,United States,A,Normal value,0,Units,2,Two
US16,Idaho,_Z,Not applicable,FERT_RATIO,Fertility rate,Y15T19,From 15 to 19 years,F,Female,BR_L_W,Live births per woman,2017,,0.09,,USA,United States,A,Normal value,0,Units,2,Two
US21,Kentucky,_Z,Not applicable,FERT_RATIO,Fertility rate,Y15T19,From 15 to 19 years,F,Female,BR_L_W,Live births per woman,2017,,0.15,,USA,United States,A,Normal value,0,Units,2,Two
US22,Louisiana,_Z,Not applicable,FERT_RATIO,Fertility rate,Y15T19,From 15 to 19 years,F,Female,BR_L_W,Live births per woman,2017,,0.15,,USA,United States,A,Normal value,0,Units,2,Two
US31,Nebraska,_Z,Not applicable,FERT_RATIO,Fertility rate,Y15T19,From 15 to 19 years,F,Female,BR_L_W,Live births per woman,2017,,0.09,,USA,United States,A,Normal value,0,Units,2,Two
US04,Arizona,_Z,Not applicable,FERT_RATIO,Fertility rate,Y15T19,From 15 to 19 years,F,Female,BR_L_W,Live births per woman,2017,,0.11,,USA,United States,A,Normal value,0,Units,2,Two
US30,Montana,_Z,Not applicable,FERT_RATIO,Fertility rate,Y15T19,From 15 to 19 years,F,Female,BR_L_W,Live births per woman,2017,,0.11,,USA,United States,A,Normal value,0,Units,2,Two
US32,Nevada,_Z,Not applicable,FERT_RATIO,Fertility rate,Y15T19,From 15 to 19 years,F,Female,BR_L_W,Live births per woman,2017,,0.11,,USA,United States,A,Normal value,0,Units,2,Two
US25,Massachusetts,_Z,Not applicable,FERT_RATIO,Fertility rate,Y15T19,From 15 to 19 years,F,Female,BR_L_W,Live births per woman,2017,,0.04,,USA,United States,A,Normal value,0,Units,2,Two
US29,Missouri,_Z,Not applicable,FERT_RATIO,Fertility rate,Y15T19,From 15 to 19 years,F,Female,BR_L_W,Live births per woman,2017,,0.11,,USA,United States,A,Normal value,0,Units,2,Two
US44,Rhode Island,_Z,Not applicable,FERT_RATIO,Fertility rate,Y15T19,From 15 to 19 years,F,Female,BR_L_W,Live births per woman,2017,,0.06,,USA,United States,A,Normal value,0,Units,2,Two
US11,District of Columbia,_Z,Not applicable,FERT_RATIO,Fertility rate,Y15T19,From 15 to 19 years,F,Female,BR_L_W,Live births per woman,2017,,0.11,,USA,United States,A,Normal value,0,Units,2,Two
US20,Kansas,_Z,Not applicable,FERT_RATIO,Fertility rate,Y15T19,From 15 to 19 years,F,Female,BR_L_W,Live births per woman,2017,,0.11,,USA,United States,A,Normal value,0,Units,2,Two
US37,North Carolina,_Z,Not applicable,FERT_RATIO,Fertility rate,Y15T19,From 15 to 19 years,F,Female,BR_L_W,Live births per woman,2017,,0.1,,USA,United States,A,Normal value,0,Units,2,Two
US26,Michigan,_Z,Not applicable,FERT_RATIO,Fertility rate,Y15T19,From 15 to 19 years,F,Female,BR_L_W,Live births per woman,2017,,0.08,,USA,United States,A,Normal value,0,Units,2,Two
US02,Alaska,_Z,Not applicable,FERT_RATIO,Fertility rate,Y15T19,From 15 to 19 years,F,Female,BR_L_W,Live births per woman,2017,,0.11,,USA,United States,A,Normal value,0,Units,2,Two
US51,Virginia,_Z,Not applicable,FERT_RATIO,Fertility rate,Y15T19,From 15 to 19 years,F,Female,BR_L_W,Live births per woman,2017,,0.08,,USA,United States,A,Normal value,0,Units,2,Two
US42,Pennsylvania,_Z,Not applicable,FERT_RATIO,Fertility rate,Y15T19,From 15 to 19 years,F,Female,BR_L_W,Live births per woman,2017,,0.07,,USA,United States,A,Normal value,0,Units,2,Two
US45,South Carolina,_Z,Not applicable,FERT_RATIO,Fertility rate,_T,Total,F,Female,BR_L_W,Live births per woman,2017,,1.731,,USA,United States,A,Normal value,0,Units,2,Two
US39,Ohio,_Z,Not applicable,FERT_RATIO,Fertility rate,_T,Total,F,Female,BR_L_W,Live births per woman,2017,,1.826,,USA,United States,A,Normal value,0,Units,2,Two
US17,Illinois,_Z,Not applicable,FERT_RATIO,Fertility rate,_T,Total,F,Female,BR_L_W,Live births per woman,2017,,1.733,,USA,United States,A,Normal value,0,Units,2,Two
US25,Massachusetts,_Z,Not applicable,FERT_RATIO,Fertility rate,_T,Total,F,Female,BR_L_W,Live births per woman,2017,,1.506,,USA,United States,A,Normal value,0,Units,2,Two
US11,District of Columbia,_Z,Not applicable,FERT_RATIO,Fertility rate,_T,Total,F,Female,BR_L_W,Live births per woman,2017,,1.421,,USA,United States,A,Normal value,0,Units,2,Two
US15,Hawaii,_Z,Not applicable,FERT_RATIO,Fertility rate,_T,Total,F,Female,BR_L_W,Live births per woman,2017,,1.893,,USA,United States,A,Normal value,0,Units,2,Two
US19,Iowa,_Z,Not applicable,FERT_RATIO,Fertility rate,_T,Total,F,Female,BR_L_W,Live births per woman,2017,,1.935,,USA,United States,A,Normal value,0,Units,2,Two
US48,Texas,_Z,Not applicable,FERT_RATIO,Fertility rate,_T,Total,F,Female,BR_L_W,Live births per woman,2017,,1.916,,USA,United States,A,Normal value,0,Units,2,Two
US33,New Hampshire,_Z,Not applicable,FERT_RATIO,Fertility rate,_T,Total,F,Female,BR_L_W,Live births per woman,2017,,1.515,,USA,United States,A,Normal value,0,Units,2,Two
US22,Louisiana,_Z,Not applicable,FERT_RATIO,Fertility rate,_T,Total,F,Female,BR_L_W,Live births per woman,2017,,1.876,,USA,United States,A,Normal value,0,Units,2,Two
US16,Idaho,_Z,Not applicable,FERT_RATIO,Fertility rate,_T,Total,F,Female,BR_L_W,Live births per woman,2017,,2.012,,USA,United States,A,Normal value,0,Units,2,Two
US38,North Dakota,_Z,Not applicable,FERT_RATIO,Fertility rate,_T,Total,F,Female,BR_L_W,Live births per woman,2017,,2.065,,USA,United States,A,Normal value,0,Units,2,Two
US23,Maine,_Z,Not applicable,FERT_RATIO,Fertility rate,_T,Total,F,Female,BR_L_W,Live births per woman,2017,,1.581,,USA,United States,A,Normal value,0,Units,2,Two
US13,Georgia,_Z,Not applicable,FERT_RATIO,Fertility rate,_T,Total,F,Female,BR_L_W,Live births per woman,2017,,1.788,,USA,United States,A,Normal value,0,Units,2,Two
US37,North Carolina,_Z,Not applicable,FERT_RATIO,Fertility rate,_T,Total,F,Female,BR_L_W,Live births per woman,2017,,1.767,,USA,United States,A,Normal value,0,Units,2,Two
US32,Nevada,_Z,Not applicable,FERT_RATIO,Fertility rate,_T,Total,F,Female,BR_L_W,Live births per woman,2017,,1.771,,USA,United States,A,Normal value,0,Units,2,Two
US05,Arkansas,_Z,Not applicable,FERT_RATIO,Fertility rate,_T,Total,F,Female,BR_L_W,Live births per woman,2017,,1.906,,USA,United States,A,Normal value,0,Units,2,Two
US34,New Jersey,_Z,Not applicable,FERT_RATIO,Fertility rate,_T,Total,F,Female,BR_L_W,Live births per woman,2017,,1.755,,USA,United States,A,Normal value,0,Units,2,Two
US54,West Virginia,_Z,Not applicable,FERT_RATIO,Fertility rate,_T,Total,F,Female,BR_L_W,Live births per woman,2017,,1.731,,USA,United States,A,Normal value,0,Units,2,Two
US29,Missouri,_Z,Not applicable,FERT_RATIO,Fertility rate,_T,Total,F,Female,BR_L_W,Live births per woman,2017,,1.813,,USA,United States,A,Normal value,0,Units,2,Two
US41,Oregon,_Z,Not applicable,FERT_RATIO,Fertility rate,_T,Total,F,Female,BR_L_W,Live births per woman,2017,,1.562,,USA,United States,A,Normal value,0,Units,2,Two
US55,Wisconsin,_Z,Not applicable,FERT_RATIO,Fertility rate,_T,Total,F,Female,BR_L_W,Live births per woman,2017,,1.787,,USA,United States,A,Normal value,0,Units,2,Two
US47,Tennessee,_Z,Not applicable,FERT_RATIO,Fertility rate,_T,Total,F,Female,BR_L_W,Live births per woman,2017,,1.802,,USA,United States,A,Normal value,0,Units,2,Two
US10,Delaware,_Z,Not applicable,FERT_RATIO,Fertility rate,_T,Total,F,Female,BR_L_W,Live births per woman,2017,,1.751,,USA,United States,A,Normal value,0,Units,2,Two
US40,Oklahoma,_Z,Not applicable,FERT_RATIO,Fertility rate,_T,Total,F,Female,BR_L_W,Live births per woman,2017,,1.897,,USA,United States,A,Normal value,0,Units,2,Two
US08,Colorado,_Z,Not applicable,FERT_RATIO,Fertility rate,_T,Total,F,Female,BR_L_W,Live births per woman,2017,,1.63,,USA,United States,A,Normal value,0,Units,2,Two
US46,South Dakota,_Z,Not applicable,FERT_RATIO,Fertility rate,_T,Total,F,Female,BR_L_W,Live births per woman,2017,,2.2275,,USA,United States,A,Normal value,0,Units,2,Two
US30,Montana,_Z,Not applicable,FERT_RATIO,Fertility rate,_T,Total,F,Female,BR_L_W,Live births per woman,2017,,1.8035,,USA,United States,A,Normal value,0,Units,2,Two
US20,Kansas,_Z,Not applicable,FERT_RATIO,Fertility rate,_T,Total,F,Female,BR_L_W,Live births per woman,2017,,1.9265,,USA,United States,A,Normal value,0,Units,2,Two
US26,Michigan,_Z,Not applicable,FERT_RATIO,Fertility rate,_T,Total,F,Female,BR_L_W,Live births per woman,2017,,1.7615,,USA,United States,A,Normal value,0,Units,2,Two
US50,Vermont,_Z,Not applicable,FERT_RATIO,Fertility rate,_T,Total,F,Female,BR_L_W,Live births per woman,2017,,1.5195,,USA,United States,A,Normal value,0,Units,2,Two
US51,Virginia,_Z,Not applicable,FERT_RATIO,Fertility rate,_T,Total,F,Female,BR_L_W,Live births per woman,2017,,1.7485,,USA,United States,A,Normal value,0,Units,2,Two
US49,Utah,_Z,Not applicable,FERT_RATIO,Fertility rate,_T,Total,F,Female,BR_L_W,Live births per woman,2017,,2.1205,,USA,United States,A,Normal value,0,Units,2,Two
US04,Arizona,_Z,Not applicable,FERT_RATIO,Fertility rate,_T,Total,F,Female,BR_L_W,Live births per woman,2017,,1.7915,,USA,United States,A,Normal value,0,Units,2,Two
US36,New York,_Z,Not applicable,FERT_RATIO,Fertility rate,_T,Total,F,Female,BR_L_W,Live births per woman,2017,,1.6545,,USA,United States,A,Normal value,0,Units,2,Two
US28,Mississippi,_Z,Not applicable,FERT_RATIO,Fertility rate,_T,Total,F,Female,BR_L_W,Live births per woman,2017,,1.8515,,USA,United States,A,Normal value,0,Units,2,Two
US35,New Mexico,_Z,Not applicable,FERT_RATIO,Fertility rate,_T,Total,F,Female,BR_L_W,Live births per woman,2017,,1.7565,,USA,United States,A,Normal value,0,Units,2,Two
US24,Maryland,_Z,Not applicable,FERT_RATIO,Fertility rate,_T,Total,F,Female,BR_L_W,Live births per woman,2017,,1.7525,,USA,United States,A,Normal value,0,Units,2,Two
US02,Alaska,_Z,Not applicable,FERT_RATIO,Fertility rate,_T,Total,F,Female,BR_L_W,Live births per woman,2017,,2.021,,USA,United States,A,Normal value,0,Units,2,Two
US09,Connecticut,_Z,Not applicable,FERT_RATIO,Fertility rate,_T,Total,F,Female,BR_L_W,Live births per woman,2017,,1.5915,,USA,United States,A,Normal value,0,Units,2,Two
US42,Pennsylvania,_Z,Not applicable,FERT_RATIO,Fertility rate,_T,Total,F,Female,BR_L_W,Live births per woman,2017,,1.6935,,USA,United States,A,Normal value,0,Units,2,Two
US01,Alabama,_Z,Not applicable,FERT_RATIO,Fertility rate,_T,Total,F,Female,BR_L_W,Live births per woman,2017,,1.8215,,USA,United States,A,Normal value,0,Units,2,Two
US44,Rhode Island,_Z,Not applicable,FERT_RATIO,Fertility rate,_T,Total,F,Female,BR_L_W,Live births per woman,2017,,1.5085,,USA,United States,A,Normal value,0,Units,2,Two
US06,California,_Z,Not applicable,FERT_RATIO,Fertility rate,_T,Total,F,Female,BR_L_W,Live births per woman,2017,,1.6925,,USA,United States,A,Normal value,0,Units,2,Two
US18,Indiana,_Z,Not applicable,FERT_RATIO,Fertility rate,_T,Total,F,Female,BR_L_W,Live births per woman,2017,,1.8725,,USA,United States,A,Normal value,0,Units,2,Two
US56,Wyoming,_Z,Not applicable,FERT_RATIO,Fertility rate,_T,Total,F,Female,BR_L_W,Live births per woman,2017,,1.8615,,USA,United States,A,Normal value,0,Units,2,Two
US31,Nebraska,_Z,Not applicable,FERT_RATIO,Fertility rate,_T,Total,F,Female,BR_L_W,Live births per woman,2017,,2.0615,,USA,United States,A,Normal value,0,Units,2,Two
US53,Washington,_Z,Not applicable,FERT_RATIO,Fertility rate,_T,Total,F,Female,BR_L_W,Live births per woman,2017,,1.7135,,USA,United States,A,Normal value,0,Units,2,Two
US12,Florida,_Z,Not applicable,FERT_RATIO,Fertility rate,_T,Total,F,Female,BR_L_W,Live births per woman,2017,,1.7135,,USA,United States,A,Normal value,0,Units,2,Two
US27,Minnesota,_Z,Not applicable,FERT_RATIO,Fertility rate,_T,Total,F,Female,BR_L_W,Live births per woman,2017,,1.8725,,USA,United States,A,Normal value,0,Units,2,Two
US21,Kentucky,_Z,Not applicable,FERT_RATIO,Fertility rate,_T,Total,F,Female,BR_L_W,Live births per woman,2017,,1.9035,,USA,United States,A,Normal value,0,Units,2,Two
US05,Arkansas,_Z,Not applicable,FERT_RATIO,Fertility rate,Y40T44,From 40 to 44 years,F,Female,BR_L_W,Live births per woman,2018,,0.03,,USA,United States,A,Normal value,0,Units,2,Two
US54,West Virginia,_Z,Not applicable,FERT_RATIO,Fertility rate,Y40T44,From 40 to 44 years,F,Female,BR_L_W,Live births per woman,2018,,0.03,,USA,United States,A,Normal value,0,Units,2,Two
US15,Hawaii,_Z,Not applicable,FERT_RATIO,Fertility rate,Y40T44,From 40 to 44 years,F,Female,BR_L_W,Live births per woman,2018,,0.09,,USA,United States,A,Normal value,0,Units,2,Two
US21,Kentucky,_Z,Not applicable,FERT_RATIO,Fertility rate,Y40T44,From 40 to 44 years,F,Female,BR_L_W,Live births per woman,2018,,0.03,,USA,United States,A,Normal value,0,Units,2,Two
US06,California,_Z,Not applicable,FERT_RATIO,Fertility rate,Y40T44,From 40 to 44 years,F,Female,BR_L_W,Live births per woman,2018,,0.08,,USA,United States,A,Normal value,0,Units,2,Two
US36,New York,_Z,Not applicable,FERT_RATIO,Fertility rate,Y40T44,From 40 to 44 years,F,Female,BR_L_W,Live births per woman,2018,,0.09,,USA,United States,A,Normal value,0,Units,2,Two
US24,Maryland,_Z,Not applicable,FERT_RATIO,Fertility rate,Y40T44,From 40 to 44 years,F,Female,BR_L_W,Live births per woman,2018,,0.07,,USA,United States,A,Normal value,0,Units,2,Two
US44,Rhode Island,_Z,Not applicable,FERT_RATIO,Fertility rate,Y40T44,From 40 to 44 years,F,Female,BR_L_W,Live births per woman,2018,,0.07,,USA,United States,A,Normal value,0,Units,2,Two
US09,Connecticut,_Z,Not applicable,FERT_RATIO,Fertility rate,Y40T44,From 40 to 44 years,F,Female,BR_L_W,Live births per woman,2018,,0.07,,USA,United States,A,Normal value,0,Units,2,Two
US34,New Jersey,_Z,Not applicable,FERT_RATIO,Fertility rate,Y40T44,From 40 to 44 years,F,Female,BR_L_W,Live births per woman,2018,,0.08,,USA,United States,A,Normal value,0,Units,2,Two
US25,Massachusetts,_Z,Not applicable,FERT_RATIO,Fertility rate,Y40T44,From 40 to 44 years,F,Female,BR_L_W,Live births per woman,2018,,0.08,,USA,United States,A,Normal value,0,Units,2,Two
US11,District of Columbia,_Z,Not applicable,FERT_RATIO,Fertility rate,Y40T44,From 40 to 44 years,F,Female,BR_L_W,Live births per woman,2018,,0.11,,USA,United States,A,Normal value,0,Units,2,Two
US01,Alabama,_Z,Not applicable,FERT_RATIO,Fertility rate,Y40T44,From 40 to 44 years,F,Female,BR_L_W,Live births per woman,2018,,0.03,,USA,United States,A,Normal value,0,Units,2,Two
US28,Mississippi,_Z,Not applicable,FERT_RATIO,Fertility rate,Y40T44,From 40 to 44 years,F,Female,BR_L_W,Live births per woman,2018,,0.03,,USA,United States,A,Normal value,0,Units,2,Two
US08,Colorado,_Z,Not applicable,FERT_RATIO,Fertility rate,Y40T44,From 40 to 44 years,F,Female,BR_L_W,Live births per woman,2018,,0.06,,USA,United States,A,Normal value,0,Units,2,Two
US41,Oregon,_Z,Not applicable,FERT_RATIO,Fertility rate,Y40T44,From 40 to 44 years,F,Female,BR_L_W,Live births per woman,2018,,0.06,,USA,United States,A,Normal value,0,Units,2,Two
US53,Washington,_Z,Not applicable,FERT_RATIO,Fertility rate,Y40T44,From 40 to 44 years,F,Female,BR_L_W,Live births per woman,2018,,0.06,,USA,United States,A,Normal value,0,Units,2,Two
US17,Illinois,_Z,Not applicable,FERT_RATIO,Fertility rate,Y40T44,From 40 to 44 years,F,Female,BR_L_W,Live births per woman,2018,,0.06,,USA,United States,A,Normal value,0,Units,2,Two
US27,Minnesota,_Z,Not applicable,FERT_RATIO,Fertility rate,Y40T44,From 40 to 44 years,F,Female,BR_L_W,Live births per woman,2018,,0.06,,USA,United States,A,Normal value,0,Units,2,Two
US51,Virginia,_Z,Not applicable,FERT_RATIO,Fertility rate,Y40T44,From 40 to 44 years,F,Female,BR_L_W,Live births per woman,2018,,0.06,,USA,United States,A,Normal value,0,Units,2,Two
US48,Texas,_Z,Not applicable,FERT_RATIO,Fertility rate,Y40T44,From 40 to 44 years,F,Female,BR_L_W,Live births per woman,2018,,0.06,,USA,United States,A,Normal value,0,Units,2,Two
US12,Florida,_Z,Not applicable,FERT_RATIO,Fertility rate,Y40T44,From 40 to 44 years,F,Female,BR_L_W,Live births per woman,2018,,0.06,,USA,United States,A,Normal value,0,Units,2,Two
US49,Utah,_Z,Not applicable,FERT_RATIO,Fertility rate,Y40T44,From 40 to 44 years,F,Female,BR_L_W,Live births per woman,2018,,0.06,,USA,United States,A,Normal value,0,Units,2,Two
US02,Alaska,_Z,Not applicable,FERT_RATIO,Fertility rate,Y40T44,From 40 to 44 years,F,Female,BR_L_W,Live births per woman,2018,,0.06,,USA,United States,A,Normal value,0,Units,2,Two
US32,Nevada,_Z,Not applicable,FERT_RATIO,Fertility rate,Y40T44,From 40 to 44 years,F,Female,BR_L_W,Live births per woman,2018,,0.06,,USA,United States,A,Normal value,0,Units,2,Two
US33,New Hampshire,_Z,Not applicable,FERT_RATIO,Fertility rate,Y40T44,From 40 to 44 years,F,Female,BR_L_W,Live births per woman,2018,,0.05,,USA,United States,A,Normal value,0,Units,2,Two
US56,Wyoming,_Z,Not applicable,FERT_RATIO,Fertility rate,Y40T44,From 40 to 44 years,F,Female,BR_L_W,Live births per woman,2018,,0.05,,USA,United States,A,Normal value,0,Units,2,Two
US38,North Dakota,_Z,Not applicable,FERT_RATIO,Fertility rate,Y40T44,From 40 to 44 years,F,Female,BR_L_W,Live births per woman,2018,,0.05,,USA,United States,A,Normal value,0,Units,2,Two
US50,Vermont,_Z,Not applicable,FERT_RATIO,Fertility rate,Y40T44,From 40 to 44 years,F,Female,BR_L_W,Live births per woman,2018,,0.05,,USA,United States,A,Normal value,0,Units,2,Two
US04,Arizona,_Z,Not applicable,FERT_RATIO,Fertility rate,Y40T44,From 40 to 44 years,F,Female,BR_L_W,Live births per woman,2018,,0.05,,USA,United States,A,Normal value,0,Units,2,Two
US13,Georgia,_Z,Not applicable,FERT_RATIO,Fertility rate,Y40T44,From 40 to 44 years,F,Female,BR_L_W,Live births per woman,2018,,0.05,,USA,United States,A,Normal value,0,Units,2,Two
US55,Wisconsin,_Z,Not applicable,FERT_RATIO,Fertility rate,Y40T44,From 40 to 44 years,F,Female,BR_L_W,Live births per woman,2018,,0.05,,USA,United States,A,Normal value,0,Units,2,Two
US42,Pennsylvania,_Z,Not applicable,FERT_RATIO,Fertility rate,Y40T44,From 40 to 44 years,F,Female,BR_L_W,Live births per woman,2018,,0.05,,USA,United States,A,Normal value,0,Units,2,Two
US26,Michigan,_Z,Not applicable,FERT_RATIO,Fertility rate,Y40T44,From 40 to 44 years,F,Female,BR_L_W,Live births per woman,2018,,0.05,,USA,United States,A,Normal value,0,Units,2,Two
US10,Delaware,_Z,Not applicable,FERT_RATIO,Fertility rate,Y40T44,From 40 to 44 years,F,Female,BR_L_W,Live births per woman,2018,,0.05,,USA,United States,A,Normal value,0,Units,2,Two
US31,Nebraska,_Z,Not applicable,FERT_RATIO,Fertility rate,Y40T44,From 40 to 44 years,F,Female,BR_L_W,Live births per woman,2018,,0.05,,USA,United States,A,Normal value,0,Units,2,Two
US37,North Carolina,_Z,Not applicable,FERT_RATIO,Fertility rate,Y40T44,From 40 to 44 years,F,Female,BR_L_W,Live births per woman,2018,,0.05,,USA,United States,A,Normal value,0,Units,2,Two
US23,Maine,_Z,Not applicable,FERT_RATIO,Fertility rate,Y40T44,From 40 to 44 years,F,Female,BR_L_W,Live births per woman,2018,,0.04,,USA,United States,A,Normal value,0,Units,2,Two
US40,Oklahoma,_Z,Not applicable,FERT_RATIO,Fertility rate,Y40T44,From 40 to 44 years,F,Female,BR_L_W,Live births per woman,2018,,0.04,,USA,United States,A,Normal value,0,Units,2,Two
US19,Iowa,_Z,Not applicable,FERT_RATIO,Fertility rate,Y40T44,From 40 to 44 years,F,Female,BR_L_W,Live births per woman,2018,,0.04,,USA,United States,A,Normal value,0,Units,2,Two
US45,South Carolina,_Z,Not applicable,FERT_RATIO,Fertility rate,Y40T44,From 40 to 44 years,F,Female,BR_L_W,Live births per woman,2018,,0.04,,USA,United States,A,Normal value,0,Units,2,Two
US47,Tennessee,_Z,Not applicable,FERT_RATIO,Fertility rate,Y40T44,From 40 to 44 years,F,Female,BR_L_W,Live births per woman,2018,,0.04,,USA,United States,A,Normal value,0,Units,2,Two
US39,Ohio,_Z,Not applicable,FERT_RATIO,Fertility rate,Y40T44,From 40 to 44 years,F,Female,BR_L_W,Live births per woman,2018,,0.04,,USA,United States,A,Normal value,0,Units,2,Two
US18,Indiana,_Z,Not applicable,FERT_RATIO,Fertility rate,Y40T44,From 40 to 44 years,F,Female,BR_L_W,Live births per woman,2018,,0.04,,USA,United States,A,Normal value,0,Units,2,Two
US30,Montana,_Z,Not applicable,FERT_RATIO,Fertility rate,Y40T44,From 40 to 44 years,F,Female,BR_L_W,Live births per woman,2018,,0.04,,USA,United States,A,Normal value,0,Units,2,Two
US16,Idaho,_Z,Not applicable,FERT_RATIO,Fertility rate,Y40T44,From 40 to 44 years,F,Female,BR_L_W,Live births per woman,2018,,0.04,,USA,United States,A,Normal value,0,Units,2,Two
US35,New Mexico,_Z,Not applicable,FERT_RATIO,Fertility rate,Y40T44,From 40 to 44 years,F,Female,BR_L_W,Live births per woman,2018,,0.04,,USA,United States,A,Normal value,0,Units,2,Two
US29,Missouri,_Z,Not applicable,FERT_RATIO,Fertility rate,Y40T44,From 40 to 44 years,F,Female,BR_L_W,Live births per woman,2018,,0.04,,USA,United States,A,Normal value,0,Units,2,Two
US22,Louisiana,_Z,Not applicable,FERT_RATIO,Fertility rate,Y40T44,From 40 to 44 years,F,Female,BR_L_W,Live births per woman,2018,,0.04,,USA,United States,A,Normal value,0,Units,2,Two
US46,South Dakota,_Z,Not applicable,FERT_RATIO,Fertility rate,Y40T44,From 40 to 44 years,F,Female,BR_L_W,Live births per woman,2018,,0.04,,USA,United States,A,Normal value,0,Units,2,Two
US20,Kansas,_Z,Not applicable,FERT_RATIO,Fertility rate,Y40T44,From 40 to 44 years,F,Female,BR_L_W,Live births per woman,2018,,0.04,,USA,United States,A,Normal value,0,Units,2,Two
US44,Rhode Island,_Z,Not applicable,FERT_RATIO,Fertility rate,Y25T29,From 25 to 29 years,F,Female,BR_L_W,Live births per woman,2018,,0.4,,USA,United States,A,Normal value,0,Units,2,Two
US04,Arizona,_Z,Not applicable,FERT_RATIO,Fertility rate,Y25T29,From 25 to 29 years,F,Female,BR_L_W,Live births per woman,2018,,0.49,,USA,United States,A,Normal value,0,Units,2,Two
US10,Delaware,_Z,Not applicable,FERT_RATIO,Fertility rate,Y25T29,From 25 to 29 years,F,Female,BR_L_W,Live births per woman,2018,,0.47,,USA,United States,A,Normal value,0,Units,2,Two
US55,Wisconsin,_Z,Not applicable,FERT_RATIO,Fertility rate,Y25T29,From 25 to 29 years,F,Female,BR_L_W,Live births per woman,2018,,0.55,,USA,United States,A,Normal value,0,Units,2,Two
US09,Connecticut,_Z,Not applicable,FERT_RATIO,Fertility rate,Y25T29,From 25 to 29 years,F,Female,BR_L_W,Live births per woman,2018,,0.41,,USA,United States,A,Normal value,0,Units,2,Two
US21,Kentucky,_Z,Not applicable,FERT_RATIO,Fertility rate,Y25T29,From 25 to 29 years,F,Female,BR_L_W,Live births per woman,2018,,0.55,,USA,United States,A,Normal value,0,Units,2,Two
US29,Missouri,_Z,Not applicable,FERT_RATIO,Fertility rate,Y25T29,From 25 to 29 years,F,Female,BR_L_W,Live births per woman,2018,,0.55,,USA,United States,A,Normal value,0,Units,2,Two
US53,Washington,_Z,Not applicable,FERT_RATIO,Fertility rate,Y25T29,From 25 to 29 years,F,Female,BR_L_W,Live births per woman,2018,,0.43,,USA,United States,A,Normal value,0,Units,2,Two
US39,Ohio,_Z,Not applicable,FERT_RATIO,Fertility rate,Y25T29,From 25 to 29 years,F,Female,BR_L_W,Live births per woman,2018,,0.53,,USA,United States,A,Normal value,0,Units,2,Two
US56,Wyoming,_Z,Not applicable,FERT_RATIO,Fertility rate,Y25T29,From 25 to 29 years,F,Female,BR_L_W,Live births per woman,2018,,0.57,,USA,United States,A,Normal value,0,Units,2,Two
US02,Alaska,_Z,Not applicable,FERT_RATIO,Fertility rate,Y25T29,From 25 to 29 years,F,Female,BR_L_W,Live births per woman,2018,,0.55,,USA,United States,A,Normal value,0,Units,2,Two
US40,Oklahoma,_Z,Not applicable,FERT_RATIO,Fertility rate,Y25T29,From 25 to 29 years,F,Female,BR_L_W,Live births per woman,2018,,0.57,,USA,United States,A,Normal value,0,Units,2,Two
US42,Pennsylvania,_Z,Not applicable,FERT_RATIO,Fertility rate,Y25T29,From 25 to 29 years,F,Female,BR_L_W,Live births per woman,2018,,0.47,,USA,United States,A,Normal value,0,Units,2,Two
US18,Indiana,_Z,Not applicable,FERT_RATIO,Fertility rate,Y25T29,From 25 to 29 years,F,Female,BR_L_W,Live births per woman,2018,,0.58,,USA,United States,A,Normal value,0,Units,2,Two
US08,Colorado,_Z,Not applicable,FERT_RATIO,Fertility rate,Y25T29,From 25 to 29 years,F,Female,BR_L_W,Live births per woman,2018,,0.41,,USA,United States,A,Normal value,0,Units,2,Two
US23,Maine,_Z,Not applicable,FERT_RATIO,Fertility rate,Y25T29,From 25 to 29 years,F,Female,BR_L_W,Live births per woman,2018,,0.47,,USA,United States,A,Normal value,0,Units,2,Two
US48,Texas,_Z,Not applicable,FERT_RATIO,Fertility rate,Y25T29,From 25 to 29 years,F,Female,BR_L_W,Live births per woman,2018,,0.52,,USA,United States,A,Normal value,0,Units,2,Two
US46,South Dakota,_Z,Not applicable,FERT_RATIO,Fertility rate,Y25T29,From 25 to 29 years,F,Female,BR_L_W,Live births per woman,2018,,0.72,,USA,United States,A,Normal value,0,Units,2,Two
US13,Georgia,_Z,Not applicable,FERT_RATIO,Fertility rate,Y25T29,From 25 to 29 years,F,Female,BR_L_W,Live births per woman,2018,,0.49,,USA,United States,A,Normal value,0,Units,2,Two
US34,New Jersey,_Z,Not applicable,FERT_RATIO,Fertility rate,Y25T29,From 25 to 29 years,F,Female,BR_L_W,Live births per woman,2018,,0.44,,USA,United States,A,Normal value,0,Units,2,Two
US25,Massachusetts,_Z,Not applicable,FERT_RATIO,Fertility rate,Y25T29,From 25 to 29 years,F,Female,BR_L_W,Live births per woman,2018,,0.32,,USA,United States,A,Normal value,0,Units,2,Two
US01,Alabama,_Z,Not applicable,FERT_RATIO,Fertility rate,Y25T29,From 25 to 29 years,F,Female,BR_L_W,Live births per woman,2018,,0.54,,USA,United States,A,Normal value,0,Units,2,Two
US24,Maryland,_Z,Not applicable,FERT_RATIO,Fertility rate,Y25T29,From 25 to 29 years,F,Female,BR_L_W,Live births per woman,2018,,0.46,,USA,United States,A,Normal value,0,Units,2,Two
US45,South Carolina,_Z,Not applicable,FERT_RATIO,Fertility rate,Y25T29,From 25 to 29 years,F,Female,BR_L_W,Live births per woman,2018,,0.49,,USA,United States,A,Normal value,0,Units,2,Two
US05,Arkansas,_Z,Not applicable,FERT_RATIO,Fertility rate,Y25T29,From 25 to 29 years,F,Female,BR_L_W,Live births per woman,2018,,0.56,,USA,United States,A,Normal value,0,Units,2,Two
US32,Nevada,_Z,Not applicable,FERT_RATIO,Fertility rate,Y25T29,From 25 to 29 years,F,Female,BR_L_W,Live births per woman,2018,,0.47,,USA,United States,A,Normal value,0,Units,2,Two
US33,New Hampshire,_Z,Not applicable,FERT_RATIO,Fertility rate,Y25T29,From 25 to 29 years,F,Female,BR_L_W,Live births per woman,2018,,0.42,,USA,United States,A,Normal value,0,Units,2,Two
US20,Kansas,_Z,Not applicable,FERT_RATIO,Fertility rate,Y25T29,From 25 to 29 years,F,Female,BR_L_W,Live births per woman,2018,,0.61,,USA,United States,A,Normal value,0,Units,2,Two
US22,Louisiana,_Z,Not applicable,FERT_RATIO,Fertility rate,Y25T29,From 25 to 29 years,F,Female,BR_L_W,Live births per woman,2018,,0.54,,USA,United States,A,Normal value,0,Units,2,Two
US06,California,_Z,Not applicable,FERT_RATIO,Fertility rate,Y25T29,From 25 to 29 years,F,Female,BR_L_W,Live births per woman,2018,,0.39,,USA,United States,A,Normal value,0,Units,2,Two
US50,Vermont,_Z,Not applicable,FERT_RATIO,Fertility rate,Y25T29,From 25 to 29 years,F,Female,BR_L_W,Live births per woman,2018,,0.43,,USA,United States,A,Normal value,0,Units,2,Two
US38,North Dakota,_Z,Not applicable,FERT_RATIO,Fertility rate,Y25T29,From 25 to 29 years,F,Female,BR_L_W,Live births per woman,2018,,0.67,,USA,United States,A,Normal value,0,Units,2,Two
US51,Virginia,_Z,Not applicable,FERT_RATIO,Fertility rate,Y25T29,From 25 to 29 years,F,Female,BR_L_W,Live births per woman,2018,,0.47,,USA,United States,A,Normal value,0,Units,2,Two
US19,Iowa,_Z,Not applicable,FERT_RATIO,Fertility rate,Y25T29,From 25 to 29 years,F,Female,BR_L_W,Live births per woman,2018,,0.66,,USA,United States,A,Normal value,0,Units,2,Two
US47,Tennessee,_Z,Not applicable,FERT_RATIO,Fertility rate,Y25T29,From 25 to 29 years,F,Female,BR_L_W,Live births per woman,2018,,0.51,,USA,United States,A,Normal value,0,Units,2,Two
US27,Minnesota,_Z,Not applicable,FERT_RATIO,Fertility rate,Y25T29,From 25 to 29 years,F,Female,BR_L_W,Live births per woman,2018,,0.55,,USA,United States,A,Normal value,0,Units,2,Two
US35,New Mexico,_Z,Not applicable,FERT_RATIO,Fertility rate,Y25T29,From 25 to 29 years,F,Female,BR_L_W,Live births per woman,2018,,0.5,,USA,United States,A,Normal value,0,Units,2,Two
US37,North Carolina,_Z,Not applicable,FERT_RATIO,Fertility rate,Y25T29,From 25 to 29 years,F,Female,BR_L_W,Live births per woman,2018,,0.49,,USA,United States,A,Normal value,0,Units,2,Two
US26,Michigan,_Z,Not applicable,FERT_RATIO,Fertility rate,Y25T29,From 25 to 29 years,F,Female,BR_L_W,Live births per woman,2018,,0.52,,USA,United States,A,Normal value,0,Units,2,Two
US17,Illinois,_Z,Not applicable,FERT_RATIO,Fertility rate,Y25T29,From 25 to 29 years,F,Female,BR_L_W,Live births per woman,2018,,0.45,,USA,United States,A,Normal value,0,Units,2,Two
US28,Mississippi,_Z,Not applicable,FERT_RATIO,Fertility rate,Y25T29,From 25 to 29 years,F,Female,BR_L_W,Live births per woman,2018,,0.57,,USA,United States,A,Normal value,0,Units,2,Two
US31,Nebraska,_Z,Not applicable,FERT_RATIO,Fertility rate,Y25T29,From 25 to 29 years,F,Female,BR_L_W,Live births per woman,2018,,0.67,,USA,United States,A,Normal value,0,Units,2,Two
US54,West Virginia,_Z,Not applicable,FERT_RATIO,Fertility rate,Y25T29,From 25 to 29 years,F,Female,BR_L_W,Live births per woman,2018,,0.52,,USA,United States,A,Normal value,0,Units,2,Two
US36,New York,_Z,Not applicable,FERT_RATIO,Fertility rate,Y25T29,From 25 to 29 years,F,Female,BR_L_W,Live births per woman,2018,,0.39,,USA,United States,A,Normal value,0,Units,2,Two
US16,Idaho,_Z,Not applicable,FERT_RATIO,Fertility rate,Y25T29,From 25 to 29 years,F,Female,BR_L_W,Live births per woman,2018,,0.6,,USA,United States,A,Normal value,0,Units,2,Two
US12,Florida,_Z,Not applicable,FERT_RATIO,Fertility rate,Y25T29,From 25 to 29 years,F,Female,BR_L_W,Live births per woman,2018,,0.46,,USA,United States,A,Normal value,0,Units,2,Two
US41,Oregon,_Z,Not applicable,FERT_RATIO,Fertility rate,Y25T29,From 25 to 29 years,F,Female,BR_L_W,Live births per woman,2018,,0.41,,USA,United States,A,Normal value,0,Units,2,Two
US49,Utah,_Z,Not applicable,FERT_RATIO,Fertility rate,Y25T29,From 25 to 29 years,F,Female,BR_L_W,Live births per woman,2018,,0.66,,USA,United States,A,Normal value,0,Units,2,Two
US15,Hawaii,_Z,Not applicable,FERT_RATIO,Fertility rate,Y25T29,From 25 to 29 years,F,Female,BR_L_W,Live births per woman,2018,,0.48,,USA,United States,A,Normal value,0,Units,2,Two
US30,Montana,_Z,Not applicable,FERT_RATIO,Fertility rate,Y25T29,From 25 to 29 years,F,Female,BR_L_W,Live births per woman,2018,,0.53,,USA,United States,A,Normal value,0,Units,2,Two
US11,District of Columbia,_Z,Not applicable,FERT_RATIO,Fertility rate,Y25T29,From 25 to 29 years,F,Female,BR_L_W,Live births per woman,2018,,0.2,,USA,United States,A,Normal value,0,Units,2,Two
US31,Nebraska,_Z,Not applicable,FERT_RATIO,Fertility rate,Y35T39,From 35 to 39 years,F,Female,BR_L_W,Live births per woman,2018,,0.26,,USA,United States,A,Normal value,0,Units,2,Two
US25,Massachusetts,_Z,Not applicable,FERT_RATIO,Fertility rate,Y35T39,From 35 to 39 years,F,Female,BR_L_W,Live births per woman,2018,,0.33,,USA,United States,A,Normal value,0,Units,2,Two
US39,Ohio,_Z,Not applicable,FERT_RATIO,Fertility rate,Y35T39,From 35 to 39 years,F,Female,BR_L_W,Live births per woman,2018,,0.22,,USA,United States,A,Normal value,0,Units,2,Two
US27,Minnesota,_Z,Not applicable,FERT_RATIO,Fertility rate,Y35T39,From 35 to 39 years,F,Female,BR_L_W,Live births per woman,2018,,0.29,,USA,United States,A,Normal value,0,Units,2,Two
US41,Oregon,_Z,Not applicable,FERT_RATIO,Fertility rate,Y35T39,From 35 to 39 years,F,Female,BR_L_W,Live births per woman,2018,,0.24,,USA,United States,A,Normal value,0,Units,2,Two
US33,New Hampshire,_Z,Not applicable,FERT_RATIO,Fertility rate,Y35T39,From 35 to 39 years,F,Female,BR_L_W,Live births per woman,2018,,0.25,,USA,United States,A,Normal value,0,Units,2,Two
US37,North Carolina,_Z,Not applicable,FERT_RATIO,Fertility rate,Y35T39,From 35 to 39 years,F,Female,BR_L_W,Live births per woman,2018,,0.24,,USA,United States,A,Normal value,0,Units,2,Two
US56,Wyoming,_Z,Not applicable,FERT_RATIO,Fertility rate,Y35T39,From 35 to 39 years,F,Female,BR_L_W,Live births per woman,2018,,0.19,,USA,United States,A,Normal value,0,Units,2,Two
US38,North Dakota,_Z,Not applicable,FERT_RATIO,Fertility rate,Y35T39,From 35 to 39 years,F,Female,BR_L_W,Live births per woman,2018,,0.26,,USA,United States,A,Normal value,0,Units,2,Two
US13,Georgia,_Z,Not applicable,FERT_RATIO,Fertility rate,Y35T39,From 35 to 39 years,F,Female,BR_L_W,Live births per woman,2018,,0.23,,USA,United States,A,Normal value,0,Units,2,Two
US05,Arkansas,_Z,Not applicable,FERT_RATIO,Fertility rate,Y35T39,From 35 to 39 years,F,Female,BR_L_W,Live births per woman,2018,,0.18,,USA,United States,A,Normal value,0,Units,2,Two
US08,Colorado,_Z,Not applicable,FERT_RATIO,Fertility rate,Y35T39,From 35 to 39 years,F,Female,BR_L_W,Live births per woman,2018,,0.26,,USA,United States,A,Normal value,0,Units,2,Two
US24,Maryland,_Z,Not applicable,FERT_RATIO,Fertility rate,Y35T39,From 35 to 39 years,F,Female,BR_L_W,Live births per woman,2018,,0.31,,USA,United States,A,Normal value,0,Units,2,Two
US11,District of Columbia,_Z,Not applicable,FERT_RATIO,Fertility rate,Y35T39,From 35 to 39 years,F,Female,BR_L_W,Live births per woman,2018,,0.35,,USA,United States,A,Normal value,0,Units,2,Two
US01,Alabama,_Z,Not applicable,FERT_RATIO,Fertility rate,Y35T39,From 35 to 39 years,F,Female,BR_L_W,Live births per woman,2018,,0.18,,USA,United States,A,Normal value,0,Units,2,Two
US26,Michigan,_Z,Not applicable,FERT_RATIO,Fertility rate,Y35T39,From 35 to 39 years,F,Female,BR_L_W,Live births per woman,2018,,0.23,,USA,United States,A,Normal value,0,Units,2,Two
US44,Rhode Island,_Z,Not applicable,FERT_RATIO,Fertility rate,Y35T39,From 35 to 39 years,F,Female,BR_L_W,Live births per woman,2018,,0.27,,USA,United States,A,Normal value,0,Units,2,Two
US54,West Virginia,_Z,Not applicable,FERT_RATIO,Fertility rate,Y35T39,From 35 to 39 years,F,Female,BR_L_W,Live births per woman,2018,,0.16,,USA,United States,A,Normal value,0,Units,2,Two
US12,Florida,_Z,Not applicable,FERT_RATIO,Fertility rate,Y35T39,From 35 to 39 years,F,Female,BR_L_W,Live births per woman,2018,,0.26,,USA,United States,A,Normal value,0,Units,2,Two
US02,Alaska,_Z,Not applicable,FERT_RATIO,Fertility rate,Y35T39,From 35 to 39 years,F,Female,BR_L_W,Live births per woman,2018,,0.26,,USA,United States,A,Normal value,0,Units,2,Two
US16,Idaho,_Z,Not applicable,FERT_RATIO,Fertility rate,Y35T39,From 35 to 39 years,F,Female,BR_L_W,Live births per woman,2018,,0.22,,USA,United States,A,Normal value,0,Units,2,Two
US47,Tennessee,_Z,Not applicable,FERT_RATIO,Fertility rate,Y35T39,From 35 to 39 years,F,Female,BR_L_W,Live births per woman,2018,,0.21,,USA,United States,A,Normal value,0,Units,2,Two
US29,Missouri,_Z,Not applicable,FERT_RATIO,Fertility rate,Y35T39,From 35 to 39 years,F,Female,BR_L_W,Live births per woman,2018,,0.21,,USA,United States,A,Normal value,0,Units,2,Two
US45,South Carolina,_Z,Not applicable,FERT_RATIO,Fertility rate,Y35T39,From 35 to 39 years,F,Female,BR_L_W,Live births per woman,2018,,0.21,,USA,United States,A,Normal value,0,Units,2,Two
US53,Washington,_Z,Not applicable,FERT_RATIO,Fertility rate,Y35T39,From 35 to 39 years,F,Female,BR_L_W,Live births per woman,2018,,0.28,,USA,United States,A,Normal value,0,Units,2,Two
US51,Virginia,_Z,Not applicable,FERT_RATIO,Fertility rate,Y35T39,From 35 to 39 years,F,Female,BR_L_W,Live births per woman,2018,,0.29,,USA,United States,A,Normal value,0,Units,2,Two
US04,Arizona,_Z,Not applicable,FERT_RATIO,Fertility rate,Y35T39,From 35 to 39 years,F,Female,BR_L_W,Live births per woman,2018,,0.23,,USA,United States,A,Normal value,0,Units,2,Two
US42,Pennsylvania,_Z,Not applicable,FERT_RATIO,Fertility rate,Y35T39,From 35 to 39 years,F,Female,BR_L_W,Live births per woman,2018,,0.26,,USA,United States,A,Normal value,0,Units,2,Two
US15,Hawaii,_Z,Not applicable,FERT_RATIO,Fertility rate,Y35T39,From 35 to 39 years,F,Female,BR_L_W,Live births per woman,2018,,0.31,,USA,United States,A,Normal value,0,Units,2,Two
US09,Connecticut,_Z,Not applicable,FERT_RATIO,Fertility rate,Y35T39,From 35 to 39 years,F,Female,BR_L_W,Live births per woman,2018,,0.31,,USA,United States,A,Normal value,0,Units,2,Two
US06,California,_Z,Not applicable,FERT_RATIO,Fertility rate,Y35T39,From 35 to 39 years,F,Female,BR_L_W,Live births per woman,2018,,0.32,,USA,United States,A,Normal value,0,Units,2,Two
US18,Indiana,_Z,Not applicable,FERT_RATIO,Fertility rate,Y35T39,From 35 to 39 years,F,Female,BR_L_W,Live births per woman,2018,,0.2,,USA,United States,A,Normal value,0,Units,2,Two
US49,Utah,_Z,Not applicable,FERT_RATIO,Fertility rate,Y35T39,From 35 to 39 years,F,Female,BR_L_W,Live births per woman,2018,,0.26,,USA,United States,A,Normal value,0,Units,2,Two
US46,South Dakota,_Z,Not applicable,FERT_RATIO,Fertility rate,Y35T39,From 35 to 39 years,F,Female,BR_L_W,Live births per woman,2018,,0.25,,USA,United States,A,Normal value,0,Units,2,Two
US21,Kentucky,_Z,Not applicable,FERT_RATIO,Fertility rate,Y35T39,From 35 to 39 years,F,Female,BR_L_W,Live births per woman,2018,,0.19,,USA,United States,A,Normal value,0,Units,2,Two
US36,New York,_Z,Not applicable,FERT_RATIO,Fertility rate,Y35T39,From 35 to 39 years,F,Female,BR_L_W,Live births per woman,2018,,0.34,,USA,United States,A,Normal value,0,Units,2,Two
US55,Wisconsin,_Z,Not applicable,FERT_RATIO,Fertility rate,Y35T39,From 35 to 39 years,F,Female,BR_L_W,Live births per woman,2018,,0.25,,USA,United States,A,Normal value,0,Units,2,Two
US50,Vermont,_Z,Not applicable,FERT_RATIO,Fertility rate,Y35T39,From 35 to 39 years,F,Female,BR_L_W,Live births per woman,2018,,0.25,,USA,United States,A,Normal value,0,Units,2,Two
US35,New Mexico,_Z,Not applicable,FERT_RATIO,Fertility rate,Y35T39,From 35 to 39 years,F,Female,BR_L_W,Live births per woman,2018,,0.2,,USA,United States,A,Normal value,0,Units,2,Two
US30,Montana,_Z,Not applicable,FERT_RATIO,Fertility rate,Y35T39,From 35 to 39 years,F,Female,BR_L_W,Live births per woman,2018,,0.22,,USA,United States,A,Normal value,0,Units,2,Two
US28,Mississippi,_Z,Not applicable,FERT_RATIO,Fertility rate,Y35T39,From 35 to 39 years,F,Female,BR_L_W,Live births per woman,2018,,0.17,,USA,United States,A,Normal value,0,Units,2,Two
US48,Texas,_Z,Not applicable,FERT_RATIO,Fertility rate,Y35T39,From 35 to 39 years,F,Female,BR_L_W,Live births per woman,2018,,0.25,,USA,United States,A,Normal value,0,Units,2,Two
US19,Iowa,_Z,Not applicable,FERT_RATIO,Fertility rate,Y35T39,From 35 to 39 years,F,Female,BR_L_W,Live births per woman,2018,,0.22,,USA,United States,A,Normal value,0,Units,2,Two
US40,Oklahoma,_Z,Not applicable,FERT_RATIO,Fertility rate,Y35T39,From 35 to 39 years,F,Female,BR_L_W,Live births per woman,2018,,0.19,,USA,United States,A,Normal value,0,Units,2,Two
US10,Delaware,_Z,Not applicable,FERT_RATIO,Fertility rate,Y35T39,From 35 to 39 years,F,Female,BR_L_W,Live births per woman,2018,,0.26,,USA,United States,A,Normal value,0,Units,2,Two
US22,Louisiana,_Z,Not applicable,FERT_RATIO,Fertility rate,Y35T39,From 35 to 39 years,F,Female,BR_L_W,Live births per woman,2018,,0.2,,USA,United States,A,Normal value,0,Units,2,Two
US20,Kansas,_Z,Not applicable,FERT_RATIO,Fertility rate,Y35T39,From 35 to 39 years,F,Female,BR_L_W,Live births per woman,2018,,0.23,,USA,United States,A,Normal value,0,Units,2,Two
US32,Nevada,_Z,Not applicable,FERT_RATIO,Fertility rate,Y35T39,From 35 to 39 years,F,Female,BR_L_W,Live births per woman,2018,,0.25,,USA,United States,A,Normal value,0,Units,2,Two
US23,Maine,_Z,Not applicable,FERT_RATIO,Fertility rate,Y35T39,From 35 to 39 years,F,Female,BR_L_W,Live births per woman,2018,,0.22,,USA,United States,A,Normal value,0,Units,2,Two
US34,New Jersey,_Z,Not applicable,FERT_RATIO,Fertility rate,Y35T39,From 35 to 39 years,F,Female,BR_L_W,Live births per woman,2018,,0.36,,USA,United States,A,Normal value,0,Units,2,Two
US17,Illinois,_Z,Not applicable,FERT_RATIO,Fertility rate,Y35T39,From 35 to 39 years,F,Female,BR_L_W,Live births per woman,2018,,0.28,,USA,United States,A,Normal value,0,Units,2,Two
US04,Arizona,_Z,Not applicable,FERT_RATIO,Fertility rate,Y30T34,From 30 to 34 years,F,Female,BR_L_W,Live births per woman,2018,,0.46,,USA,United States,A,Normal value,0,Units,2,Two
US45,South Carolina,_Z,Not applicable,FERT_RATIO,Fertility rate,Y30T34,From 30 to 34 years,F,Female,BR_L_W,Live births per woman,2018,,0.45,,USA,United States,A,Normal value,0,Units,2,Two
US28,Mississippi,_Z,Not applicable,FERT_RATIO,Fertility rate,Y30T34,From 30 to 34 years,F,Female,BR_L_W,Live births per woman,2018,,0.4,,USA,United States,A,Normal value,0,Units,2,Two
US48,Texas,_Z,Not applicable,FERT_RATIO,Fertility rate,Y30T34,From 30 to 34 years,F,Female,BR_L_W,Live births per woman,2018,,0.48,,USA,United States,A,Normal value,0,Units,2,Two
US41,Oregon,_Z,Not applicable,FERT_RATIO,Fertility rate,Y30T34,From 30 to 34 years,F,Female,BR_L_W,Live births per woman,2018,,0.44,,USA,United States,A,Normal value,0,Units,2,Two
US12,Florida,_Z,Not applicable,FERT_RATIO,Fertility rate,Y30T34,From 30 to 34 years,F,Female,BR_L_W,Live births per woman,2018,,0.48,,USA,United States,A,Normal value,0,Units,2,Two
US38,North Dakota,_Z,Not applicable,FERT_RATIO,Fertility rate,Y30T34,From 30 to 34 years,F,Female,BR_L_W,Live births per woman,2018,,0.63,,USA,United States,A,Normal value,0,Units,2,Two
US31,Nebraska,_Z,Not applicable,FERT_RATIO,Fertility rate,Y30T34,From 30 to 34 years,F,Female,BR_L_W,Live births per woman,2018,,0.62,,USA,United States,A,Normal value,0,Units,2,Two
US08,Colorado,_Z,Not applicable,FERT_RATIO,Fertility rate,Y30T34,From 30 to 34 years,F,Female,BR_L_W,Live births per woman,2018,,0.47,,USA,United States,A,Normal value,0,Units,2,Two
US27,Minnesota,_Z,Not applicable,FERT_RATIO,Fertility rate,Y30T34,From 30 to 34 years,F,Female,BR_L_W,Live births per woman,2018,,0.62,,USA,United States,A,Normal value,0,Units,2,Two
US42,Pennsylvania,_Z,Not applicable,FERT_RATIO,Fertility rate,Y30T34,From 30 to 34 years,F,Female,BR_L_W,Live births per woman,2018,,0.52,,USA,United States,A,Normal value,0,Units,2,Two
US33,New Hampshire,_Z,Not applicable,FERT_RATIO,Fertility rate,Y30T34,From 30 to 34 years,F,Female,BR_L_W,Live births per woman,2018,,0.51,,USA,United States,A,Normal value,0,Units,2,Two
US11,District of Columbia,_Z,Not applicable,FERT_RATIO,Fertility rate,Y30T34,From 30 to 34 years,F,Female,BR_L_W,Live births per woman,2018,,0.36,,USA,United States,A,Normal value,0,Units,2,Two
US10,Delaware,_Z,Not applicable,FERT_RATIO,Fertility rate,Y30T34,From 30 to 34 years,F,Female,BR_L_W,Live births per woman,2018,,0.51,,USA,United States,A,Normal value,0,Units,2,Two
US25,Massachusetts,_Z,Not applicable,FERT_RATIO,Fertility rate,Y30T34,From 30 to 34 years,F,Female,BR_L_W,Live births per woman,2018,,0.53,,USA,United States,A,Normal value,0,Units,2,Two
US34,New Jersey,_Z,Not applicable,FERT_RATIO,Fertility rate,Y30T34,From 30 to 34 years,F,Female,BR_L_W,Live births per woman,2018,,0.61,,USA,United States,A,Normal value,0,Units,2,Two
US56,Wyoming,_Z,Not applicable,FERT_RATIO,Fertility rate,Y30T34,From 30 to 34 years,F,Female,BR_L_W,Live births per woman,2018,,0.46,,USA,United States,A,Normal value,0,Units,2,Two
US50,Vermont,_Z,Not applicable,FERT_RATIO,Fertility rate,Y30T34,From 30 to 34 years,F,Female,BR_L_W,Live births per woman,2018,,0.48,,USA,United States,A,Normal value,0,Units,2,Two
US40,Oklahoma,_Z,Not applicable,FERT_RATIO,Fertility rate,Y30T34,From 30 to 34 years,F,Female,BR_L_W,Live births per woman,2018,,0.45,,USA,United States,A,Normal value,0,Units,2,Two
US16,Idaho,_Z,Not applicable,FERT_RATIO,Fertility rate,Y30T34,From 30 to 34 years,F,Female,BR_L_W,Live births per woman,2018,,0.48,,USA,United States,A,Normal value,0,Units,2,Two
US02,Alaska,_Z,Not applicable,FERT_RATIO,Fertility rate,Y30T34,From 30 to 34 years,F,Female,BR_L_W,Live births per woman,2018,,0.51,,USA,United States,A,Normal value,0,Units,2,Two
US21,Kentucky,_Z,Not applicable,FERT_RATIO,Fertility rate,Y30T34,From 30 to 34 years,F,Female,BR_L_W,Live births per woman,2018,,0.46,,USA,United States,A,Normal value,0,Units,2,Two
US51,Virginia,_Z,Not applicable,FERT_RATIO,Fertility rate,Y30T34,From 30 to 34 years,F,Female,BR_L_W,Live births per woman,2018,,0.53,,USA,United States,A,Normal value,0,Units,2,Two
US47,Tennessee,_Z,Not applicable,FERT_RATIO,Fertility rate,Y30T34,From 30 to 34 years,F,Female,BR_L_W,Live births per woman,2018,,0.45,,USA,United States,A,Normal value,0,Units,2,Two
US06,California,_Z,Not applicable,FERT_RATIO,Fertility rate,Y30T34,From 30 to 34 years,F,Female,BR_L_W,Live births per woman,2018,,0.49,,USA,United States,A,Normal value,0,Units,2,Two
US09,Connecticut,_Z,Not applicable,FERT_RATIO,Fertility rate,Y30T34,From 30 to 34 years,F,Female,BR_L_W,Live births per woman,2018,,0.55,,USA,United States,A,Normal value,0,Units,2,Two
US39,Ohio,_Z,Not applicable,FERT_RATIO,Fertility rate,Y30T34,From 30 to 34 years,F,Female,BR_L_W,Live births per woman,2018,,0.51,,USA,United States,A,Normal value,0,Units,2,Two
US01,Alabama,_Z,Not applicable,FERT_RATIO,Fertility rate,Y30T34,From 30 to 34 years,F,Female,BR_L_W,Live births per woman,2018,,0.43,,USA,United States,A,Normal value,0,Units,2,Two
US05,Arkansas,_Z,Not applicable,FERT_RATIO,Fertility rate,Y30T34,From 30 to 34 years,F,Female,BR_L_W,Live births per woman,2018,,0.42,,USA,United States,A,Normal value,0,Units,2,Two
US29,Missouri,_Z,Not applicable,FERT_RATIO,Fertility rate,Y30T34,From 30 to 34 years,F,Female,BR_L_W,Live births per woman,2018,,0.49,,USA,United States,A,Normal value,0,Units,2,Two
US22,Louisiana,_Z,Not applicable,FERT_RATIO,Fertility rate,Y30T34,From 30 to 34 years,F,Female,BR_L_W,Live births per woman,2018,,0.44,,USA,United States,A,Normal value,0,Units,2,Two
US44,Rhode Island,_Z,Not applicable,FERT_RATIO,Fertility rate,Y30T34,From 30 to 34 years,F,Female,BR_L_W,Live births per woman,2018,,0.49,,USA,United States,A,Normal value,0,Units,2,Two
US13,Georgia,_Z,Not applicable,FERT_RATIO,Fertility rate,Y30T34,From 30 to 34 years,F,Female,BR_L_W,Live births per woman,2018,,0.46,,USA,United States,A,Normal value,0,Units,2,Two
US15,Hawaii,_Z,Not applicable,FERT_RATIO,Fertility rate,Y30T34,From 30 to 34 years,F,Female,BR_L_W,Live births per woman,2018,,0.49,,USA,United States,A,Normal value,0,Units,2,Two
US30,Montana,_Z,Not applicable,FERT_RATIO,Fertility rate,Y30T34,From 30 to 34 years,F,Female,BR_L_W,Live births per woman,2018,,0.5,,USA,United States,A,Normal value,0,Units,2,Two
US18,Indiana,_Z,Not applicable,FERT_RATIO,Fertility rate,Y30T34,From 30 to 34 years,F,Female,BR_L_W,Live births per woman,2018,,0.49,,USA,United States,A,Normal value,0,Units,2,Two
US17,Illinois,_Z,Not applicable,FERT_RATIO,Fertility rate,Y30T34,From 30 to 34 years,F,Female,BR_L_W,Live births per woman,2018,,0.52,,USA,United States,A,Normal value,0,Units,2,Two
US54,West Virginia,_Z,Not applicable,FERT_RATIO,Fertility rate,Y30T34,From 30 to 34 years,F,Female,BR_L_W,Live births per woman,2018,,0.4,,USA,United States,A,Normal value,0,Units,2,Two
US19,Iowa,_Z,Not applicable,FERT_RATIO,Fertility rate,Y30T34,From 30 to 34 years,F,Female,BR_L_W,Live births per woman,2018,,0.57,,USA,United States,A,Normal value,0,Units,2,Two
US46,South Dakota,_Z,Not applicable,FERT_RATIO,Fertility rate,Y30T34,From 30 to 34 years,F,Female,BR_L_W,Live births per woman,2018,,0.63,,USA,United States,A,Normal value,0,Units,2,Two
US37,North Carolina,_Z,Not applicable,FERT_RATIO,Fertility rate,Y30T34,From 30 to 34 years,F,Female,BR_L_W,Live births per woman,2018,,0.48,,USA,United States,A,Normal value,0,Units,2,Two
US24,Maryland,_Z,Not applicable,FERT_RATIO,Fertility rate,Y30T34,From 30 to 34 years,F,Female,BR_L_W,Live births per woman,2018,,0.55,,USA,United States,A,Normal value,0,Units,2,Two
US20,Kansas,_Z,Not applicable,FERT_RATIO,Fertility rate,Y30T34,From 30 to 34 years,F,Female,BR_L_W,Live births per woman,2018,,0.54,,USA,United States,A,Normal value,0,Units,2,Two
US32,Nevada,_Z,Not applicable,FERT_RATIO,Fertility rate,Y30T34,From 30 to 34 years,F,Female,BR_L_W,Live births per woman,2018,,0.44,,USA,United States,A,Normal value,0,Units,2,Two
US23,Maine,_Z,Not applicable,FERT_RATIO,Fertility rate,Y30T34,From 30 to 34 years,F,Female,BR_L_W,Live births per woman,2018,,0.47,,USA,United States,A,Normal value,0,Units,2,Two
US55,Wisconsin,_Z,Not applicable,FERT_RATIO,Fertility rate,Y30T34,From 30 to 34 years,F,Female,BR_L_W,Live births per woman,2018,,0.57,,USA,United States,A,Normal value,0,Units,2,Two
US53,Washington,_Z,Not applicable,FERT_RATIO,Fertility rate,Y30T34,From 30 to 34 years,F,Female,BR_L_W,Live births per woman,2018,,0.49,,USA,United States,A,Normal value,0,Units,2,Two
US35,New Mexico,_Z,Not applicable,FERT_RATIO,Fertility rate,Y30T34,From 30 to 34 years,F,Female,BR_L_W,Live births per woman,2018,,0.4,,USA,United States,A,Normal value,0,Units,2,Two
US49,Utah,_Z,Not applicable,FERT_RATIO,Fertility rate,Y30T34,From 30 to 34 years,F,Female,BR_L_W,Live births per woman,2018,,0.59,,USA,United States,A,Normal value,0,Units,2,Two
US36,New York,_Z,Not applicable,FERT_RATIO,Fertility rate,Y30T34,From 30 to 34 years,F,Female,BR_L_W,Live births per woman,2018,,0.51,,USA,United States,A,Normal value,0,Units,2,Two
US26,Michigan,_Z,Not applicable,FERT_RATIO,Fertility rate,Y30T34,From 30 to 34 years,F,Female,BR_L_W,Live births per woman,2018,,0.53,,USA,United States,A,Normal value,0,Units,2,Two
US17,Illinois,_Z,Not applicable,FERT_RATIO,Fertility rate,Y20T24,From 20 to 24 years,F,Female,BR_L_W,Live births per woman,2018,,0.29,,USA,United States,A,Normal value,0,Units,2,Two
US22,Louisiana,_Z,Not applicable,FERT_RATIO,Fertility rate,Y20T24,From 20 to 24 years,F,Female,BR_L_W,Live births per woman,2018,,0.5,,USA,United States,A,Normal value,0,Units,2,Two
US09,Connecticut,_Z,Not applicable,FERT_RATIO,Fertility rate,Y20T24,From 20 to 24 years,F,Female,BR_L_W,Live births per woman,2018,,0.19,,USA,United States,A,Normal value,0,Units,2,Two
US29,Missouri,_Z,Not applicable,FERT_RATIO,Fertility rate,Y20T24,From 20 to 24 years,F,Female,BR_L_W,Live births per woman,2018,,0.41,,USA,United States,A,Normal value,0,Units,2,Two
US13,Georgia,_Z,Not applicable,FERT_RATIO,Fertility rate,Y20T24,From 20 to 24 years,F,Female,BR_L_W,Live births per woman,2018,,0.39,,USA,United States,A,Normal value,0,Units,2,Two
US49,Utah,_Z,Not applicable,FERT_RATIO,Fertility rate,Y20T24,From 20 to 24 years,F,Female,BR_L_W,Live births per woman,2018,,0.39,,USA,United States,A,Normal value,0,Units,2,Two
US46,South Dakota,_Z,Not applicable,FERT_RATIO,Fertility rate,Y20T24,From 20 to 24 years,F,Female,BR_L_W,Live births per woman,2018,,0.41,,USA,United States,A,Normal value,0,Units,2,Two
US45,South Carolina,_Z,Not applicable,FERT_RATIO,Fertility rate,Y20T24,From 20 to 24 years,F,Female,BR_L_W,Live births per woman,2018,,0.4,,USA,United States,A,Normal value,0,Units,2,Two
US55,Wisconsin,_Z,Not applicable,FERT_RATIO,Fertility rate,Y20T24,From 20 to 24 years,F,Female,BR_L_W,Live births per woman,2018,,0.28,,USA,United States,A,Normal value,0,Units,2,Two
US05,Arkansas,_Z,Not applicable,FERT_RATIO,Fertility rate,Y20T24,From 20 to 24 years,F,Female,BR_L_W,Live births per woman,2018,,0.53,,USA,United States,A,Normal value,0,Units,2,Two
US33,New Hampshire,_Z,Not applicable,FERT_RATIO,Fertility rate,Y20T24,From 20 to 24 years,F,Female,BR_L_W,Live births per woman,2018,,0.19,,USA,United States,A,Normal value,0,Units,2,Two
US15,Hawaii,_Z,Not applicable,FERT_RATIO,Fertility rate,Y20T24,From 20 to 24 years,F,Female,BR_L_W,Live births per woman,2018,,0.38,,USA,United States,A,Normal value,0,Units,2,Two
US56,Wyoming,_Z,Not applicable,FERT_RATIO,Fertility rate,Y20T24,From 20 to 24 years,F,Female,BR_L_W,Live births per woman,2018,,0.42,,USA,United States,A,Normal value,0,Units,2,Two
US28,Mississippi,_Z,Not applicable,FERT_RATIO,Fertility rate,Y20T24,From 20 to 24 years,F,Female,BR_L_W,Live births per woman,2018,,0.53,,USA,United States,A,Normal value,0,Units,2,Two
US26,Michigan,_Z,Not applicable,FERT_RATIO,Fertility rate,Y20T24,From 20 to 24 years,F,Female,BR_L_W,Live births per woman,2018,,0.32,,USA,United States,A,Normal value,0,Units,2,Two
US21,Kentucky,_Z,Not applicable,FERT_RATIO,Fertility rate,Y20T24,From 20 to 24 years,F,Female,BR_L_W,Live births per woman,2018,,0.49,,USA,United States,A,Normal value,0,Units,2,Two
US20,Kansas,_Z,Not applicable,FERT_RATIO,Fertility rate,Y20T24,From 20 to 24 years,F,Female,BR_L_W,Live births per woman,2018,,0.39,,USA,United States,A,Normal value,0,Units,2,Two
US39,Ohio,_Z,Not applicable,FERT_RATIO,Fertility rate,Y20T24,From 20 to 24 years,F,Female,BR_L_W,Live births per woman,2018,,0.39,,USA,United States,A,Normal value,0,Units,2,Two
US51,Virginia,_Z,Not applicable,FERT_RATIO,Fertility rate,Y20T24,From 20 to 24 years,F,Female,BR_L_W,Live births per woman,2018,,0.31,,USA,United States,A,Normal value,0,Units,2,Two
US41,Oregon,_Z,Not applicable,FERT_RATIO,Fertility rate,Y20T24,From 20 to 24 years,F,Female,BR_L_W,Live births per woman,2018,,0.28,,USA,United States,A,Normal value,0,Units,2,Two
US01,Alabama,_Z,Not applicable,FERT_RATIO,Fertility rate,Y20T24,From 20 to 24 years,F,Female,BR_L_W,Live births per woman,2018,,0.47,,USA,United States,A,Normal value,0,Units,2,Two
US06,California,_Z,Not applicable,FERT_RATIO,Fertility rate,Y20T24,From 20 to 24 years,F,Female,BR_L_W,Live births per woman,2018,,0.27,,USA,United States,A,Normal value,0,Units,2,Two
US31,Nebraska,_Z,Not applicable,FERT_RATIO,Fertility rate,Y20T24,From 20 to 24 years,F,Female,BR_L_W,Live births per woman,2018,,0.34,,USA,United States,A,Normal value,0,Units,2,Two
US42,Pennsylvania,_Z,Not applicable,FERT_RATIO,Fertility rate,Y20T24,From 20 to 24 years,F,Female,BR_L_W,Live births per woman,2018,,0.3,,USA,United States,A,Normal value,0,Units,2,Two
US50,Vermont,_Z,Not applicable,FERT_RATIO,Fertility rate,Y20T24,From 20 to 24 years,F,Female,BR_L_W,Live births per woman,2018,,0.19,,USA,United States,A,Normal value,0,Units,2,Two
US32,Nevada,_Z,Not applicable,FERT_RATIO,Fertility rate,Y20T24,From 20 to 24 years,F,Female,BR_L_W,Live births per woman,2018,,0.43,,USA,United States,A,Normal value,0,Units,2,Two
US34,New Jersey,_Z,Not applicable,FERT_RATIO,Fertility rate,Y20T24,From 20 to 24 years,F,Female,BR_L_W,Live births per woman,2018,,0.24,,USA,United States,A,Normal value,0,Units,2,Two
US23,Maine,_Z,Not applicable,FERT_RATIO,Fertility rate,Y20T24,From 20 to 24 years,F,Female,BR_L_W,Live births per woman,2018,,0.31,,USA,United States,A,Normal value,0,Units,2,Two
US04,Arizona,_Z,Not applicable,FERT_RATIO,Fertility rate,Y20T24,From 20 to 24 years,F,Female,BR_L_W,Live births per woman,2018,,0.38,,USA,United States,A,Normal value,0,Units,2,Two
US18,Indiana,_Z,Not applicable,FERT_RATIO,Fertility rate,Y20T24,From 20 to 24 years,F,Female,BR_L_W,Live births per woman,2018,,0.42,,USA,United States,A,Normal value,0,Units,2,Two
US38,North Dakota,_Z,Not applicable,FERT_RATIO,Fertility rate,Y20T24,From 20 to 24 years,F,Female,BR_L_W,Live births per woman,2018,,0.34,,USA,United States,A,Normal value,0,Units,2,Two
US02,Alaska,_Z,Not applicable,FERT_RATIO,Fertility rate,Y20T24,From 20 to 24 years,F,Female,BR_L_W,Live births per woman,2018,,0.48,,USA,United States,A,Normal value,0,Units,2,Two
US44,Rhode Island,_Z,Not applicable,FERT_RATIO,Fertility rate,Y20T24,From 20 to 24 years,F,Female,BR_L_W,Live births per woman,2018,,0.21,,USA,United States,A,Normal value,0,Units,2,Two
US19,Iowa,_Z,Not applicable,FERT_RATIO,Fertility rate,Y20T24,From 20 to 24 years,F,Female,BR_L_W,Live births per woman,2018,,0.33,,USA,United States,A,Normal value,0,Units,2,Two
US36,New York,_Z,Not applicable,FERT_RATIO,Fertility rate,Y20T24,From 20 to 24 years,F,Female,BR_L_W,Live births per woman,2018,,0.26,,USA,United States,A,Normal value,0,Units,2,Two
US47,Tennessee,_Z,Not applicable,FERT_RATIO,Fertility rate,Y20T24,From 20 to 24 years,F,Female,BR_L_W,Live births per woman,2018,,0.44,,USA,United States,A,Normal value,0,Units,2,Two
US25,Massachusetts,_Z,Not applicable,FERT_RATIO,Fertility rate,Y20T24,From 20 to 24 years,F,Female,BR_L_W,Live births per woman,2018,,0.15,,USA,United States,A,Normal value,0,Units,2,Two
US35,New Mexico,_Z,Not applicable,FERT_RATIO,Fertility rate,Y20T24,From 20 to 24 years,F,Female,BR_L_W,Live births per woman,2018,,0.42,,USA,United States,A,Normal value,0,Units,2,Two
US53,Washington,_Z,Not applicable,FERT_RATIO,Fertility rate,Y20T24,From 20 to 24 years,F,Female,BR_L_W,Live births per woman,2018,,0.31,,USA,United States,A,Normal value,0,Units,2,Two
US54,West Virginia,_Z,Not applicable,FERT_RATIO,Fertility rate,Y20T24,From 20 to 24 years,F,Female,BR_L_W,Live births per woman,2018,,0.47,,USA,United States,A,Normal value,0,Units,2,Two
US27,Minnesota,_Z,Not applicable,FERT_RATIO,Fertility rate,Y20T24,From 20 to 24 years,F,Female,BR_L_W,Live births per woman,2018,,0.26,,USA,United States,A,Normal value,0,Units,2,Two
US40,Oklahoma,_Z,Not applicable,FERT_RATIO,Fertility rate,Y20T24,From 20 to 24 years,F,Female,BR_L_W,Live births per woman,2018,,0.49,,USA,United States,A,Normal value,0,Units,2,Two
US30,Montana,_Z,Not applicable,FERT_RATIO,Fertility rate,Y20T24,From 20 to 24 years,F,Female,BR_L_W,Live births per woman,2018,,0.35,,USA,United States,A,Normal value,0,Units,2,Two
US12,Florida,_Z,Not applicable,FERT_RATIO,Fertility rate,Y20T24,From 20 to 24 years,F,Female,BR_L_W,Live births per woman,2018,,0.33,,USA,United States,A,Normal value,0,Units,2,Two
US48,Texas,_Z,Not applicable,FERT_RATIO,Fertility rate,Y20T24,From 20 to 24 years,F,Female,BR_L_W,Live births per woman,2018,,0.43,,USA,United States,A,Normal value,0,Units,2,Two
US24,Maryland,_Z,Not applicable,FERT_RATIO,Fertility rate,Y20T24,From 20 to 24 years,F,Female,BR_L_W,Live births per woman,2018,,0.28,,USA,United States,A,Normal value,0,Units,2,Two
US37,North Carolina,_Z,Not applicable,FERT_RATIO,Fertility rate,Y20T24,From 20 to 24 years,F,Female,BR_L_W,Live births per woman,2018,,0.38,,USA,United States,A,Normal value,0,Units,2,Two
US11,District of Columbia,_Z,Not applicable,FERT_RATIO,Fertility rate,Y20T24,From 20 to 24 years,F,Female,BR_L_W,Live births per woman,2018,,0.22,,USA,United States,A,Normal value,0,Units,2,Two
US10,Delaware,_Z,Not applicable,FERT_RATIO,Fertility rate,Y20T24,From 20 to 24 years,F,Female,BR_L_W,Live births per woman,2018,,0.34,,USA,United States,A,Normal value,0,Units,2,Two
US16,Idaho,_Z,Not applicable,FERT_RATIO,Fertility rate,Y20T24,From 20 to 24 years,F,Female,BR_L_W,Live births per woman,2018,,0.47,,USA,United States,A,Normal value,0,Units,2,Two
US08,Colorado,_Z,Not applicable,FERT_RATIO,Fertility rate,Y20T24,From 20 to 24 years,F,Female,BR_L_W,Live births per woman,2018,,0.29,,USA,United States,A,Normal value,0,Units,2,Two
US42,Pennsylvania,_Z,Not applicable,FERT_RATIO,Fertility rate,Y15T19,From 15 to 19 years,F,Female,BR_L_W,Live births per woman,2018,,0.07,,USA,United States,A,Normal value,0,Units,2,Two
US51,Virginia,_Z,Not applicable,FERT_RATIO,Fertility rate,Y15T19,From 15 to 19 years,F,Female,BR_L_W,Live births per woman,2018,,0.07,,USA,United States,A,Normal value,0,Units,2,Two
US02,Alaska,_Z,Not applicable,FERT_RATIO,Fertility rate,Y15T19,From 15 to 19 years,F,Female,BR_L_W,Live births per woman,2018,,0.1,,USA,United States,A,Normal value,0,Units,2,Two
US26,Michigan,_Z,Not applicable,FERT_RATIO,Fertility rate,Y15T19,From 15 to 19 years,F,Female,BR_L_W,Live births per woman,2018,,0.08,,USA,United States,A,Normal value,0,Units,2,Two
US20,Kansas,_Z,Not applicable,FERT_RATIO,Fertility rate,Y15T19,From 15 to 19 years,F,Female,BR_L_W,Live births per woman,2018,,0.1,,USA,United States,A,Normal value,0,Units,2,Two
US37,North Carolina,_Z,Not applicable,FERT_RATIO,Fertility rate,Y15T19,From 15 to 19 years,F,Female,BR_L_W,Live births per woman,2018,,0.09,,USA,United States,A,Normal value,0,Units,2,Two
US11,District of Columbia,_Z,Not applicable,FERT_RATIO,Fertility rate,Y15T19,From 15 to 19 years,F,Female,BR_L_W,Live births per woman,2018,,0.1,,USA,United States,A,Normal value,0,Units,2,Two
US44,Rhode Island,_Z,Not applicable,FERT_RATIO,Fertility rate,Y15T19,From 15 to 19 years,F,Female,BR_L_W,Live births per woman,2018,,0.06,,USA,United States,A,Normal value,0,Units,2,Two
US29,Missouri,_Z,Not applicable,FERT_RATIO,Fertility rate,Y15T19,From 15 to 19 years,F,Female,BR_L_W,Live births per woman,2018,,0.11,,USA,United States,A,Normal value,0,Units,2,Two
US25,Massachusetts,_Z,Not applicable,FERT_RATIO,Fertility rate,Y15T19,From 15 to 19 years,F,Female,BR_L_W,Live births per woman,2018,,0.04,,USA,United States,A,Normal value,0,Units,2,Two
US30,Montana,_Z,Not applicable,FERT_RATIO,Fertility rate,Y15T19,From 15 to 19 years,F,Female,BR_L_W,Live births per woman,2018,,0.09,,USA,United States,A,Normal value,0,Units,2,Two
US32,Nevada,_Z,Not applicable,FERT_RATIO,Fertility rate,Y15T19,From 15 to 19 years,F,Female,BR_L_W,Live births per woman,2018,,0.1,,USA,United States,A,Normal value,0,Units,2,Two
US04,Arizona,_Z,Not applicable,FERT_RATIO,Fertility rate,Y15T19,From 15 to 19 years,F,Female,BR_L_W,Live births per woman,2018,,0.1,,USA,United States,A,Normal value,0,Units,2,Two
US31,Nebraska,_Z,Not applicable,FERT_RATIO,Fertility rate,Y15T19,From 15 to 19 years,F,Female,BR_L_W,Live births per woman,2018,,0.08,,USA,United States,A,Normal value,0,Units,2,Two
US22,Louisiana,_Z,Not applicable,FERT_RATIO,Fertility rate,Y15T19,From 15 to 19 years,F,Female,BR_L_W,Live births per woman,2018,,0.14,,USA,United States,A,Normal value,0,Units,2,Two
US21,Kentucky,_Z,Not applicable,FERT_RATIO,Fertility rate,Y15T19,From 15 to 19 years,F,Female,BR_L_W,Live births per woman,2018,,0.14,,USA,United States,A,Normal value,0,Units,2,Two
US16,Idaho,_Z,Not applicable,FERT_RATIO,Fertility rate,Y15T19,From 15 to 19 years,F,Female,BR_L_W,Live births per woman,2018,,0.08,,USA,United States,A,Normal value,0,Units,2,Two
US08,Colorado,_Z,Not applicable,FERT_RATIO,Fertility rate,Y15T19,From 15 to 19 years,F,Female,BR_L_W,Live births per woman,2018,,0.07,,USA,United States,A,Normal value,0,Units,2,Two
US45,South Carolina,_Z,Not applicable,FERT_RATIO,Fertility rate,Y15T19,From 15 to 19 years,F,Female,BR_L_W,Live births per woman,2018,,0.11,,USA,United States,A,Normal value,0,Units,2,Two
US48,Texas,_Z,Not applicable,FERT_RATIO,Fertility rate,Y15T19,From 15 to 19 years,F,Female,BR_L_W,Live births per woman,2018,,0.13,,USA,United States,A,Normal value,0,Units,2,Two
US17,Illinois,_Z,Not applicable,FERT_RATIO,Fertility rate,Y15T19,From 15 to 19 years,F,Female,BR_L_W,Live births per woman,2018,,0.08,,USA,United States,A,Normal value,0,Units,2,Two
US06,California,_Z,Not applicable,FERT_RATIO,Fertility rate,Y15T19,From 15 to 19 years,F,Female,BR_L_W,Live births per woman,2018,,0.07,,USA,United States,A,Normal value,0,Units,2,Two
US15,Hawaii,_Z,Not applicable,FERT_RATIO,Fertility rate,Y15T19,From 15 to 19 years,F,Female,BR_L_W,Live births per woman,2018,,0.09,,USA,United States,A,Normal value,0,Units,2,Two
US50,Vermont,_Z,Not applicable,FERT_RATIO,Fertility rate,Y15T19,From 15 to 19 years,F,Female,BR_L_W,Live births per woman,2018,,0.04,,USA,United States,A,Normal value,0,Units,2,Two
US54,West Virginia,_Z,Not applicable,FERT_RATIO,Fertility rate,Y15T19,From 15 to 19 years,F,Female,BR_L_W,Live births per woman,2018,,0.13,,USA,United States,A,Normal value,0,Units,2,Two
US12,Florida,_Z,Not applicable,FERT_RATIO,Fertility rate,Y15T19,From 15 to 19 years,F,Female,BR_L_W,Live births per woman,2018,,0.08,,USA,United States,A,Normal value,0,Units,2,Two
US41,Oregon,_Z,Not applicable,FERT_RATIO,Fertility rate,Y15T19,From 15 to 19 years,F,Female,BR_L_W,Live births per woman,2018,,0.07,,USA,United States,A,Normal value,0,Units,2,Two
US47,Tennessee,_Z,Not applicable,FERT_RATIO,Fertility rate,Y15T19,From 15 to 19 years,F,Female,BR_L_W,Live births per woman,2018,,0.13,,USA,United States,A,Normal value,0,Units,2,Two
US49,Utah,_Z,Not applicable,FERT_RATIO,Fertility rate,Y15T19,From 15 to 19 years,F,Female,BR_L_W,Live births per woman,2018,,0.07,,USA,United States,A,Normal value,0,Units,2,Two
US10,Delaware,_Z,Not applicable,FERT_RATIO,Fertility rate,Y15T19,From 15 to 19 years,F,Female,BR_L_W,Live births per woman,2018,,0.08,,USA,United States,A,Normal value,0,Units,2,Two
US35,New Mexico,_Z,Not applicable,FERT_RATIO,Fertility rate,Y15T19,From 15 to 19 years,F,Female,BR_L_W,Live births per woman,2018,,0.13,,USA,United States,A,Normal value,0,Units,2,Two
US18,Indiana,_Z,Not applicable,FERT_RATIO,Fertility rate,Y15T19,From 15 to 19 years,F,Female,BR_L_W,Live births per woman,2018,,0.11,,USA,United States,A,Normal value,0,Units,2,Two
US01,Alabama,_Z,Not applicable,FERT_RATIO,Fertility rate,Y15T19,From 15 to 19 years,F,Female,BR_L_W,Live births per woman,2018,,0.13,,USA,United States,A,Normal value,0,Units,2,Two
US34,New Jersey,_Z,Not applicable,FERT_RATIO,Fertility rate,Y15T19,From 15 to 19 years,F,Female,BR_L_W,Live births per woman,2018,,0.05,,USA,United States,A,Normal value,0,Units,2,Two
US27,Minnesota,_Z,Not applicable,FERT_RATIO,Fertility rate,Y15T19,From 15 to 19 years,F,Female,BR_L_W,Live births per woman,2018,,0.05,,USA,United States,A,Normal value,0,Units,2,Two
US56,Wyoming,_Z,Not applicable,FERT_RATIO,Fertility rate,Y15T19,From 15 to 19 years,F,Female,BR_L_W,Live births per woman,2018,,0.1,,USA,United States,A,Normal value,0,Units,2,Two
US40,Oklahoma,_Z,Not applicable,FERT_RATIO,Fertility rate,Y15T19,From 15 to 19 years,F,Female,BR_L_W,Live births per woman,2018,,0.14,,USA,United States,A,Normal value,0,Units,2,Two
US24,Maryland,_Z,Not applicable,FERT_RATIO,Fertility rate,Y15T19,From 15 to 19 years,F,Female,BR_L_W,Live births per woman,2018,,0.07,,USA,United States,A,Normal value,0,Units,2,Two
US09,Connecticut,_Z,Not applicable,FERT_RATIO,Fertility rate,Y15T19,From 15 to 19 years,F,Female,BR_L_W,Live births per woman,2018,,0.04,,USA,United States,A,Normal value,0,Units,2,Two
US46,South Dakota,_Z,Not applicable,FERT_RATIO,Fertility rate,Y15T19,From 15 to 19 years,F,Female,BR_L_W,Live births per woman,2018,,0.1,,USA,United States,A,Normal value,0,Units,2,Two
US19,Iowa,_Z,Not applicable,FERT_RATIO,Fertility rate,Y15T19,From 15 to 19 years,F,Female,BR_L_W,Live births per woman,2018,,0.08,,USA,United States,A,Normal value,0,Units,2,Two
US38,North Dakota,_Z,Not applicable,FERT_RATIO,Fertility rate,Y15T19,From 15 to 19 years,F,Female,BR_L_W,Live births per woman,2018,,0.08,,USA,United States,A,Normal value,0,Units,2,Two
US05,Arkansas,_Z,Not applicable,FERT_RATIO,Fertility rate,Y15T19,From 15 to 19 years,F,Female,BR_L_W,Live births per woman,2018,,0.15,,USA,United States,A,Normal value,0,Units,2,Two
US55,Wisconsin,_Z,Not applicable,FERT_RATIO,Fertility rate,Y15T19,From 15 to 19 years,F,Female,BR_L_W,Live births per woman,2018,,0.07,,USA,United States,A,Normal value,0,Units,2,Two
US23,Maine,_Z,Not applicable,FERT_RATIO,Fertility rate,Y15T19,From 15 to 19 years,F,Female,BR_L_W,Live births per woman,2018,,0.06,,USA,United States,A,Normal value,0,Units,2,Two
US39,Ohio,_Z,Not applicable,FERT_RATIO,Fertility rate,Y15T19,From 15 to 19 years,F,Female,BR_L_W,Live births per woman,2018,,0.1,,USA,United States,A,Normal value,0,Units,2,Two
US13,Georgia,_Z,Not applicable,FERT_RATIO,Fertility rate,Y15T19,From 15 to 19 years,F,Female,BR_L_W,Live births per woman,2018,,0.1,,USA,United States,A,Normal value,0,Units,2,Two
US53,Washington,_Z,Not applicable,FERT_RATIO,Fertility rate,Y15T19,From 15 to 19 years,F,Female,BR_L_W,Live births per woman,2018,,0.06,,USA,United States,A,Normal value,0,Units,2,Two
US33,New Hampshire,_Z,Not applicable,FERT_RATIO,Fertility rate,Y15T19,From 15 to 19 years,F,Female,BR_L_W,Live births per woman,2018,,0.04,,USA,United States,A,Normal value,0,Units,2,Two
US36,New York,_Z,Not applicable,FERT_RATIO,Fertility rate,Y15T19,From 15 to 19 years,F,Female,BR_L_W,Live births per woman,2018,,0.06,,USA,United States,A,Normal value,0,Units,2,Two
US28,Mississippi,_Z,Not applicable,FERT_RATIO,Fertility rate,Y15T19,From 15 to 19 years,F,Female,BR_L_W,Live births per woman,2018,,0.14,,USA,United States,A,Normal value,0,Units,2,Two
US40,Oklahoma,_Z,Not applicable,FERT_RATIO,Fertility rate,_T,Total,F,Female,BR_L_W,Live births per woman,2018,,1.8845,,USA,United States,A,Normal value,0,Units,2,Two
US21,Kentucky,_Z,Not applicable,FERT_RATIO,Fertility rate,_T,Total,F,Female,BR_L_W,Live births per woman,2018,,1.8715,,USA,United States,A,Normal value,0,Units,2,Two
US10,Delaware,_Z,Not applicable,FERT_RATIO,Fertility rate,_T,Total,F,Female,BR_L_W,Live births per woman,2018,,1.724,,USA,United States,A,Normal value,0,Units,2,Two
US47,Tennessee,_Z,Not applicable,FERT_RATIO,Fertility rate,_T,Total,F,Female,BR_L_W,Live births per woman,2018,,1.781,,USA,United States,A,Normal value,0,Units,2,Two
US27,Minnesota,_Z,Not applicable,FERT_RATIO,Fertility rate,_T,Total,F,Female,BR_L_W,Live births per woman,2018,,1.829,,USA,United States,A,Normal value,0,Units,2,Two
US08,Colorado,_Z,Not applicable,FERT_RATIO,Fertility rate,_T,Total,F,Female,BR_L_W,Live births per woman,2018,,1.557,,USA,United States,A,Normal value,0,Units,2,Two
US55,Wisconsin,_Z,Not applicable,FERT_RATIO,Fertility rate,_T,Total,F,Female,BR_L_W,Live births per woman,2018,,1.757,,USA,United States,A,Normal value,0,Units,2,Two
US12,Florida,_Z,Not applicable,FERT_RATIO,Fertility rate,_T,Total,F,Female,BR_L_W,Live births per woman,2018,,1.674,,USA,United States,A,Normal value,0,Units,2,Two
US53,Washington,_Z,Not applicable,FERT_RATIO,Fertility rate,_T,Total,F,Female,BR_L_W,Live births per woman,2018,,1.6425,,USA,United States,A,Normal value,0,Units,2,Two
US41,Oregon,_Z,Not applicable,FERT_RATIO,Fertility rate,_T,Total,F,Female,BR_L_W,Live births per woman,2018,,1.49,,USA,United States,A,Normal value,0,Units,2,Two
US29,Missouri,_Z,Not applicable,FERT_RATIO,Fertility rate,_T,Total,F,Female,BR_L_W,Live births per woman,2018,,1.8185,,USA,United States,A,Normal value,0,Units,2,Two
US31,Nebraska,_Z,Not applicable,FERT_RATIO,Fertility rate,_T,Total,F,Female,BR_L_W,Live births per woman,2018,,2.031,,USA,United States,A,Normal value,0,Units,2,Two
US56,Wyoming,_Z,Not applicable,FERT_RATIO,Fertility rate,_T,Total,F,Female,BR_L_W,Live births per woman,2018,,1.7875,,USA,United States,A,Normal value,0,Units,2,Two
US18,Indiana,_Z,Not applicable,FERT_RATIO,Fertility rate,_T,Total,F,Female,BR_L_W,Live births per woman,2018,,1.8535,,USA,United States,A,Normal value,0,Units,2,Two
US06,California,_Z,Not applicable,FERT_RATIO,Fertility rate,_T,Total,F,Female,BR_L_W,Live births per woman,2018,,1.632,,USA,United States,A,Normal value,0,Units,2,Two
US44,Rhode Island,_Z,Not applicable,FERT_RATIO,Fertility rate,_T,Total,F,Female,BR_L_W,Live births per woman,2018,,1.493,,USA,United States,A,Normal value,0,Units,2,Two
US54,West Virginia,_Z,Not applicable,FERT_RATIO,Fertility rate,_T,Total,F,Female,BR_L_W,Live births per woman,2018,,1.7095,,USA,United States,A,Normal value,0,Units,2,Two
US34,New Jersey,_Z,Not applicable,FERT_RATIO,Fertility rate,_T,Total,F,Female,BR_L_W,Live births per woman,2018,,1.7845,,USA,United States,A,Normal value,0,Units,2,Two
US05,Arkansas,_Z,Not applicable,FERT_RATIO,Fertility rate,_T,Total,F,Female,BR_L_W,Live births per woman,2018,,1.8795,,USA,United States,A,Normal value,0,Units,2,Two
US32,Nevada,_Z,Not applicable,FERT_RATIO,Fertility rate,_T,Total,F,Female,BR_L_W,Live births per woman,2018,,1.7525,,USA,United States,A,Normal value,0,Units,2,Two
US37,North Carolina,_Z,Not applicable,FERT_RATIO,Fertility rate,_T,Total,F,Female,BR_L_W,Live births per woman,2018,,1.7285,,USA,United States,A,Normal value,0,Units,2,Two
US01,Alabama,_Z,Not applicable,FERT_RATIO,Fertility rate,_T,Total,F,Female,BR_L_W,Live births per woman,2018,,1.7865,,USA,United States,A,Normal value,0,Units,2,Two
US13,Georgia,_Z,Not applicable,FERT_RATIO,Fertility rate,_T,Total,F,Female,BR_L_W,Live births per woman,2018,,1.729,,USA,United States,A,Normal value,0,Units,2,Two
US23,Maine,_Z,Not applicable,FERT_RATIO,Fertility rate,_T,Total,F,Female,BR_L_W,Live births per woman,2018,,1.5775,,USA,United States,A,Normal value,0,Units,2,Two
US38,North Dakota,_Z,Not applicable,FERT_RATIO,Fertility rate,_T,Total,F,Female,BR_L_W,Live births per woman,2018,,2.0335,,USA,United States,A,Normal value,0,Units,2,Two
US02,Alaska,_Z,Not applicable,FERT_RATIO,Fertility rate,_T,Total,F,Female,BR_L_W,Live births per woman,2018,,1.9655,,USA,United States,A,Normal value,0,Units,2,Two
US09,Connecticut,_Z,Not applicable,FERT_RATIO,Fertility rate,_T,Total,F,Female,BR_L_W,Live births per woman,2018,,1.5705,,USA,United States,A,Normal value,0,Units,2,Two
US42,Pennsylvania,_Z,Not applicable,FERT_RATIO,Fertility rate,_T,Total,F,Female,BR_L_W,Live births per woman,2018,,1.665,,USA,United States,A,Normal value,0,Units,2,Two
US16,Idaho,_Z,Not applicable,FERT_RATIO,Fertility rate,_T,Total,F,Female,BR_L_W,Live births per woman,2018,,1.899,,USA,United States,A,Normal value,0,Units,2,Two
US24,Maryland,_Z,Not applicable,FERT_RATIO,Fertility rate,_T,Total,F,Female,BR_L_W,Live births per woman,2018,,1.745,,USA,United States,A,Normal value,0,Units,2,Two
US35,New Mexico,_Z,Not applicable,FERT_RATIO,Fertility rate,_T,Total,F,Female,BR_L_W,Live births per woman,2018,,1.7,,USA,United States,A,Normal value,0,Units,2,Two
US28,Mississippi,_Z,Not applicable,FERT_RATIO,Fertility rate,_T,Total,F,Female,BR_L_W,Live births per woman,2018,,1.842,,USA,United States,A,Normal value,0,Units,2,Two
US36,New York,_Z,Not applicable,FERT_RATIO,Fertility rate,_T,Total,F,Female,BR_L_W,Live births per woman,2018,,1.6665,,USA,United States,A,Normal value,0,Units,2,Two
US04,Arizona,_Z,Not applicable,FERT_RATIO,Fertility rate,_T,Total,F,Female,BR_L_W,Live births per woman,2018,,1.722,,USA,United States,A,Normal value,0,Units,2,Two
US49,Utah,_Z,Not applicable,FERT_RATIO,Fertility rate,_T,Total,F,Female,BR_L_W,Live births per woman,2018,,2.0265,,USA,United States,A,Normal value,0,Units,2,Two
US51,Virginia,_Z,Not applicable,FERT_RATIO,Fertility rate,_T,Total,F,Female,BR_L_W,Live births per woman,2018,,1.7335,,USA,United States,A,Normal value,0,Units,2,Two
US22,Louisiana,_Z,Not applicable,FERT_RATIO,Fertility rate,_T,Total,F,Female,BR_L_W,Live births per woman,2018,,1.8625,,USA,United States,A,Normal value,0,Units,2,Two
US50,Vermont,_Z,Not applicable,FERT_RATIO,Fertility rate,_T,Total,F,Female,BR_L_W,Live births per woman,2018,,1.4435,,USA,United States,A,Normal value,0,Units,2,Two
US26,Michigan,_Z,Not applicable,FERT_RATIO,Fertility rate,_T,Total,F,Female,BR_L_W,Live births per woman,2018,,1.725,,USA,United States,A,Normal value,0,Units,2,Two
US33,New Hampshire,_Z,Not applicable,FERT_RATIO,Fertility rate,_T,Total,F,Female,BR_L_W,Live births per woman,2018,,1.4655,,USA,United States,A,Normal value,0,Units,2,Two
US48,Texas,_Z,Not applicable,FERT_RATIO,Fertility rate,_T,Total,F,Female,BR_L_W,Live births per woman,2018,,1.87,,USA,United States,A,Normal value,0,Units,2,Two
US19,Iowa,_Z,Not applicable,FERT_RATIO,Fertility rate,_T,Total,F,Female,BR_L_W,Live births per woman,2018,,1.8975,,USA,United States,A,Normal value,0,Units,2,Two
US15,Hawaii,_Z,Not applicable,FERT_RATIO,Fertility rate,_T,Total,F,Female,BR_L_W,Live births per woman,2018,,1.847,,USA,United States,A,Normal value,0,Units,2,Two
US20,Kansas,_Z,Not applicable,FERT_RATIO,Fertility rate,_T,Total,F,Female,BR_L_W,Live births per woman,2018,,1.915,,USA,United States,A,Normal value,0,Units,2,Two
US11,District of Columbia,_Z,Not applicable,FERT_RATIO,Fertility rate,_T,Total,F,Female,BR_L_W,Live births per woman,2018,,1.3465,,USA,United States,A,Normal value,0,Units,2,Two
US25,Massachusetts,_Z,Not applicable,FERT_RATIO,Fertility rate,_T,Total,F,Female,BR_L_W,Live births per woman,2018,,1.4495,,USA,United States,A,Normal value,0,Units,2,Two
US17,Illinois,_Z,Not applicable,FERT_RATIO,Fertility rate,_T,Total,F,Female,BR_L_W,Live births per woman,2018,,1.69,,USA,United States,A,Normal value,0,Units,2,Two
US39,Ohio,_Z,Not applicable,FERT_RATIO,Fertility rate,_T,Total,F,Female,BR_L_W,Live births per woman,2018,,1.7915,,USA,United States,A,Normal value,0,Units,2,Two
US45,South Carolina,_Z,Not applicable,FERT_RATIO,Fertility rate,_T,Total,F,Female,BR_L_W,Live births per woman,2018,,1.705,,USA,United States,A,Normal value,0,Units,2,Two
US30,Montana,_Z,Not applicable,FERT_RATIO,Fertility rate,_T,Total,F,Female,BR_L_W,Live births per woman,2018,,1.733,,USA,United States,A,Normal value,0,Units,2,Two
US46,South Dakota,_Z,Not applicable,FERT_RATIO,Fertility rate,_T,Total,F,Female,BR_L_W,Live births per woman,2018,,2.1545,,USA,United States,A,Normal value,0,Units,2,Two
US28,Mississippi,_Z,Not applicable,FERT_RATIO,Fertility rate,Y40T44,From 40 to 44 years,F,Female,BR_L_W,Live births per woman,2019,,0.03,,USA,United States,A,Normal value,0,Units,2,Two
US01,Alabama,_Z,Not applicable,FERT_RATIO,Fertility rate,Y40T44,From 40 to 44 years,F,Female,BR_L_W,Live births per woman,2019,,0.03,,USA,United States,A,Normal value,0,Units,2,Two
US11,District of Columbia,_Z,Not applicable,FERT_RATIO,Fertility rate,Y40T44,From 40 to 44 years,F,Female,BR_L_W,Live births per woman,2019,,0.11,,USA,United States,A,Normal value,0,Units,2,Two
US02,Alaska,_Z,Not applicable,FERT_RATIO,Fertility rate,Y40T44,From 40 to 44 years,F,Female,BR_L_W,Live births per woman,2019,,0.07,,USA,United States,A,Normal value,0,Units,2,Two
US25,Massachusetts,_Z,Not applicable,FERT_RATIO,Fertility rate,Y40T44,From 40 to 44 years,F,Female,BR_L_W,Live births per woman,2019,,0.08,,USA,United States,A,Normal value,0,Units,2,Two
US34,New Jersey,_Z,Not applicable,FERT_RATIO,Fertility rate,Y40T44,From 40 to 44 years,F,Female,BR_L_W,Live births per woman,2019,,0.08,,USA,United States,A,Normal value,0,Units,2,Two
US09,Connecticut,_Z,Not applicable,FERT_RATIO,Fertility rate,Y40T44,From 40 to 44 years,F,Female,BR_L_W,Live births per woman,2019,,0.07,,USA,United States,A,Normal value,0,Units,2,Two
US24,Maryland,_Z,Not applicable,FERT_RATIO,Fertility rate,Y40T44,From 40 to 44 years,F,Female,BR_L_W,Live births per woman,2019,,0.08,,USA,United States,A,Normal value,0,Units,2,Two
US36,New York,_Z,Not applicable,FERT_RATIO,Fertility rate,Y40T44,From 40 to 44 years,F,Female,BR_L_W,Live births per woman,2019,,0.09,,USA,United States,A,Normal value,0,Units,2,Two
US06,California,_Z,Not applicable,FERT_RATIO,Fertility rate,Y40T44,From 40 to 44 years,F,Female,BR_L_W,Live births per woman,2019,,0.08,,USA,United States,A,Normal value,0,Units,2,Two
US15,Hawaii,_Z,Not applicable,FERT_RATIO,Fertility rate,Y40T44,From 40 to 44 years,F,Female,BR_L_W,Live births per woman,2019,,0.09,,USA,United States,A,Normal value,0,Units,2,Two
US05,Arkansas,_Z,Not applicable,FERT_RATIO,Fertility rate,Y40T44,From 40 to 44 years,F,Female,BR_L_W,Live births per woman,2019,,0.03,,USA,United States,A,Normal value,0,Units,2,Two
US54,West Virginia,_Z,Not applicable,FERT_RATIO,Fertility rate,Y40T44,From 40 to 44 years,F,Female,BR_L_W,Live births per woman,2019,,0.03,,USA,United States,A,Normal value,0,Units,2,Two
US31,Nebraska,_Z,Not applicable,FERT_RATIO,Fertility rate,Y40T44,From 40 to 44 years,F,Female,BR_L_W,Live births per woman,2019,,0.06,,USA,United States,A,Normal value,0,Units,2,Two
US32,Nevada,_Z,Not applicable,FERT_RATIO,Fertility rate,Y40T44,From 40 to 44 years,F,Female,BR_L_W,Live births per woman,2019,,0.06,,USA,United States,A,Normal value,0,Units,2,Two
US10,Delaware,_Z,Not applicable,FERT_RATIO,Fertility rate,Y40T44,From 40 to 44 years,F,Female,BR_L_W,Live births per woman,2019,,0.06,,USA,United States,A,Normal value,0,Units,2,Two
US49,Utah,_Z,Not applicable,FERT_RATIO,Fertility rate,Y40T44,From 40 to 44 years,F,Female,BR_L_W,Live births per woman,2019,,0.06,,USA,United States,A,Normal value,0,Units,2,Two
US12,Florida,_Z,Not applicable,FERT_RATIO,Fertility rate,Y40T44,From 40 to 44 years,F,Female,BR_L_W,Live births per woman,2019,,0.06,,USA,United States,A,Normal value,0,Units,2,Two
US48,Texas,_Z,Not applicable,FERT_RATIO,Fertility rate,Y40T44,From 40 to 44 years,F,Female,BR_L_W,Live births per woman,2019,,0.06,,USA,United States,A,Normal value,0,Units,2,Two
US51,Virginia,_Z,Not applicable,FERT_RATIO,Fertility rate,Y40T44,From 40 to 44 years,F,Female,BR_L_W,Live births per woman,2019,,0.06,,USA,United States,A,Normal value,0,Units,2,Two
US44,Rhode Island,_Z,Not applicable,FERT_RATIO,Fertility rate,Y40T44,From 40 to 44 years,F,Female,BR_L_W,Live births per woman,2019,,0.06,,USA,United States,A,Normal value,0,Units,2,Two
US27,Minnesota,_Z,Not applicable,FERT_RATIO,Fertility rate,Y40T44,From 40 to 44 years,F,Female,BR_L_W,Live births per woman,2019,,0.06,,USA,United States,A,Normal value,0,Units,2,Two
US17,Illinois,_Z,Not applicable,FERT_RATIO,Fertility rate,Y40T44,From 40 to 44 years,F,Female,BR_L_W,Live births per woman,2019,,0.06,,USA,United States,A,Normal value,0,Units,2,Two
US50,Vermont,_Z,Not applicable,FERT_RATIO,Fertility rate,Y40T44,From 40 to 44 years,F,Female,BR_L_W,Live births per woman,2019,,0.06,,USA,United States,A,Normal value,0,Units,2,Two
US53,Washington,_Z,Not applicable,FERT_RATIO,Fertility rate,Y40T44,From 40 to 44 years,F,Female,BR_L_W,Live births per woman,2019,,0.06,,USA,United States,A,Normal value,0,Units,2,Two
US08,Colorado,_Z,Not applicable,FERT_RATIO,Fertility rate,Y40T44,From 40 to 44 years,F,Female,BR_L_W,Live births per woman,2019,,0.06,,USA,United States,A,Normal value,0,Units,2,Two
US37,North Carolina,_Z,Not applicable,FERT_RATIO,Fertility rate,Y40T44,From 40 to 44 years,F,Female,BR_L_W,Live births per woman,2019,,0.05,,USA,United States,A,Normal value,0,Units,2,Two
US20,Kansas,_Z,Not applicable,FERT_RATIO,Fertility rate,Y40T44,From 40 to 44 years,F,Female,BR_L_W,Live births per woman,2019,,0.05,,USA,United States,A,Normal value,0,Units,2,Two
US16,Idaho,_Z,Not applicable,FERT_RATIO,Fertility rate,Y40T44,From 40 to 44 years,F,Female,BR_L_W,Live births per woman,2019,,0.05,,USA,United States,A,Normal value,0,Units,2,Two
US26,Michigan,_Z,Not applicable,FERT_RATIO,Fertility rate,Y40T44,From 40 to 44 years,F,Female,BR_L_W,Live births per woman,2019,,0.05,,USA,United States,A,Normal value,0,Units,2,Two
US42,Pennsylvania,_Z,Not applicable,FERT_RATIO,Fertility rate,Y40T44,From 40 to 44 years,F,Female,BR_L_W,Live births per woman,2019,,0.05,,USA,United States,A,Normal value,0,Units,2,Two
US55,Wisconsin,_Z,Not applicable,FERT_RATIO,Fertility rate,Y40T44,From 40 to 44 years,F,Female,BR_L_W,Live births per woman,2019,,0.05,,USA,United States,A,Normal value,0,Units,2,Two
US13,Georgia,_Z,Not applicable,FERT_RATIO,Fertility rate,Y40T44,From 40 to 44 years,F,Female,BR_L_W,Live births per woman,2019,,0.05,,USA,United States,A,Normal value,0,Units,2,Two
US04,Arizona,_Z,Not applicable,FERT_RATIO,Fertility rate,Y40T44,From 40 to 44 years,F,Female,BR_L_W,Live births per woman,2019,,0.05,,USA,United States,A,Normal value,0,Units,2,Two
US38,North Dakota,_Z,Not applicable,FERT_RATIO,Fertility rate,Y40T44,From 40 to 44 years,F,Female,BR_L_W,Live births per woman,2019,,0.05,,USA,United States,A,Normal value,0,Units,2,Two
US41,Oregon,_Z,Not applicable,FERT_RATIO,Fertility rate,Y40T44,From 40 to 44 years,F,Female,BR_L_W,Live births per woman,2019,,0.05,,USA,United States,A,Normal value,0,Units,2,Two
US33,New Hampshire,_Z,Not applicable,FERT_RATIO,Fertility rate,Y40T44,From 40 to 44 years,F,Female,BR_L_W,Live births per woman,2019,,0.05,,USA,United States,A,Normal value,0,Units,2,Two
US46,South Dakota,_Z,Not applicable,FERT_RATIO,Fertility rate,Y40T44,From 40 to 44 years,F,Female,BR_L_W,Live births per woman,2019,,0.04,,USA,United States,A,Normal value,0,Units,2,Two
US22,Louisiana,_Z,Not applicable,FERT_RATIO,Fertility rate,Y40T44,From 40 to 44 years,F,Female,BR_L_W,Live births per woman,2019,,0.04,,USA,United States,A,Normal value,0,Units,2,Two
US29,Missouri,_Z,Not applicable,FERT_RATIO,Fertility rate,Y40T44,From 40 to 44 years,F,Female,BR_L_W,Live births per woman,2019,,0.04,,USA,United States,A,Normal value,0,Units,2,Two
US35,New Mexico,_Z,Not applicable,FERT_RATIO,Fertility rate,Y40T44,From 40 to 44 years,F,Female,BR_L_W,Live births per woman,2019,,0.04,,USA,United States,A,Normal value,0,Units,2,Two
US30,Montana,_Z,Not applicable,FERT_RATIO,Fertility rate,Y40T44,From 40 to 44 years,F,Female,BR_L_W,Live births per woman,2019,,0.04,,USA,United States,A,Normal value,0,Units,2,Two
US18,Indiana,_Z,Not applicable,FERT_RATIO,Fertility rate,Y40T44,From 40 to 44 years,F,Female,BR_L_W,Live births per woman,2019,,0.04,,USA,United States,A,Normal value,0,Units,2,Two
US39,Ohio,_Z,Not applicable,FERT_RATIO,Fertility rate,Y40T44,From 40 to 44 years,F,Female,BR_L_W,Live births per woman,2019,,0.04,,USA,United States,A,Normal value,0,Units,2,Two
US47,Tennessee,_Z,Not applicable,FERT_RATIO,Fertility rate,Y40T44,From 40 to 44 years,F,Female,BR_L_W,Live births per woman,2019,,0.04,,USA,United States,A,Normal value,0,Units,2,Two
US56,Wyoming,_Z,Not applicable,FERT_RATIO,Fertility rate,Y40T44,From 40 to 44 years,F,Female,BR_L_W,Live births per woman,2019,,0.04,,USA,United States,A,Normal value,0,Units,2,Two
US45,South Carolina,_Z,Not applicable,FERT_RATIO,Fertility rate,Y40T44,From 40 to 44 years,F,Female,BR_L_W,Live births per woman,2019,,0.04,,USA,United States,A,Normal value,0,Units,2,Two
US21,Kentucky,_Z,Not applicable,FERT_RATIO,Fertility rate,Y40T44,From 40 to 44 years,F,Female,BR_L_W,Live births per woman,2019,,0.04,,USA,United States,A,Normal value,0,Units,2,Two
US19,Iowa,_Z,Not applicable,FERT_RATIO,Fertility rate,Y40T44,From 40 to 44 years,F,Female,BR_L_W,Live births per woman,2019,,0.04,,USA,United States,A,Normal value,0,Units,2,Two
US40,Oklahoma,_Z,Not applicable,FERT_RATIO,Fertility rate,Y40T44,From 40 to 44 years,F,Female,BR_L_W,Live births per woman,2019,,0.04,,USA,United States,A,Normal value,0,Units,2,Two
US23,Maine,_Z,Not applicable,FERT_RATIO,Fertility rate,Y40T44,From 40 to 44 years,F,Female,BR_L_W,Live births per woman,2019,,0.04,,USA,United States,A,Normal value,0,Units,2,Two
US11,District of Columbia,_Z,Not applicable,FERT_RATIO,Fertility rate,Y25T29,From 25 to 29 years,F,Female,BR_L_W,Live births per woman,2019,,0.21,,USA,United States,A,Normal value,0,Units,2,Two
US30,Montana,_Z,Not applicable,FERT_RATIO,Fertility rate,Y25T29,From 25 to 29 years,F,Female,BR_L_W,Live births per woman,2019,,0.51,,USA,United States,A,Normal value,0,Units,2,Two
US49,Utah,_Z,Not applicable,FERT_RATIO,Fertility rate,Y25T29,From 25 to 29 years,F,Female,BR_L_W,Live births per woman,2019,,0.66,,USA,United States,A,Normal value,0,Units,2,Two
US15,Hawaii,_Z,Not applicable,FERT_RATIO,Fertility rate,Y25T29,From 25 to 29 years,F,Female,BR_L_W,Live births per woman,2019,,0.49,,USA,United States,A,Normal value,0,Units,2,Two
US41,Oregon,_Z,Not applicable,FERT_RATIO,Fertility rate,Y25T29,From 25 to 29 years,F,Female,BR_L_W,Live births per woman,2019,,0.4,,USA,United States,A,Normal value,0,Units,2,Two
US12,Florida,_Z,Not applicable,FERT_RATIO,Fertility rate,Y25T29,From 25 to 29 years,F,Female,BR_L_W,Live births per woman,2019,,0.45,,USA,United States,A,Normal value,0,Units,2,Two
US16,Idaho,_Z,Not applicable,FERT_RATIO,Fertility rate,Y25T29,From 25 to 29 years,F,Female,BR_L_W,Live births per woman,2019,,0.61,,USA,United States,A,Normal value,0,Units,2,Two
US36,New York,_Z,Not applicable,FERT_RATIO,Fertility rate,Y25T29,From 25 to 29 years,F,Female,BR_L_W,Live births per woman,2019,,0.38,,USA,United States,A,Normal value,0,Units,2,Two
US54,West Virginia,_Z,Not applicable,FERT_RATIO,Fertility rate,Y25T29,From 25 to 29 years,F,Female,BR_L_W,Live births per woman,2019,,0.53,,USA,United States,A,Normal value,0,Units,2,Two
US31,Nebraska,_Z,Not applicable,FERT_RATIO,Fertility rate,Y25T29,From 25 to 29 years,F,Female,BR_L_W,Live births per woman,2019,,0.64,,USA,United States,A,Normal value,0,Units,2,Two
US17,Illinois,_Z,Not applicable,FERT_RATIO,Fertility rate,Y25T29,From 25 to 29 years,F,Female,BR_L_W,Live births per woman,2019,,0.43,,USA,United States,A,Normal value,0,Units,2,Two
US28,Mississippi,_Z,Not applicable,FERT_RATIO,Fertility rate,Y25T29,From 25 to 29 years,F,Female,BR_L_W,Live births per woman,2019,,0.57,,USA,United States,A,Normal value,0,Units,2,Two
US26,Michigan,_Z,Not applicable,FERT_RATIO,Fertility rate,Y25T29,From 25 to 29 years,F,Female,BR_L_W,Live births per woman,2019,,0.5,,USA,United States,A,Normal value,0,Units,2,Two
US37,North Carolina,_Z,Not applicable,FERT_RATIO,Fertility rate,Y25T29,From 25 to 29 years,F,Female,BR_L_W,Live births per woman,2019,,0.48,,USA,United States,A,Normal value,0,Units,2,Two
US35,New Mexico,_Z,Not applicable,FERT_RATIO,Fertility rate,Y25T29,From 25 to 29 years,F,Female,BR_L_W,Live births per woman,2019,,0.5,,USA,United States,A,Normal value,0,Units,2,Two
US27,Minnesota,_Z,Not applicable,FERT_RATIO,Fertility rate,Y25T29,From 25 to 29 years,F,Female,BR_L_W,Live births per woman,2019,,0.52,,USA,United States,A,Normal value,0,Units,2,Two
US47,Tennessee,_Z,Not applicable,FERT_RATIO,Fertility rate,Y25T29,From 25 to 29 years,F,Female,BR_L_W,Live births per woman,2019,,0.5,,USA,United States,A,Normal value,0,Units,2,Two
US19,Iowa,_Z,Not applicable,FERT_RATIO,Fertility rate,Y25T29,From 25 to 29 years,F,Female,BR_L_W,Live births per woman,2019,,0.64,,USA,United States,A,Normal value,0,Units,2,Two
US51,Virginia,_Z,Not applicable,FERT_RATIO,Fertility rate,Y25T29,From 25 to 29 years,F,Female,BR_L_W,Live births per woman,2019,,0.46,,USA,United States,A,Normal value,0,Units,2,Two
US38,North Dakota,_Z,Not applicable,FERT_RATIO,Fertility rate,Y25T29,From 25 to 29 years,F,Female,BR_L_W,Live births per woman,2019,,0.64,,USA,United States,A,Normal value,0,Units,2,Two
US50,Vermont,_Z,Not applicable,FERT_RATIO,Fertility rate,Y25T29,From 25 to 29 years,F,Female,BR_L_W,Live births per woman,2019,,0.41,,USA,United States,A,Normal value,0,Units,2,Two
US06,California,_Z,Not applicable,FERT_RATIO,Fertility rate,Y25T29,From 25 to 29 years,F,Female,BR_L_W,Live births per woman,2019,,0.39,,USA,United States,A,Normal value,0,Units,2,Two
US22,Louisiana,_Z,Not applicable,FERT_RATIO,Fertility rate,Y25T29,From 25 to 29 years,F,Female,BR_L_W,Live births per woman,2019,,0.55,,USA,United States,A,Normal value,0,Units,2,Two
US20,Kansas,_Z,Not applicable,FERT_RATIO,Fertility rate,Y25T29,From 25 to 29 years,F,Female,BR_L_W,Live births per woman,2019,,0.59,,USA,United States,A,Normal value,0,Units,2,Two
US33,New Hampshire,_Z,Not applicable,FERT_RATIO,Fertility rate,Y25T29,From 25 to 29 years,F,Female,BR_L_W,Live births per woman,2019,,0.41,,USA,United States,A,Normal value,0,Units,2,Two
US32,Nevada,_Z,Not applicable,FERT_RATIO,Fertility rate,Y25T29,From 25 to 29 years,F,Female,BR_L_W,Live births per woman,2019,,0.47,,USA,United States,A,Normal value,0,Units,2,Two
US45,South Carolina,_Z,Not applicable,FERT_RATIO,Fertility rate,Y25T29,From 25 to 29 years,F,Female,BR_L_W,Live births per woman,2019,,0.49,,USA,United States,A,Normal value,0,Units,2,Two
US05,Arkansas,_Z,Not applicable,FERT_RATIO,Fertility rate,Y25T29,From 25 to 29 years,F,Female,BR_L_W,Live births per woman,2019,,0.56,,USA,United States,A,Normal value,0,Units,2,Two
US24,Maryland,_Z,Not applicable,FERT_RATIO,Fertility rate,Y25T29,From 25 to 29 years,F,Female,BR_L_W,Live births per woman,2019,,0.45,,USA,United States,A,Normal value,0,Units,2,Two
US01,Alabama,_Z,Not applicable,FERT_RATIO,Fertility rate,Y25T29,From 25 to 29 years,F,Female,BR_L_W,Live births per woman,2019,,0.55,,USA,United States,A,Normal value,0,Units,2,Two
US25,Massachusetts,_Z,Not applicable,FERT_RATIO,Fertility rate,Y25T29,From 25 to 29 years,F,Female,BR_L_W,Live births per woman,2019,,0.31,,USA,United States,A,Normal value,0,Units,2,Two
US34,New Jersey,_Z,Not applicable,FERT_RATIO,Fertility rate,Y25T29,From 25 to 29 years,F,Female,BR_L_W,Live births per woman,2019,,0.43,,USA,United States,A,Normal value,0,Units,2,Two
US13,Georgia,_Z,Not applicable,FERT_RATIO,Fertility rate,Y25T29,From 25 to 29 years,F,Female,BR_L_W,Live births per woman,2019,,0.48,,USA,United States,A,Normal value,0,Units,2,Two
US46,South Dakota,_Z,Not applicable,FERT_RATIO,Fertility rate,Y25T29,From 25 to 29 years,F,Female,BR_L_W,Live births per woman,2019,,0.69,,USA,United States,A,Normal value,0,Units,2,Two
US48,Texas,_Z,Not applicable,FERT_RATIO,Fertility rate,Y25T29,From 25 to 29 years,F,Female,BR_L_W,Live births per woman,2019,,0.52,,USA,United States,A,Normal value,0,Units,2,Two
US23,Maine,_Z,Not applicable,FERT_RATIO,Fertility rate,Y25T29,From 25 to 29 years,F,Female,BR_L_W,Live births per woman,2019,,0.44,,USA,United States,A,Normal value,0,Units,2,Two
US08,Colorado,_Z,Not applicable,FERT_RATIO,Fertility rate,Y25T29,From 25 to 29 years,F,Female,BR_L_W,Live births per woman,2019,,0.39,,USA,United States,A,Normal value,0,Units,2,Two
US18,Indiana,_Z,Not applicable,FERT_RATIO,Fertility rate,Y25T29,From 25 to 29 years,F,Female,BR_L_W,Live births per woman,2019,,0.57,,USA,United States,A,Normal value,0,Units,2,Two
US40,Oklahoma,_Z,Not applicable,FERT_RATIO,Fertility rate,Y25T29,From 25 to 29 years,F,Female,BR_L_W,Live births per woman,2019,,0.57,,USA,United States,A,Normal value,0,Units,2,Two
US42,Pennsylvania,_Z,Not applicable,FERT_RATIO,Fertility rate,Y25T29,From 25 to 29 years,F,Female,BR_L_W,Live births per woman,2019,,0.46,,USA,United States,A,Normal value,0,Units,2,Two
US02,Alaska,_Z,Not applicable,FERT_RATIO,Fertility rate,Y25T29,From 25 to 29 years,F,Female,BR_L_W,Live births per woman,2019,,0.55,,USA,United States,A,Normal value,0,Units,2,Two
US56,Wyoming,_Z,Not applicable,FERT_RATIO,Fertility rate,Y25T29,From 25 to 29 years,F,Female,BR_L_W,Live births per woman,2019,,0.55,,USA,United States,A,Normal value,0,Units,2,Two
US39,Ohio,_Z,Not applicable,FERT_RATIO,Fertility rate,Y25T29,From 25 to 29 years,F,Female,BR_L_W,Live births per woman,2019,,0.53,,USA,United States,A,Normal value,0,Units,2,Two
US53,Washington,_Z,Not applicable,FERT_RATIO,Fertility rate,Y25T29,From 25 to 29 years,F,Female,BR_L_W,Live births per woman,2019,,0.42,,USA,United States,A,Normal value,0,Units,2,Two
US29,Missouri,_Z,Not applicable,FERT_RATIO,Fertility rate,Y25T29,From 25 to 29 years,F,Female,BR_L_W,Live births per woman,2019,,0.54,,USA,United States,A,Normal value,0,Units,2,Two
US21,Kentucky,_Z,Not applicable,FERT_RATIO,Fertility rate,Y25T29,From 25 to 29 years,F,Female,BR_L_W,Live births per woman,2019,,0.55,,USA,United States,A,Normal value,0,Units,2,Two
US09,Connecticut,_Z,Not applicable,FERT_RATIO,Fertility rate,Y25T29,From 25 to 29 years,F,Female,BR_L_W,Live births per woman,2019,,0.39,,USA,United States,A,Normal value,0,Units,2,Two
US55,Wisconsin,_Z,Not applicable,FERT_RATIO,Fertility rate,Y25T29,From 25 to 29 years,F,Female,BR_L_W,Live births per woman,2019,,0.53,,USA,United States,A,Normal value,0,Units,2,Two
US10,Delaware,_Z,Not applicable,FERT_RATIO,Fertility rate,Y25T29,From 25 to 29 years,F,Female,BR_L_W,Live births per woman,2019,,0.5,,USA,United States,A,Normal value,0,Units,2,Two
US04,Arizona,_Z,Not applicable,FERT_RATIO,Fertility rate,Y25T29,From 25 to 29 years,F,Female,BR_L_W,Live births per woman,2019,,0.48,,USA,United States,A,Normal value,0,Units,2,Two
US44,Rhode Island,_Z,Not applicable,FERT_RATIO,Fertility rate,Y25T29,From 25 to 29 years,F,Female,BR_L_W,Live births per woman,2019,,0.39,,USA,United States,A,Normal value,0,Units,2,Two
US17,Illinois,_Z,Not applicable,FERT_RATIO,Fertility rate,Y35T39,From 35 to 39 years,F,Female,BR_L_W,Live births per woman,2019,,0.28,,USA,United States,A,Normal value,0,Units,2,Two
US23,Maine,_Z,Not applicable,FERT_RATIO,Fertility rate,Y35T39,From 35 to 39 years,F,Female,BR_L_W,Live births per woman,2019,,0.23,,USA,United States,A,Normal value,0,Units,2,Two
US34,New Jersey,_Z,Not applicable,FERT_RATIO,Fertility rate,Y35T39,From 35 to 39 years,F,Female,BR_L_W,Live births per woman,2019,,0.35,,USA,United States,A,Normal value,0,Units,2,Two
US32,Nevada,_Z,Not applicable,FERT_RATIO,Fertility rate,Y35T39,From 35 to 39 years,F,Female,BR_L_W,Live births per woman,2019,,0.24,,USA,United States,A,Normal value,0,Units,2,Two
US20,Kansas,_Z,Not applicable,FERT_RATIO,Fertility rate,Y35T39,From 35 to 39 years,F,Female,BR_L_W,Live births per woman,2019,,0.23,,USA,United States,A,Normal value,0,Units,2,Two
US22,Louisiana,_Z,Not applicable,FERT_RATIO,Fertility rate,Y35T39,From 35 to 39 years,F,Female,BR_L_W,Live births per woman,2019,,0.2,,USA,United States,A,Normal value,0,Units,2,Two
US10,Delaware,_Z,Not applicable,FERT_RATIO,Fertility rate,Y35T39,From 35 to 39 years,F,Female,BR_L_W,Live births per woman,2019,,0.26,,USA,United States,A,Normal value,0,Units,2,Two
US40,Oklahoma,_Z,Not applicable,FERT_RATIO,Fertility rate,Y35T39,From 35 to 39 years,F,Female,BR_L_W,Live births per woman,2019,,0.19,,USA,United States,A,Normal value,0,Units,2,Two
US19,Iowa,_Z,Not applicable,FERT_RATIO,Fertility rate,Y35T39,From 35 to 39 years,F,Female,BR_L_W,Live births per woman,2019,,0.23,,USA,United States,A,Normal value,0,Units,2,Two
US48,Texas,_Z,Not applicable,FERT_RATIO,Fertility rate,Y35T39,From 35 to 39 years,F,Female,BR_L_W,Live births per woman,2019,,0.25,,USA,United States,A,Normal value,0,Units,2,Two
US28,Mississippi,_Z,Not applicable,FERT_RATIO,Fertility rate,Y35T39,From 35 to 39 years,F,Female,BR_L_W,Live births per woman,2019,,0.17,,USA,United States,A,Normal value,0,Units,2,Two
US30,Montana,_Z,Not applicable,FERT_RATIO,Fertility rate,Y35T39,From 35 to 39 years,F,Female,BR_L_W,Live births per woman,2019,,0.22,,USA,United States,A,Normal value,0,Units,2,Two
US35,New Mexico,_Z,Not applicable,FERT_RATIO,Fertility rate,Y35T39,From 35 to 39 years,F,Female,BR_L_W,Live births per woman,2019,,0.2,,USA,United States,A,Normal value,0,Units,2,Two
US55,Wisconsin,_Z,Not applicable,FERT_RATIO,Fertility rate,Y35T39,From 35 to 39 years,F,Female,BR_L_W,Live births per woman,2019,,0.24,,USA,United States,A,Normal value,0,Units,2,Two
US50,Vermont,_Z,Not applicable,FERT_RATIO,Fertility rate,Y35T39,From 35 to 39 years,F,Female,BR_L_W,Live births per woman,2019,,0.24,,USA,United States,A,Normal value,0,Units,2,Two
US36,New York,_Z,Not applicable,FERT_RATIO,Fertility rate,Y35T39,From 35 to 39 years,F,Female,BR_L_W,Live births per woman,2019,,0.34,,USA,United States,A,Normal value,0,Units,2,Two
US21,Kentucky,_Z,Not applicable,FERT_RATIO,Fertility rate,Y35T39,From 35 to 39 years,F,Female,BR_L_W,Live births per woman,2019,,0.19,,USA,United States,A,Normal value,0,Units,2,Two
US46,South Dakota,_Z,Not applicable,FERT_RATIO,Fertility rate,Y35T39,From 35 to 39 years,F,Female,BR_L_W,Live births per woman,2019,,0.25,,USA,United States,A,Normal value,0,Units,2,Two
US49,Utah,_Z,Not applicable,FERT_RATIO,Fertility rate,Y35T39,From 35 to 39 years,F,Female,BR_L_W,Live births per woman,2019,,0.26,,USA,United States,A,Normal value,0,Units,2,Two
US18,Indiana,_Z,Not applicable,FERT_RATIO,Fertility rate,Y35T39,From 35 to 39 years,F,Female,BR_L_W,Live births per woman,2019,,0.21,,USA,United States,A,Normal value,0,Units,2,Two
US06,California,_Z,Not applicable,FERT_RATIO,Fertility rate,Y35T39,From 35 to 39 years,F,Female,BR_L_W,Live births per woman,2019,,0.32,,USA,United States,A,Normal value,0,Units,2,Two
US09,Connecticut,_Z,Not applicable,FERT_RATIO,Fertility rate,Y35T39,From 35 to 39 years,F,Female,BR_L_W,Live births per woman,2019,,0.31,,USA,United States,A,Normal value,0,Units,2,Two
US15,Hawaii,_Z,Not applicable,FERT_RATIO,Fertility rate,Y35T39,From 35 to 39 years,F,Female,BR_L_W,Live births per woman,2019,,0.32,,USA,United States,A,Normal value,0,Units,2,Two
US42,Pennsylvania,_Z,Not applicable,FERT_RATIO,Fertility rate,Y35T39,From 35 to 39 years,F,Female,BR_L_W,Live births per woman,2019,,0.26,,USA,United States,A,Normal value,0,Units,2,Two
US04,Arizona,_Z,Not applicable,FERT_RATIO,Fertility rate,Y35T39,From 35 to 39 years,F,Female,BR_L_W,Live births per woman,2019,,0.23,,USA,United States,A,Normal value,0,Units,2,Two
US51,Virginia,_Z,Not applicable,FERT_RATIO,Fertility rate,Y35T39,From 35 to 39 years,F,Female,BR_L_W,Live births per woman,2019,,0.28,,USA,United States,A,Normal value,0,Units,2,Two
US53,Washington,_Z,Not applicable,FERT_RATIO,Fertility rate,Y35T39,From 35 to 39 years,F,Female,BR_L_W,Live births per woman,2019,,0.27,,USA,United States,A,Normal value,0,Units,2,Two
US45,South Carolina,_Z,Not applicable,FERT_RATIO,Fertility rate,Y35T39,From 35 to 39 years,F,Female,BR_L_W,Live births per woman,2019,,0.22,,USA,United States,A,Normal value,0,Units,2,Two
US29,Missouri,_Z,Not applicable,FERT_RATIO,Fertility rate,Y35T39,From 35 to 39 years,F,Female,BR_L_W,Live births per woman,2019,,0.21,,USA,United States,A,Normal value,0,Units,2,Two
US47,Tennessee,_Z,Not applicable,FERT_RATIO,Fertility rate,Y35T39,From 35 to 39 years,F,Female,BR_L_W,Live births per woman,2019,,0.21,,USA,United States,A,Normal value,0,Units,2,Two
US16,Idaho,_Z,Not applicable,FERT_RATIO,Fertility rate,Y35T39,From 35 to 39 years,F,Female,BR_L_W,Live births per woman,2019,,0.23,,USA,United States,A,Normal value,0,Units,2,Two
US02,Alaska,_Z,Not applicable,FERT_RATIO,Fertility rate,Y35T39,From 35 to 39 years,F,Female,BR_L_W,Live births per woman,2019,,0.27,,USA,United States,A,Normal value,0,Units,2,Two
US12,Florida,_Z,Not applicable,FERT_RATIO,Fertility rate,Y35T39,From 35 to 39 years,F,Female,BR_L_W,Live births per woman,2019,,0.26,,USA,United States,A,Normal value,0,Units,2,Two
US54,West Virginia,_Z,Not applicable,FERT_RATIO,Fertility rate,Y35T39,From 35 to 39 years,F,Female,BR_L_W,Live births per woman,2019,,0.16,,USA,United States,A,Normal value,0,Units,2,Two
US44,Rhode Island,_Z,Not applicable,FERT_RATIO,Fertility rate,Y35T39,From 35 to 39 years,F,Female,BR_L_W,Live births per woman,2019,,0.27,,USA,United States,A,Normal value,0,Units,2,Two
US26,Michigan,_Z,Not applicable,FERT_RATIO,Fertility rate,Y35T39,From 35 to 39 years,F,Female,BR_L_W,Live births per woman,2019,,0.23,,USA,United States,A,Normal value,0,Units,2,Two
US01,Alabama,_Z,Not applicable,FERT_RATIO,Fertility rate,Y35T39,From 35 to 39 years,F,Female,BR_L_W,Live births per woman,2019,,0.18,,USA,United States,A,Normal value,0,Units,2,Two
US11,District of Columbia,_Z,Not applicable,FERT_RATIO,Fertility rate,Y35T39,From 35 to 39 years,F,Female,BR_L_W,Live births per woman,2019,,0.34,,USA,United States,A,Normal value,0,Units,2,Two
US24,Maryland,_Z,Not applicable,FERT_RATIO,Fertility rate,Y35T39,From 35 to 39 years,F,Female,BR_L_W,Live births per woman,2019,,0.31,,USA,United States,A,Normal value,0,Units,2,Two
US08,Colorado,_Z,Not applicable,FERT_RATIO,Fertility rate,Y35T39,From 35 to 39 years,F,Female,BR_L_W,Live births per woman,2019,,0.26,,USA,United States,A,Normal value,0,Units,2,Two
US13,Georgia,_Z,Not applicable,FERT_RATIO,Fertility rate,Y35T39,From 35 to 39 years,F,Female,BR_L_W,Live births per woman,2019,,0.23,,USA,United States,A,Normal value,0,Units,2,Two
US05,Arkansas,_Z,Not applicable,FERT_RATIO,Fertility rate,Y35T39,From 35 to 39 years,F,Female,BR_L_W,Live births per woman,2019,,0.18,,USA,United States,A,Normal value,0,Units,2,Two
US38,North Dakota,_Z,Not applicable,FERT_RATIO,Fertility rate,Y35T39,From 35 to 39 years,F,Female,BR_L_W,Live births per woman,2019,,0.26,,USA,United States,A,Normal value,0,Units,2,Two
US56,Wyoming,_Z,Not applicable,FERT_RATIO,Fertility rate,Y35T39,From 35 to 39 years,F,Female,BR_L_W,Live births per woman,2019,,0.2,,USA,United States,A,Normal value,0,Units,2,Two
US37,North Carolina,_Z,Not applicable,FERT_RATIO,Fertility rate,Y35T39,From 35 to 39 years,F,Female,BR_L_W,Live births per woman,2019,,0.24,,USA,United States,A,Normal value,0,Units,2,Two
US41,Oregon,_Z,Not applicable,FERT_RATIO,Fertility rate,Y35T39,From 35 to 39 years,F,Female,BR_L_W,Live births per woman,2019,,0.24,,USA,United States,A,Normal value,0,Units,2,Two
US33,New Hampshire,_Z,Not applicable,FERT_RATIO,Fertility rate,Y35T39,From 35 to 39 years,F,Female,BR_L_W,Live births per woman,2019,,0.24,,USA,United States,A,Normal value,0,Units,2,Two
US27,Minnesota,_Z,Not applicable,FERT_RATIO,Fertility rate,Y35T39,From 35 to 39 years,F,Female,BR_L_W,Live births per woman,2019,,0.29,,USA,United States,A,Normal value,0,Units,2,Two
US39,Ohio,_Z,Not applicable,FERT_RATIO,Fertility rate,Y35T39,From 35 to 39 years,F,Female,BR_L_W,Live births per woman,2019,,0.23,,USA,United States,A,Normal value,0,Units,2,Two
US25,Massachusetts,_Z,Not applicable,FERT_RATIO,Fertility rate,Y35T39,From 35 to 39 years,F,Female,BR_L_W,Live births per woman,2019,,0.34,,USA,United States,A,Normal value,0,Units,2,Two
US31,Nebraska,_Z,Not applicable,FERT_RATIO,Fertility rate,Y35T39,From 35 to 39 years,F,Female,BR_L_W,Live births per woman,2019,,0.25,,USA,United States,A,Normal value,0,Units,2,Two
US26,Michigan,_Z,Not applicable,FERT_RATIO,Fertility rate,Y30T34,From 30 to 34 years,F,Female,BR_L_W,Live births per woman,2019,,0.52,,USA,United States,A,Normal value,0,Units,2,Two
US36,New York,_Z,Not applicable,FERT_RATIO,Fertility rate,Y30T34,From 30 to 34 years,F,Female,BR_L_W,Live births per woman,2019,,0.51,,USA,United States,A,Normal value,0,Units,2,Two
US49,Utah,_Z,Not applicable,FERT_RATIO,Fertility rate,Y30T34,From 30 to 34 years,F,Female,BR_L_W,Live births per woman,2019,,0.58,,USA,United States,A,Normal value,0,Units,2,Two
US35,New Mexico,_Z,Not applicable,FERT_RATIO,Fertility rate,Y30T34,From 30 to 34 years,F,Female,BR_L_W,Live births per woman,2019,,0.41,,USA,United States,A,Normal value,0,Units,2,Two
US55,Wisconsin,_Z,Not applicable,FERT_RATIO,Fertility rate,Y30T34,From 30 to 34 years,F,Female,BR_L_W,Live births per woman,2019,,0.57,,USA,United States,A,Normal value,0,Units,2,Two
US53,Washington,_Z,Not applicable,FERT_RATIO,Fertility rate,Y30T34,From 30 to 34 years,F,Female,BR_L_W,Live births per woman,2019,,0.47,,USA,United States,A,Normal value,0,Units,2,Two
US23,Maine,_Z,Not applicable,FERT_RATIO,Fertility rate,Y30T34,From 30 to 34 years,F,Female,BR_L_W,Live births per woman,2019,,0.45,,USA,United States,A,Normal value,0,Units,2,Two
US32,Nevada,_Z,Not applicable,FERT_RATIO,Fertility rate,Y30T34,From 30 to 34 years,F,Female,BR_L_W,Live births per woman,2019,,0.43,,USA,United States,A,Normal value,0,Units,2,Two
US20,Kansas,_Z,Not applicable,FERT_RATIO,Fertility rate,Y30T34,From 30 to 34 years,F,Female,BR_L_W,Live births per woman,2019,,0.53,,USA,United States,A,Normal value,0,Units,2,Two
US24,Maryland,_Z,Not applicable,FERT_RATIO,Fertility rate,Y30T34,From 30 to 34 years,F,Female,BR_L_W,Live births per woman,2019,,0.54,,USA,United States,A,Normal value,0,Units,2,Two
US37,North Carolina,_Z,Not applicable,FERT_RATIO,Fertility rate,Y30T34,From 30 to 34 years,F,Female,BR_L_W,Live births per woman,2019,,0.47,,USA,United States,A,Normal value,0,Units,2,Two
US46,South Dakota,_Z,Not applicable,FERT_RATIO,Fertility rate,Y30T34,From 30 to 34 years,F,Female,BR_L_W,Live births per woman,2019,,0.61,,USA,United States,A,Normal value,0,Units,2,Two
US19,Iowa,_Z,Not applicable,FERT_RATIO,Fertility rate,Y30T34,From 30 to 34 years,F,Female,BR_L_W,Live births per woman,2019,,0.59,,USA,United States,A,Normal value,0,Units,2,Two
US54,West Virginia,_Z,Not applicable,FERT_RATIO,Fertility rate,Y30T34,From 30 to 34 years,F,Female,BR_L_W,Live births per woman,2019,,0.4,,USA,United States,A,Normal value,0,Units,2,Two
US18,Indiana,_Z,Not applicable,FERT_RATIO,Fertility rate,Y30T34,From 30 to 34 years,F,Female,BR_L_W,Live births per woman,2019,,0.49,,USA,United States,A,Normal value,0,Units,2,Two
US17,Illinois,_Z,Not applicable,FERT_RATIO,Fertility rate,Y30T34,From 30 to 34 years,F,Female,BR_L_W,Live births per woman,2019,,0.52,,USA,United States,A,Normal value,0,Units,2,Two
US30,Montana,_Z,Not applicable,FERT_RATIO,Fertility rate,Y30T34,From 30 to 34 years,F,Female,BR_L_W,Live births per woman,2019,,0.46,,USA,United States,A,Normal value,0,Units,2,Two
US15,Hawaii,_Z,Not applicable,FERT_RATIO,Fertility rate,Y30T34,From 30 to 34 years,F,Female,BR_L_W,Live births per woman,2019,,0.48,,USA,United States,A,Normal value,0,Units,2,Two
US13,Georgia,_Z,Not applicable,FERT_RATIO,Fertility rate,Y30T34,From 30 to 34 years,F,Female,BR_L_W,Live births per woman,2019,,0.45,,USA,United States,A,Normal value,0,Units,2,Two
US44,Rhode Island,_Z,Not applicable,FERT_RATIO,Fertility rate,Y30T34,From 30 to 34 years,F,Female,BR_L_W,Live births per woman,2019,,0.45,,USA,United States,A,Normal value,0,Units,2,Two
US22,Louisiana,_Z,Not applicable,FERT_RATIO,Fertility rate,Y30T34,From 30 to 34 years,F,Female,BR_L_W,Live births per woman,2019,,0.44,,USA,United States,A,Normal value,0,Units,2,Two
US29,Missouri,_Z,Not applicable,FERT_RATIO,Fertility rate,Y30T34,From 30 to 34 years,F,Female,BR_L_W,Live births per woman,2019,,0.49,,USA,United States,A,Normal value,0,Units,2,Two
US05,Arkansas,_Z,Not applicable,FERT_RATIO,Fertility rate,Y30T34,From 30 to 34 years,F,Female,BR_L_W,Live births per woman,2019,,0.41,,USA,United States,A,Normal value,0,Units,2,Two
US01,Alabama,_Z,Not applicable,FERT_RATIO,Fertility rate,Y30T34,From 30 to 34 years,F,Female,BR_L_W,Live births per woman,2019,,0.44,,USA,United States,A,Normal value,0,Units,2,Two
US09,Connecticut,_Z,Not applicable,FERT_RATIO,Fertility rate,Y30T34,From 30 to 34 years,F,Female,BR_L_W,Live births per woman,2019,,0.55,,USA,United States,A,Normal value,0,Units,2,Two
US39,Ohio,_Z,Not applicable,FERT_RATIO,Fertility rate,Y30T34,From 30 to 34 years,F,Female,BR_L_W,Live births per woman,2019,,0.51,,USA,United States,A,Normal value,0,Units,2,Two
US06,California,_Z,Not applicable,FERT_RATIO,Fertility rate,Y30T34,From 30 to 34 years,F,Female,BR_L_W,Live births per woman,2019,,0.48,,USA,United States,A,Normal value,0,Units,2,Two
US47,Tennessee,_Z,Not applicable,FERT_RATIO,Fertility rate,Y30T34,From 30 to 34 years,F,Female,BR_L_W,Live births per woman,2019,,0.44,,USA,United States,A,Normal value,0,Units,2,Two
US51,Virginia,_Z,Not applicable,FERT_RATIO,Fertility rate,Y30T34,From 30 to 34 years,F,Female,BR_L_W,Live births per woman,2019,,0.52,,USA,United States,A,Normal value,0,Units,2,Two
US21,Kentucky,_Z,Not applicable,FERT_RATIO,Fertility rate,Y30T34,From 30 to 34 years,F,Female,BR_L_W,Live births per woman,2019,,0.46,,USA,United States,A,Normal value,0,Units,2,Two
US02,Alaska,_Z,Not applicable,FERT_RATIO,Fertility rate,Y30T34,From 30 to 34 years,F,Female,BR_L_W,Live births per woman,2019,,0.48,,USA,United States,A,Normal value,0,Units,2,Two
US16,Idaho,_Z,Not applicable,FERT_RATIO,Fertility rate,Y30T34,From 30 to 34 years,F,Female,BR_L_W,Live births per woman,2019,,0.49,,USA,United States,A,Normal value,0,Units,2,Two
US40,Oklahoma,_Z,Not applicable,FERT_RATIO,Fertility rate,Y30T34,From 30 to 34 years,F,Female,BR_L_W,Live births per woman,2019,,0.43,,USA,United States,A,Normal value,0,Units,2,Two
US50,Vermont,_Z,Not applicable,FERT_RATIO,Fertility rate,Y30T34,From 30 to 34 years,F,Female,BR_L_W,Live births per woman,2019,,0.5,,USA,United States,A,Normal value,0,Units,2,Two
US56,Wyoming,_Z,Not applicable,FERT_RATIO,Fertility rate,Y30T34,From 30 to 34 years,F,Female,BR_L_W,Live births per woman,2019,,0.47,,USA,United States,A,Normal value,0,Units,2,Two
US34,New Jersey,_Z,Not applicable,FERT_RATIO,Fertility rate,Y30T34,From 30 to 34 years,F,Female,BR_L_W,Live births per woman,2019,,0.62,,USA,United States,A,Normal value,0,Units,2,Two
US25,Massachusetts,_Z,Not applicable,FERT_RATIO,Fertility rate,Y30T34,From 30 to 34 years,F,Female,BR_L_W,Live births per woman,2019,,0.53,,USA,United States,A,Normal value,0,Units,2,Two
US10,Delaware,_Z,Not applicable,FERT_RATIO,Fertility rate,Y30T34,From 30 to 34 years,F,Female,BR_L_W,Live births per woman,2019,,0.49,,USA,United States,A,Normal value,0,Units,2,Two
US11,District of Columbia,_Z,Not applicable,FERT_RATIO,Fertility rate,Y30T34,From 30 to 34 years,F,Female,BR_L_W,Live births per woman,2019,,0.34,,USA,United States,A,Normal value,0,Units,2,Two
US33,New Hampshire,_Z,Not applicable,FERT_RATIO,Fertility rate,Y30T34,From 30 to 34 years,F,Female,BR_L_W,Live births per woman,2019,,0.51,,USA,United States,A,Normal value,0,Units,2,Two
US42,Pennsylvania,_Z,Not applicable,FERT_RATIO,Fertility rate,Y30T34,From 30 to 34 years,F,Female,BR_L_W,Live births per woman,2019,,0.51,,USA,United States,A,Normal value,0,Units,2,Two
US27,Minnesota,_Z,Not applicable,FERT_RATIO,Fertility rate,Y30T34,From 30 to 34 years,F,Female,BR_L_W,Live births per woman,2019,,0.62,,USA,United States,A,Normal value,0,Units,2,Two
US08,Colorado,_Z,Not applicable,FERT_RATIO,Fertility rate,Y30T34,From 30 to 34 years,F,Female,BR_L_W,Live births per woman,2019,,0.46,,USA,United States,A,Normal value,0,Units,2,Two
US31,Nebraska,_Z,Not applicable,FERT_RATIO,Fertility rate,Y30T34,From 30 to 34 years,F,Female,BR_L_W,Live births per woman,2019,,0.6,,USA,United States,A,Normal value,0,Units,2,Two
US38,North Dakota,_Z,Not applicable,FERT_RATIO,Fertility rate,Y30T34,From 30 to 34 years,F,Female,BR_L_W,Live births per woman,2019,,0.63,,USA,United States,A,Normal value,0,Units,2,Two
US12,Florida,_Z,Not applicable,FERT_RATIO,Fertility rate,Y30T34,From 30 to 34 years,F,Female,BR_L_W,Live births per woman,2019,,0.47,,USA,United States,A,Normal value,0,Units,2,Two
US41,Oregon,_Z,Not applicable,FERT_RATIO,Fertility rate,Y30T34,From 30 to 34 years,F,Female,BR_L_W,Live births per woman,2019,,0.42,,USA,United States,A,Normal value,0,Units,2,Two
US48,Texas,_Z,Not applicable,FERT_RATIO,Fertility rate,Y30T34,From 30 to 34 years,F,Female,BR_L_W,Live births per woman,2019,,0.48,,USA,United States,A,Normal value,0,Units,2,Two
US28,Mississippi,_Z,Not applicable,FERT_RATIO,Fertility rate,Y30T34,From 30 to 34 years,F,Female,BR_L_W,Live births per woman,2019,,0.41,,USA,United States,A,Normal value,0,Units,2,Two
US45,South Carolina,_Z,Not applicable,FERT_RATIO,Fertility rate,Y30T34,From 30 to 34 years,F,Female,BR_L_W,Live births per woman,2019,,0.44,,USA,United States,A,Normal value,0,Units,2,Two
US04,Arizona,_Z,Not applicable,FERT_RATIO,Fertility rate,Y30T34,From 30 to 34 years,F,Female,BR_L_W,Live births per woman,2019,,0.45,,USA,United States,A,Normal value,0,Units,2,Two
US08,Colorado,_Z,Not applicable,FERT_RATIO,Fertility rate,Y20T24,From 20 to 24 years,F,Female,BR_L_W,Live births per woman,2019,,0.29,,USA,United States,A,Normal value,0,Units,2,Two
US16,Idaho,_Z,Not applicable,FERT_RATIO,Fertility rate,Y20T24,From 20 to 24 years,F,Female,BR_L_W,Live births per woman,2019,,0.46,,USA,United States,A,Normal value,0,Units,2,Two
US10,Delaware,_Z,Not applicable,FERT_RATIO,Fertility rate,Y20T24,From 20 to 24 years,F,Female,BR_L_W,Live births per woman,2019,,0.33,,USA,United States,A,Normal value,0,Units,2,Two
US11,District of Columbia,_Z,Not applicable,FERT_RATIO,Fertility rate,Y20T24,From 20 to 24 years,F,Female,BR_L_W,Live births per woman,2019,,0.2,,USA,United States,A,Normal value,0,Units,2,Two
US37,North Carolina,_Z,Not applicable,FERT_RATIO,Fertility rate,Y20T24,From 20 to 24 years,F,Female,BR_L_W,Live births per woman,2019,,0.37,,USA,United States,A,Normal value,0,Units,2,Two
US24,Maryland,_Z,Not applicable,FERT_RATIO,Fertility rate,Y20T24,From 20 to 24 years,F,Female,BR_L_W,Live births per woman,2019,,0.27,,USA,United States,A,Normal value,0,Units,2,Two
US48,Texas,_Z,Not applicable,FERT_RATIO,Fertility rate,Y20T24,From 20 to 24 years,F,Female,BR_L_W,Live births per woman,2019,,0.42,,USA,United States,A,Normal value,0,Units,2,Two
US12,Florida,_Z,Not applicable,FERT_RATIO,Fertility rate,Y20T24,From 20 to 24 years,F,Female,BR_L_W,Live births per woman,2019,,0.33,,USA,United States,A,Normal value,0,Units,2,Two
US30,Montana,_Z,Not applicable,FERT_RATIO,Fertility rate,Y20T24,From 20 to 24 years,F,Female,BR_L_W,Live births per woman,2019,,0.33,,USA,United States,A,Normal value,0,Units,2,Two
US40,Oklahoma,_Z,Not applicable,FERT_RATIO,Fertility rate,Y20T24,From 20 to 24 years,F,Female,BR_L_W,Live births per woman,2019,,0.49,,USA,United States,A,Normal value,0,Units,2,Two
US27,Minnesota,_Z,Not applicable,FERT_RATIO,Fertility rate,Y20T24,From 20 to 24 years,F,Female,BR_L_W,Live births per woman,2019,,0.25,,USA,United States,A,Normal value,0,Units,2,Two
US54,West Virginia,_Z,Not applicable,FERT_RATIO,Fertility rate,Y20T24,From 20 to 24 years,F,Female,BR_L_W,Live births per woman,2019,,0.48,,USA,United States,A,Normal value,0,Units,2,Two
US53,Washington,_Z,Not applicable,FERT_RATIO,Fertility rate,Y20T24,From 20 to 24 years,F,Female,BR_L_W,Live births per woman,2019,,0.3,,USA,United States,A,Normal value,0,Units,2,Two
US35,New Mexico,_Z,Not applicable,FERT_RATIO,Fertility rate,Y20T24,From 20 to 24 years,F,Female,BR_L_W,Live births per woman,2019,,0.41,,USA,United States,A,Normal value,0,Units,2,Two
US25,Massachusetts,_Z,Not applicable,FERT_RATIO,Fertility rate,Y20T24,From 20 to 24 years,F,Female,BR_L_W,Live births per woman,2019,,0.15,,USA,United States,A,Normal value,0,Units,2,Two
US47,Tennessee,_Z,Not applicable,FERT_RATIO,Fertility rate,Y20T24,From 20 to 24 years,F,Female,BR_L_W,Live births per woman,2019,,0.44,,USA,United States,A,Normal value,0,Units,2,Two
US19,Iowa,_Z,Not applicable,FERT_RATIO,Fertility rate,Y20T24,From 20 to 24 years,F,Female,BR_L_W,Live births per woman,2019,,0.32,,USA,United States,A,Normal value,0,Units,2,Two
US36,New York,_Z,Not applicable,FERT_RATIO,Fertility rate,Y20T24,From 20 to 24 years,F,Female,BR_L_W,Live births per woman,2019,,0.26,,USA,United States,A,Normal value,0,Units,2,Two
US44,Rhode Island,_Z,Not applicable,FERT_RATIO,Fertility rate,Y20T24,From 20 to 24 years,F,Female,BR_L_W,Live births per woman,2019,,0.21,,USA,United States,A,Normal value,0,Units,2,Two
US02,Alaska,_Z,Not applicable,FERT_RATIO,Fertility rate,Y20T24,From 20 to 24 years,F,Female,BR_L_W,Live births per woman,2019,,0.47,,USA,United States,A,Normal value,0,Units,2,Two
US38,North Dakota,_Z,Not applicable,FERT_RATIO,Fertility rate,Y20T24,From 20 to 24 years,F,Female,BR_L_W,Live births per woman,2019,,0.33,,USA,United States,A,Normal value,0,Units,2,Two
US18,Indiana,_Z,Not applicable,FERT_RATIO,Fertility rate,Y20T24,From 20 to 24 years,F,Female,BR_L_W,Live births per woman,2019,,0.41,,USA,United States,A,Normal value,0,Units,2,Two
US04,Arizona,_Z,Not applicable,FERT_RATIO,Fertility rate,Y20T24,From 20 to 24 years,F,Female,BR_L_W,Live births per woman,2019,,0.35,,USA,United States,A,Normal value,0,Units,2,Two
US23,Maine,_Z,Not applicable,FERT_RATIO,Fertility rate,Y20T24,From 20 to 24 years,F,Female,BR_L_W,Live births per woman,2019,,0.29,,USA,United States,A,Normal value,0,Units,2,Two
US32,Nevada,_Z,Not applicable,FERT_RATIO,Fertility rate,Y20T24,From 20 to 24 years,F,Female,BR_L_W,Live births per woman,2019,,0.4,,USA,United States,A,Normal value,0,Units,2,Two
US34,New Jersey,_Z,Not applicable,FERT_RATIO,Fertility rate,Y20T24,From 20 to 24 years,F,Female,BR_L_W,Live births per woman,2019,,0.23,,USA,United States,A,Normal value,0,Units,2,Two
US42,Pennsylvania,_Z,Not applicable,FERT_RATIO,Fertility rate,Y20T24,From 20 to 24 years,F,Female,BR_L_W,Live births per woman,2019,,0.29,,USA,United States,A,Normal value,0,Units,2,Two
US50,Vermont,_Z,Not applicable,FERT_RATIO,Fertility rate,Y20T24,From 20 to 24 years,F,Female,BR_L_W,Live births per woman,2019,,0.18,,USA,United States,A,Normal value,0,Units,2,Two
US06,California,_Z,Not applicable,FERT_RATIO,Fertility rate,Y20T24,From 20 to 24 years,F,Female,BR_L_W,Live births per woman,2019,,0.26,,USA,United States,A,Normal value,0,Units,2,Two
US31,Nebraska,_Z,Not applicable,FERT_RATIO,Fertility rate,Y20T24,From 20 to 24 years,F,Female,BR_L_W,Live births per woman,2019,,0.34,,USA,United States,A,Normal value,0,Units,2,Two
US01,Alabama,_Z,Not applicable,FERT_RATIO,Fertility rate,Y20T24,From 20 to 24 years,F,Female,BR_L_W,Live births per woman,2019,,0.48,,USA,United States,A,Normal value,0,Units,2,Two
US41,Oregon,_Z,Not applicable,FERT_RATIO,Fertility rate,Y20T24,From 20 to 24 years,F,Female,BR_L_W,Live births per woman,2019,,0.28,,USA,United States,A,Normal value,0,Units,2,Two
US51,Virginia,_Z,Not applicable,FERT_RATIO,Fertility rate,Y20T24,From 20 to 24 years,F,Female,BR_L_W,Live births per woman,2019,,0.3,,USA,United States,A,Normal value,0,Units,2,Two
US39,Ohio,_Z,Not applicable,FERT_RATIO,Fertility rate,Y20T24,From 20 to 24 years,F,Female,BR_L_W,Live births per woman,2019,,0.38,,USA,United States,A,Normal value,0,Units,2,Two
US28,Mississippi,_Z,Not applicable,FERT_RATIO,Fertility rate,Y20T24,From 20 to 24 years,F,Female,BR_L_W,Live births per woman,2019,,0.52,,USA,United States,A,Normal value,0,Units,2,Two
US26,Michigan,_Z,Not applicable,FERT_RATIO,Fertility rate,Y20T24,From 20 to 24 years,F,Female,BR_L_W,Live births per woman,2019,,0.31,,USA,United States,A,Normal value,0,Units,2,Two
US21,Kentucky,_Z,Not applicable,FERT_RATIO,Fertility rate,Y20T24,From 20 to 24 years,F,Female,BR_L_W,Live births per woman,2019,,0.48,,USA,United States,A,Normal value,0,Units,2,Two
US20,Kansas,_Z,Not applicable,FERT_RATIO,Fertility rate,Y20T24,From 20 to 24 years,F,Female,BR_L_W,Live births per woman,2019,,0.37,,USA,United States,A,Normal value,0,Units,2,Two
US56,Wyoming,_Z,Not applicable,FERT_RATIO,Fertility rate,Y20T24,From 20 to 24 years,F,Female,BR_L_W,Live births per woman,2019,,0.43,,USA,United States,A,Normal value,0,Units,2,Two
US15,Hawaii,_Z,Not applicable,FERT_RATIO,Fertility rate,Y20T24,From 20 to 24 years,F,Female,BR_L_W,Live births per woman,2019,,0.38,,USA,United States,A,Normal value,0,Units,2,Two
US33,New Hampshire,_Z,Not applicable,FERT_RATIO,Fertility rate,Y20T24,From 20 to 24 years,F,Female,BR_L_W,Live births per woman,2019,,0.18,,USA,United States,A,Normal value,0,Units,2,Two
US05,Arkansas,_Z,Not applicable,FERT_RATIO,Fertility rate,Y20T24,From 20 to 24 years,F,Female,BR_L_W,Live births per woman,2019,,0.53,,USA,United States,A,Normal value,0,Units,2,Two
US55,Wisconsin,_Z,Not applicable,FERT_RATIO,Fertility rate,Y20T24,From 20 to 24 years,F,Female,BR_L_W,Live births per woman,2019,,0.27,,USA,United States,A,Normal value,0,Units,2,Two
US45,South Carolina,_Z,Not applicable,FERT_RATIO,Fertility rate,Y20T24,From 20 to 24 years,F,Female,BR_L_W,Live births per woman,2019,,0.39,,USA,United States,A,Normal value,0,Units,2,Two
US46,South Dakota,_Z,Not applicable,FERT_RATIO,Fertility rate,Y20T24,From 20 to 24 years,F,Female,BR_L_W,Live births per woman,2019,,0.39,,USA,United States,A,Normal value,0,Units,2,Two
US49,Utah,_Z,Not applicable,FERT_RATIO,Fertility rate,Y20T24,From 20 to 24 years,F,Female,BR_L_W,Live births per woman,2019,,0.37,,USA,United States,A,Normal value,0,Units,2,Two
US13,Georgia,_Z,Not applicable,FERT_RATIO,Fertility rate,Y20T24,From 20 to 24 years,F,Female,BR_L_W,Live births per woman,2019,,0.39,,USA,United States,A,Normal value,0,Units,2,Two
US29,Missouri,_Z,Not applicable,FERT_RATIO,Fertility rate,Y20T24,From 20 to 24 years,F,Female,BR_L_W,Live births per woman,2019,,0.4,,USA,United States,A,Normal value,0,Units,2,Two
US09,Connecticut,_Z,Not applicable,FERT_RATIO,Fertility rate,Y20T24,From 20 to 24 years,F,Female,BR_L_W,Live births per woman,2019,,0.18,,USA,United States,A,Normal value,0,Units,2,Two
US22,Louisiana,_Z,Not applicable,FERT_RATIO,Fertility rate,Y20T24,From 20 to 24 years,F,Female,BR_L_W,Live births per woman,2019,,0.48,,USA,United States,A,Normal value,0,Units,2,Two
US17,Illinois,_Z,Not applicable,FERT_RATIO,Fertility rate,Y20T24,From 20 to 24 years,F,Female,BR_L_W,Live births per woman,2019,,0.28,,USA,United States,A,Normal value,0,Units,2,Two
US28,Mississippi,_Z,Not applicable,FERT_RATIO,Fertility rate,Y15T19,From 15 to 19 years,F,Female,BR_L_W,Live births per woman,2019,,0.15,,USA,United States,A,Normal value,0,Units,2,Two
US36,New York,_Z,Not applicable,FERT_RATIO,Fertility rate,Y15T19,From 15 to 19 years,F,Female,BR_L_W,Live births per woman,2019,,0.06,,USA,United States,A,Normal value,0,Units,2,Two
US33,New Hampshire,_Z,Not applicable,FERT_RATIO,Fertility rate,Y15T19,From 15 to 19 years,F,Female,BR_L_W,Live births per woman,2019,,0.03,,USA,United States,A,Normal value,0,Units,2,Two
US53,Washington,_Z,Not applicable,FERT_RATIO,Fertility rate,Y15T19,From 15 to 19 years,F,Female,BR_L_W,Live births per woman,2019,,0.06,,USA,United States,A,Normal value,0,Units,2,Two
US13,Georgia,_Z,Not applicable,FERT_RATIO,Fertility rate,Y15T19,From 15 to 19 years,F,Female,BR_L_W,Live births per woman,2019,,0.1,,USA,United States,A,Normal value,0,Units,2,Two
US23,Maine,_Z,Not applicable,FERT_RATIO,Fertility rate,Y15T19,From 15 to 19 years,F,Female,BR_L_W,Live births per woman,2019,,0.05,,USA,United States,A,Normal value,0,Units,2,Two
US39,Ohio,_Z,Not applicable,FERT_RATIO,Fertility rate,Y15T19,From 15 to 19 years,F,Female,BR_L_W,Live births per woman,2019,,0.09,,USA,United States,A,Normal value,0,Units,2,Two
US55,Wisconsin,_Z,Not applicable,FERT_RATIO,Fertility rate,Y15T19,From 15 to 19 years,F,Female,BR_L_W,Live births per woman,2019,,0.06,,USA,United States,A,Normal value,0,Units,2,Two
US05,Arkansas,_Z,Not applicable,FERT_RATIO,Fertility rate,Y15T19,From 15 to 19 years,F,Female,BR_L_W,Live births per woman,2019,,0.15,,USA,United States,A,Normal value,0,Units,2,Two
US38,North Dakota,_Z,Not applicable,FERT_RATIO,Fertility rate,Y15T19,From 15 to 19 years,F,Female,BR_L_W,Live births per woman,2019,,0.08,,USA,United States,A,Normal value,0,Units,2,Two
US19,Iowa,_Z,Not applicable,FERT_RATIO,Fertility rate,Y15T19,From 15 to 19 years,F,Female,BR_L_W,Live births per woman,2019,,0.07,,USA,United States,A,Normal value,0,Units,2,Two
US46,South Dakota,_Z,Not applicable,FERT_RATIO,Fertility rate,Y15T19,From 15 to 19 years,F,Female,BR_L_W,Live births per woman,2019,,0.1,,USA,United States,A,Normal value,0,Units,2,Two
US09,Connecticut,_Z,Not applicable,FERT_RATIO,Fertility rate,Y15T19,From 15 to 19 years,F,Female,BR_L_W,Live births per woman,2019,,0.04,,USA,United States,A,Normal value,0,Units,2,Two
US40,Oklahoma,_Z,Not applicable,FERT_RATIO,Fertility rate,Y15T19,From 15 to 19 years,F,Female,BR_L_W,Live births per woman,2019,,0.14,,USA,United States,A,Normal value,0,Units,2,Two
US24,Maryland,_Z,Not applicable,FERT_RATIO,Fertility rate,Y15T19,From 15 to 19 years,F,Female,BR_L_W,Live births per woman,2019,,0.07,,USA,United States,A,Normal value,0,Units,2,Two
US56,Wyoming,_Z,Not applicable,FERT_RATIO,Fertility rate,Y15T19,From 15 to 19 years,F,Female,BR_L_W,Live births per woman,2019,,0.1,,USA,United States,A,Normal value,0,Units,2,Two
US27,Minnesota,_Z,Not applicable,FERT_RATIO,Fertility rate,Y15T19,From 15 to 19 years,F,Female,BR_L_W,Live births per woman,2019,,0.05,,USA,United States,A,Normal value,0,Units,2,Two
US34,New Jersey,_Z,Not applicable,FERT_RATIO,Fertility rate,Y15T19,From 15 to 19 years,F,Female,BR_L_W,Live births per woman,2019,,0.05,,USA,United States,A,Normal value,0,Units,2,Two
US01,Alabama,_Z,Not applicable,FERT_RATIO,Fertility rate,Y15T19,From 15 to 19 years,F,Female,BR_L_W,Live births per woman,2019,,0.13,,USA,United States,A,Normal value,0,Units,2,Two
US18,Indiana,_Z,Not applicable,FERT_RATIO,Fertility rate,Y15T19,From 15 to 19 years,F,Female,BR_L_W,Live births per woman,2019,,0.1,,USA,United States,A,Normal value,0,Units,2,Two
US35,New Mexico,_Z,Not applicable,FERT_RATIO,Fertility rate,Y15T19,From 15 to 19 years,F,Female,BR_L_W,Live births per woman,2019,,0.12,,USA,United States,A,Normal value,0,Units,2,Two
US10,Delaware,_Z,Not applicable,FERT_RATIO,Fertility rate,Y15T19,From 15 to 19 years,F,Female,BR_L_W,Live births per woman,2019,,0.07,,USA,United States,A,Normal value,0,Units,2,Two
US49,Utah,_Z,Not applicable,FERT_RATIO,Fertility rate,Y15T19,From 15 to 19 years,F,Female,BR_L_W,Live births per woman,2019,,0.06,,USA,United States,A,Normal value,0,Units,2,Two
US47,Tennessee,_Z,Not applicable,FERT_RATIO,Fertility rate,Y15T19,From 15 to 19 years,F,Female,BR_L_W,Live births per woman,2019,,0.12,,USA,United States,A,Normal value,0,Units,2,Two
US12,Florida,_Z,Not applicable,FERT_RATIO,Fertility rate,Y15T19,From 15 to 19 years,F,Female,BR_L_W,Live births per woman,2019,,0.08,,USA,United States,A,Normal value,0,Units,2,Two
US41,Oregon,_Z,Not applicable,FERT_RATIO,Fertility rate,Y15T19,From 15 to 19 years,F,Female,BR_L_W,Live births per woman,2019,,0.06,,USA,United States,A,Normal value,0,Units,2,Two
US54,West Virginia,_Z,Not applicable,FERT_RATIO,Fertility rate,Y15T19,From 15 to 19 years,F,Female,BR_L_W,Live births per woman,2019,,0.13,,USA,United States,A,Normal value,0,Units,2,Two
US15,Hawaii,_Z,Not applicable,FERT_RATIO,Fertility rate,Y15T19,From 15 to 19 years,F,Female,BR_L_W,Live births per woman,2019,,0.08,,USA,United States,A,Normal value,0,Units,2,Two
US50,Vermont,_Z,Not applicable,FERT_RATIO,Fertility rate,Y15T19,From 15 to 19 years,F,Female,BR_L_W,Live births per woman,2019,,0.04,,USA,United States,A,Normal value,0,Units,2,Two
US06,California,_Z,Not applicable,FERT_RATIO,Fertility rate,Y15T19,From 15 to 19 years,F,Female,BR_L_W,Live births per woman,2019,,0.06,,USA,United States,A,Normal value,0,Units,2,Two
US17,Illinois,_Z,Not applicable,FERT_RATIO,Fertility rate,Y15T19,From 15 to 19 years,F,Female,BR_L_W,Live births per woman,2019,,0.07,,USA,United States,A,Normal value,0,Units,2,Two
US48,Texas,_Z,Not applicable,FERT_RATIO,Fertility rate,Y15T19,From 15 to 19 years,F,Female,BR_L_W,Live births per woman,2019,,0.12,,USA,United States,A,Normal value,0,Units,2,Two
US45,South Carolina,_Z,Not applicable,FERT_RATIO,Fertility rate,Y15T19,From 15 to 19 years,F,Female,BR_L_W,Live births per woman,2019,,0.11,,USA,United States,A,Normal value,0,Units,2,Two
US08,Colorado,_Z,Not applicable,FERT_RATIO,Fertility rate,Y15T19,From 15 to 19 years,F,Female,BR_L_W,Live births per woman,2019,,0.07,,USA,United States,A,Normal value,0,Units,2,Two
US16,Idaho,_Z,Not applicable,FERT_RATIO,Fertility rate,Y15T19,From 15 to 19 years,F,Female,BR_L_W,Live births per woman,2019,,0.07,,USA,United States,A,Normal value,0,Units,2,Two
US21,Kentucky,_Z,Not applicable,FERT_RATIO,Fertility rate,Y15T19,From 15 to 19 years,F,Female,BR_L_W,Live births per woman,2019,,0.13,,USA,United States,A,Normal value,0,Units,2,Two
US22,Louisiana,_Z,Not applicable,FERT_RATIO,Fertility rate,Y15T19,From 15 to 19 years,F,Female,BR_L_W,Live births per woman,2019,,0.14,,USA,United States,A,Normal value,0,Units,2,Two
US31,Nebraska,_Z,Not applicable,FERT_RATIO,Fertility rate,Y15T19,From 15 to 19 years,F,Female,BR_L_W,Live births per woman,2019,,0.08,,USA,United States,A,Normal value,0,Units,2,Two
US04,Arizona,_Z,Not applicable,FERT_RATIO,Fertility rate,Y15T19,From 15 to 19 years,F,Female,BR_L_W,Live births per woman,2019,,0.09,,USA,United States,A,Normal value,0,Units,2,Two
US30,Montana,_Z,Not applicable,FERT_RATIO,Fertility rate,Y15T19,From 15 to 19 years,F,Female,BR_L_W,Live births per woman,2019,,0.08,,USA,United States,A,Normal value,0,Units,2,Two
US32,Nevada,_Z,Not applicable,FERT_RATIO,Fertility rate,Y15T19,From 15 to 19 years,F,Female,BR_L_W,Live births per woman,2019,,0.09,,USA,United States,A,Normal value,0,Units,2,Two
US25,Massachusetts,_Z,Not applicable,FERT_RATIO,Fertility rate,Y15T19,From 15 to 19 years,F,Female,BR_L_W,Live births per woman,2019,,0.03,,USA,United States,A,Normal value,0,Units,2,Two
US29,Missouri,_Z,Not applicable,FERT_RATIO,Fertility rate,Y15T19,From 15 to 19 years,F,Female,BR_L_W,Live births per woman,2019,,0.1,,USA,United States,A,Normal value,0,Units,2,Two
US44,Rhode Island,_Z,Not applicable,FERT_RATIO,Fertility rate,Y15T19,From 15 to 19 years,F,Female,BR_L_W,Live births per woman,2019,,0.05,,USA,United States,A,Normal value,0,Units,2,Two
US11,District of Columbia,_Z,Not applicable,FERT_RATIO,Fertility rate,Y15T19,From 15 to 19 years,F,Female,BR_L_W,Live births per woman,2019,,0.08,,USA,United States,A,Normal value,0,Units,2,Two
US37,North Carolina,_Z,Not applicable,FERT_RATIO,Fertility rate,Y15T19,From 15 to 19 years,F,Female,BR_L_W,Live births per woman,2019,,0.09,,USA,United States,A,Normal value,0,Units,2,Two
US20,Kansas,_Z,Not applicable,FERT_RATIO,Fertility rate,Y15T19,From 15 to 19 years,F,Female,BR_L_W,Live births per woman,2019,,0.1,,USA,United States,A,Normal value,0,Units,2,Two
US26,Michigan,_Z,Not applicable,FERT_RATIO,Fertility rate,Y15T19,From 15 to 19 years,F,Female,BR_L_W,Live births per woman,2019,,0.08,,USA,United States,A,Normal value,0,Units,2,Two
US02,Alaska,_Z,Not applicable,FERT_RATIO,Fertility rate,Y15T19,From 15 to 19 years,F,Female,BR_L_W,Live births per woman,2019,,0.09,,USA,United States,A,Normal value,0,Units,2,Two
US51,Virginia,_Z,Not applicable,FERT_RATIO,Fertility rate,Y15T19,From 15 to 19 years,F,Female,BR_L_W,Live births per woman,2019,,0.07,,USA,United States,A,Normal value,0,Units,2,Two
US42,Pennsylvania,_Z,Not applicable,FERT_RATIO,Fertility rate,Y15T19,From 15 to 19 years,F,Female,BR_L_W,Live births per woman,2019,,0.07,,USA,United States,A,Normal value,0,Units,2,Two
US46,South Dakota,_Z,Not applicable,FERT_RATIO,Fertility rate,_T,Total,F,Female,BR_L_W,Live births per woman,2019,,2.082,,USA,United States,A,Normal value,0,Units,2,Two
US30,Montana,_Z,Not applicable,FERT_RATIO,Fertility rate,_T,Total,F,Female,BR_L_W,Live births per woman,2019,,1.658,,USA,United States,A,Normal value,0,Units,2,Two
US45,South Carolina,_Z,Not applicable,FERT_RATIO,Fertility rate,_T,Total,F,Female,BR_L_W,Live births per woman,2019,,1.7005,,USA,United States,A,Normal value,0,Units,2,Two
US39,Ohio,_Z,Not applicable,FERT_RATIO,Fertility rate,_T,Total,F,Female,BR_L_W,Live births per woman,2019,,1.783,,USA,United States,A,Normal value,0,Units,2,Two
US17,Illinois,_Z,Not applicable,FERT_RATIO,Fertility rate,_T,Total,F,Female,BR_L_W,Live births per woman,2019,,1.65,,USA,United States,A,Normal value,0,Units,2,Two
US25,Massachusetts,_Z,Not applicable,FERT_RATIO,Fertility rate,_T,Total,F,Female,BR_L_W,Live births per woman,2019,,1.4495,,USA,United States,A,Normal value,0,Units,2,Two
US11,District of Columbia,_Z,Not applicable,FERT_RATIO,Fertility rate,_T,Total,F,Female,BR_L_W,Live births per woman,2019,,1.3075,,USA,United States,A,Normal value,0,Units,2,Two
US20,Kansas,_Z,Not applicable,FERT_RATIO,Fertility rate,_T,Total,F,Female,BR_L_W,Live births per woman,2019,,1.87,,USA,United States,A,Normal value,0,Units,2,Two
US15,Hawaii,_Z,Not applicable,FERT_RATIO,Fertility rate,_T,Total,F,Female,BR_L_W,Live births per woman,2019,,1.8465,,USA,United States,A,Normal value,0,Units,2,Two
US19,Iowa,_Z,Not applicable,FERT_RATIO,Fertility rate,_T,Total,F,Female,BR_L_W,Live births per woman,2019,,1.899,,USA,United States,A,Normal value,0,Units,2,Two
US48,Texas,_Z,Not applicable,FERT_RATIO,Fertility rate,_T,Total,F,Female,BR_L_W,Live births per woman,2019,,1.848,,USA,United States,A,Normal value,0,Units,2,Two
US33,New Hampshire,_Z,Not applicable,FERT_RATIO,Fertility rate,_T,Total,F,Female,BR_L_W,Live births per woman,2019,,1.428,,USA,United States,A,Normal value,0,Units,2,Two
US26,Michigan,_Z,Not applicable,FERT_RATIO,Fertility rate,_T,Total,F,Female,BR_L_W,Live births per woman,2019,,1.6905,,USA,United States,A,Normal value,0,Units,2,Two
US50,Vermont,_Z,Not applicable,FERT_RATIO,Fertility rate,_T,Total,F,Female,BR_L_W,Live births per woman,2019,,1.4285,,USA,United States,A,Normal value,0,Units,2,Two
US22,Louisiana,_Z,Not applicable,FERT_RATIO,Fertility rate,_T,Total,F,Female,BR_L_W,Live births per woman,2019,,1.8625,,USA,United States,A,Normal value,0,Units,2,Two
US51,Virginia,_Z,Not applicable,FERT_RATIO,Fertility rate,_T,Total,F,Female,BR_L_W,Live births per woman,2019,,1.6945,,USA,United States,A,Normal value,0,Units,2,Two
US49,Utah,_Z,Not applicable,FERT_RATIO,Fertility rate,_T,Total,F,Female,BR_L_W,Live births per woman,2019,,1.9855,,USA,United States,A,Normal value,0,Units,2,Two
US04,Arizona,_Z,Not applicable,FERT_RATIO,Fertility rate,_T,Total,F,Female,BR_L_W,Live births per woman,2019,,1.665,,USA,United States,A,Normal value,0,Units,2,Two
US36,New York,_Z,Not applicable,FERT_RATIO,Fertility rate,_T,Total,F,Female,BR_L_W,Live births per woman,2019,,1.644,,USA,United States,A,Normal value,0,Units,2,Two
US28,Mississippi,_Z,Not applicable,FERT_RATIO,Fertility rate,_T,Total,F,Female,BR_L_W,Live births per woman,2019,,1.848,,USA,United States,A,Normal value,0,Units,2,Two
US35,New Mexico,_Z,Not applicable,FERT_RATIO,Fertility rate,_T,Total,F,Female,BR_L_W,Live births per woman,2019,,1.694,,USA,United States,A,Normal value,0,Units,2,Two
US24,Maryland,_Z,Not applicable,FERT_RATIO,Fertility rate,_T,Total,F,Female,BR_L_W,Live births per woman,2019,,1.7305,,USA,United States,A,Normal value,0,Units,2,Two
US16,Idaho,_Z,Not applicable,FERT_RATIO,Fertility rate,_T,Total,F,Female,BR_L_W,Live births per woman,2019,,1.92,,USA,United States,A,Normal value,0,Units,2,Two
US02,Alaska,_Z,Not applicable,FERT_RATIO,Fertility rate,_T,Total,F,Female,BR_L_W,Live births per woman,2019,,1.9405,,USA,United States,A,Normal value,0,Units,2,Two
US09,Connecticut,_Z,Not applicable,FERT_RATIO,Fertility rate,_T,Total,F,Female,BR_L_W,Live births per woman,2019,,1.5445,,USA,United States,A,Normal value,0,Units,2,Two
US42,Pennsylvania,_Z,Not applicable,FERT_RATIO,Fertility rate,_T,Total,F,Female,BR_L_W,Live births per woman,2019,,1.6465,,USA,United States,A,Normal value,0,Units,2,Two
US38,North Dakota,_Z,Not applicable,FERT_RATIO,Fertility rate,_T,Total,F,Female,BR_L_W,Live births per woman,2019,,1.9995,,USA,United States,A,Normal value,0,Units,2,Two
US23,Maine,_Z,Not applicable,FERT_RATIO,Fertility rate,_T,Total,F,Female,BR_L_W,Live births per woman,2019,,1.495,,USA,United States,A,Normal value,0,Units,2,Two
US13,Georgia,_Z,Not applicable,FERT_RATIO,Fertility rate,_T,Total,F,Female,BR_L_W,Live births per woman,2019,,1.7185,,USA,United States,A,Normal value,0,Units,2,Two
US01,Alabama,_Z,Not applicable,FERT_RATIO,Fertility rate,_T,Total,F,Female,BR_L_W,Live births per woman,2019,,1.813,,USA,United States,A,Normal value,0,Units,2,Two
US37,North Carolina,_Z,Not applicable,FERT_RATIO,Fertility rate,_T,Total,F,Female,BR_L_W,Live births per woman,2019,,1.7075,,USA,United States,A,Normal value,0,Units,2,Two
US32,Nevada,_Z,Not applicable,FERT_RATIO,Fertility rate,_T,Total,F,Female,BR_L_W,Live births per woman,2019,,1.699,,USA,United States,A,Normal value,0,Units,2,Two
US05,Arkansas,_Z,Not applicable,FERT_RATIO,Fertility rate,_T,Total,F,Female,BR_L_W,Live births per woman,2019,,1.8595,,USA,United States,A,Normal value,0,Units,2,Two
US34,New Jersey,_Z,Not applicable,FERT_RATIO,Fertility rate,_T,Total,F,Female,BR_L_W,Live births per woman,2019,,1.7665,,USA,United States,A,Normal value,0,Units,2,Two
US54,West Virginia,_Z,Not applicable,FERT_RATIO,Fertility rate,_T,Total,F,Female,BR_L_W,Live births per woman,2019,,1.7225,,USA,United States,A,Normal value,0,Units,2,Two
US44,Rhode Island,_Z,Not applicable,FERT_RATIO,Fertility rate,_T,Total,F,Female,BR_L_W,Live births per woman,2019,,1.4335,,USA,United States,A,Normal value,0,Units,2,Two
US06,California,_Z,Not applicable,FERT_RATIO,Fertility rate,_T,Total,F,Female,BR_L_W,Live births per woman,2019,,1.6035,,USA,United States,A,Normal value,0,Units,2,Two
US18,Indiana,_Z,Not applicable,FERT_RATIO,Fertility rate,_T,Total,F,Female,BR_L_W,Live births per woman,2019,,1.8195,,USA,United States,A,Normal value,0,Units,2,Two
US56,Wyoming,_Z,Not applicable,FERT_RATIO,Fertility rate,_T,Total,F,Female,BR_L_W,Live births per woman,2019,,1.7975,,USA,United States,A,Normal value,0,Units,2,Two
US31,Nebraska,_Z,Not applicable,FERT_RATIO,Fertility rate,_T,Total,F,Female,BR_L_W,Live births per woman,2019,,1.973,,USA,United States,A,Normal value,0,Units,2,Two
US29,Missouri,_Z,Not applicable,FERT_RATIO,Fertility rate,_T,Total,F,Female,BR_L_W,Live births per woman,2019,,1.7895,,USA,United States,A,Normal value,0,Units,2,Two
US41,Oregon,_Z,Not applicable,FERT_RATIO,Fertility rate,_T,Total,F,Female,BR_L_W,Live births per woman,2019,,1.465,,USA,United States,A,Normal value,0,Units,2,Two
US53,Washington,_Z,Not applicable,FERT_RATIO,Fertility rate,_T,Total,F,Female,BR_L_W,Live births per woman,2019,,1.6,,USA,United States,A,Normal value,0,Units,2,Two
US12,Florida,_Z,Not applicable,FERT_RATIO,Fertility rate,_T,Total,F,Female,BR_L_W,Live births per woman,2019,,1.657,,USA,United States,A,Normal value,0,Units,2,Two
US08,Colorado,_Z,Not applicable,FERT_RATIO,Fertility rate,_T,Total,F,Female,BR_L_W,Live births per woman,2019,,1.5335,,USA,United States,A,Normal value,0,Units,2,Two
US55,Wisconsin,_Z,Not applicable,FERT_RATIO,Fertility rate,_T,Total,F,Female,BR_L_W,Live births per woman,2019,,1.733,,USA,United States,A,Normal value,0,Units,2,Two
US27,Minnesota,_Z,Not applicable,FERT_RATIO,Fertility rate,_T,Total,F,Female,BR_L_W,Live births per woman,2019,,1.789,,USA,United States,A,Normal value,0,Units,2,Two
US47,Tennessee,_Z,Not applicable,FERT_RATIO,Fertility rate,_T,Total,F,Female,BR_L_W,Live births per woman,2019,,1.757,,USA,United States,A,Normal value,0,Units,2,Two
US21,Kentucky,_Z,Not applicable,FERT_RATIO,Fertility rate,_T,Total,F,Female,BR_L_W,Live births per woman,2019,,1.8475,,USA,United States,A,Normal value,0,Units,2,Two
US10,Delaware,_Z,Not applicable,FERT_RATIO,Fertility rate,_T,Total,F,Female,BR_L_W,Live births per woman,2019,,1.713,,USA,United States,A,Normal value,0,Units,2,Two
US40,Oklahoma,_Z,Not applicable,FERT_RATIO,Fertility rate,_T,Total,F,Female,BR_L_W,Live births per woman,2019,,1.8575,,USA,United States,A,Normal value,0,Units,2,Two
US54,West Virginia,_Z,Not applicable,FERT_RATIO,Fertility rate,Y40T44,From 40 to 44 years,F,Female,BR_L_W,Live births per woman,2020,,0.03,,USA,United States,A,Normal value,0,Units,2,Two
US15,Hawaii,_Z,Not applicable,FERT_RATIO,Fertility rate,Y40T44,From 40 to 44 years,F,Female,BR_L_W,Live births per woman,2020,,0.08,,USA,United States,A,Normal value,0,Units,2,Two
US06,California,_Z,Not applicable,FERT_RATIO,Fertility rate,Y40T44,From 40 to 44 years,F,Female,BR_L_W,Live births per woman,2020,,0.08,,USA,United States,A,Normal value,0,Units,2,Two
US36,New York,_Z,Not applicable,FERT_RATIO,Fertility rate,Y40T44,From 40 to 44 years,F,Female,BR_L_W,Live births per woman,2020,,0.09,,USA,United States,A,Normal value,0,Units,2,Two
US24,Maryland,_Z,Not applicable,FERT_RATIO,Fertility rate,Y40T44,From 40 to 44 years,F,Female,BR_L_W,Live births per woman,2020,,0.08,,USA,United States,A,Normal value,0,Units,2,Two
US09,Connecticut,_Z,Not applicable,FERT_RATIO,Fertility rate,Y40T44,From 40 to 44 years,F,Female,BR_L_W,Live births per woman,2020,,0.07,,USA,United States,A,Normal value,0,Units,2,Two
US34,New Jersey,_Z,Not applicable,FERT_RATIO,Fertility rate,Y40T44,From 40 to 44 years,F,Female,BR_L_W,Live births per woman,2020,,0.09,,USA,United States,A,Normal value,0,Units,2,Two
US51,Virginia,_Z,Not applicable,FERT_RATIO,Fertility rate,Y40T44,From 40 to 44 years,F,Female,BR_L_W,Live births per woman,2020,,0.07,,USA,United States,A,Normal value,0,Units,2,Two
US25,Massachusetts,_Z,Not applicable,FERT_RATIO,Fertility rate,Y40T44,From 40 to 44 years,F,Female,BR_L_W,Live births per woman,2020,,0.08,,USA,United States,A,Normal value,0,Units,2,Two
US11,District of Columbia,_Z,Not applicable,FERT_RATIO,Fertility rate,Y40T44,From 40 to 44 years,F,Female,BR_L_W,Live births per woman,2020,,0.11,,USA,United States,A,Normal value,0,Units,2,Two
US28,Mississippi,_Z,Not applicable,FERT_RATIO,Fertility rate,Y40T44,From 40 to 44 years,F,Female,BR_L_W,Live births per woman,2020,,0.03,,USA,United States,A,Normal value,0,Units,2,Two
US08,Colorado,_Z,Not applicable,FERT_RATIO,Fertility rate,Y40T44,From 40 to 44 years,F,Female,BR_L_W,Live births per woman,2020,,0.06,,USA,United States,A,Normal value,0,Units,2,Two
US53,Washington,_Z,Not applicable,FERT_RATIO,Fertility rate,Y40T44,From 40 to 44 years,F,Female,BR_L_W,Live births per woman,2020,,0.06,,USA,United States,A,Normal value,0,Units,2,Two
US50,Vermont,_Z,Not applicable,FERT_RATIO,Fertility rate,Y40T44,From 40 to 44 years,F,Female,BR_L_W,Live births per woman,2020,,0.06,,USA,United States,A,Normal value,0,Units,2,Two
US17,Illinois,_Z,Not applicable,FERT_RATIO,Fertility rate,Y40T44,From 40 to 44 years,F,Female,BR_L_W,Live births per woman,2020,,0.06,,USA,United States,A,Normal value,0,Units,2,Two
US27,Minnesota,_Z,Not applicable,FERT_RATIO,Fertility rate,Y40T44,From 40 to 44 years,F,Female,BR_L_W,Live births per woman,2020,,0.06,,USA,United States,A,Normal value,0,Units,2,Two
US44,Rhode Island,_Z,Not applicable,FERT_RATIO,Fertility rate,Y40T44,From 40 to 44 years,F,Female,BR_L_W,Live births per woman,2020,,0.06,,USA,United States,A,Normal value,0,Units,2,Two
US12,Florida,_Z,Not applicable,FERT_RATIO,Fertility rate,Y40T44,From 40 to 44 years,F,Female,BR_L_W,Live births per woman,2020,,0.06,,USA,United States,A,Normal value,0,Units,2,Two
US49,Utah,_Z,Not applicable,FERT_RATIO,Fertility rate,Y40T44,From 40 to 44 years,F,Female,BR_L_W,Live births per woman,2020,,0.06,,USA,United States,A,Normal value,0,Units,2,Two
US02,Alaska,_Z,Not applicable,FERT_RATIO,Fertility rate,Y40T44,From 40 to 44 years,F,Female,BR_L_W,Live births per woman,2020,,0.06,,USA,United States,A,Normal value,0,Units,2,Two
US10,Delaware,_Z,Not applicable,FERT_RATIO,Fertility rate,Y40T44,From 40 to 44 years,F,Female,BR_L_W,Live births per woman,2020,,0.06,,USA,United States,A,Normal value,0,Units,2,Two
US32,Nevada,_Z,Not applicable,FERT_RATIO,Fertility rate,Y40T44,From 40 to 44 years,F,Female,BR_L_W,Live births per woman,2020,,0.06,,USA,United States,A,Normal value,0,Units,2,Two
US19,Iowa,_Z,Not applicable,FERT_RATIO,Fertility rate,Y40T44,From 40 to 44 years,F,Female,BR_L_W,Live births per woman,2020,,0.05,,USA,United States,A,Normal value,0,Units,2,Two
US33,New Hampshire,_Z,Not applicable,FERT_RATIO,Fertility rate,Y40T44,From 40 to 44 years,F,Female,BR_L_W,Live births per woman,2020,,0.05,,USA,United States,A,Normal value,0,Units,2,Two
US41,Oregon,_Z,Not applicable,FERT_RATIO,Fertility rate,Y40T44,From 40 to 44 years,F,Female,BR_L_W,Live births per woman,2020,,0.05,,USA,United States,A,Normal value,0,Units,2,Two
US38,North Dakota,_Z,Not applicable,FERT_RATIO,Fertility rate,Y40T44,From 40 to 44 years,F,Female,BR_L_W,Live births per woman,2020,,0.05,,USA,United States,A,Normal value,0,Units,2,Two
US04,Arizona,_Z,Not applicable,FERT_RATIO,Fertility rate,Y40T44,From 40 to 44 years,F,Female,BR_L_W,Live births per woman,2020,,0.05,,USA,United States,A,Normal value,0,Units,2,Two
US13,Georgia,_Z,Not applicable,FERT_RATIO,Fertility rate,Y40T44,From 40 to 44 years,F,Female,BR_L_W,Live births per woman,2020,,0.05,,USA,United States,A,Normal value,0,Units,2,Two
US48,Texas,_Z,Not applicable,FERT_RATIO,Fertility rate,Y40T44,From 40 to 44 years,F,Female,BR_L_W,Live births per woman,2020,,0.05,,USA,United States,A,Normal value,0,Units,2,Two
US55,Wisconsin,_Z,Not applicable,FERT_RATIO,Fertility rate,Y40T44,From 40 to 44 years,F,Female,BR_L_W,Live births per woman,2020,,0.05,,USA,United States,A,Normal value,0,Units,2,Two
US30,Montana,_Z,Not applicable,FERT_RATIO,Fertility rate,Y40T44,From 40 to 44 years,F,Female,BR_L_W,Live births per woman,2020,,0.05,,USA,United States,A,Normal value,0,Units,2,Two
US42,Pennsylvania,_Z,Not applicable,FERT_RATIO,Fertility rate,Y40T44,From 40 to 44 years,F,Female,BR_L_W,Live births per woman,2020,,0.05,,USA,United States,A,Normal value,0,Units,2,Two
US26,Michigan,_Z,Not applicable,FERT_RATIO,Fertility rate,Y40T44,From 40 to 44 years,F,Female,BR_L_W,Live births per woman,2020,,0.05,,USA,United States,A,Normal value,0,Units,2,Two
US16,Idaho,_Z,Not applicable,FERT_RATIO,Fertility rate,Y40T44,From 40 to 44 years,F,Female,BR_L_W,Live births per woman,2020,,0.05,,USA,United States,A,Normal value,0,Units,2,Two
US46,South Dakota,_Z,Not applicable,FERT_RATIO,Fertility rate,Y40T44,From 40 to 44 years,F,Female,BR_L_W,Live births per woman,2020,,0.05,,USA,United States,A,Normal value,0,Units,2,Two
US31,Nebraska,_Z,Not applicable,FERT_RATIO,Fertility rate,Y40T44,From 40 to 44 years,F,Female,BR_L_W,Live births per woman,2020,,0.05,,USA,United States,A,Normal value,0,Units,2,Two
US37,North Carolina,_Z,Not applicable,FERT_RATIO,Fertility rate,Y40T44,From 40 to 44 years,F,Female,BR_L_W,Live births per woman,2020,,0.05,,USA,United States,A,Normal value,0,Units,2,Two
US23,Maine,_Z,Not applicable,FERT_RATIO,Fertility rate,Y40T44,From 40 to 44 years,F,Female,BR_L_W,Live births per woman,2020,,0.04,,USA,United States,A,Normal value,0,Units,2,Two
US05,Arkansas,_Z,Not applicable,FERT_RATIO,Fertility rate,Y40T44,From 40 to 44 years,F,Female,BR_L_W,Live births per woman,2020,,0.04,,USA,United States,A,Normal value,0,Units,2,Two
US40,Oklahoma,_Z,Not applicable,FERT_RATIO,Fertility rate,Y40T44,From 40 to 44 years,F,Female,BR_L_W,Live births per woman,2020,,0.04,,USA,United States,A,Normal value,0,Units,2,Two
US21,Kentucky,_Z,Not applicable,FERT_RATIO,Fertility rate,Y40T44,From 40 to 44 years,F,Female,BR_L_W,Live births per woman,2020,,0.04,,USA,United States,A,Normal value,0,Units,2,Two
US45,South Carolina,_Z,Not applicable,FERT_RATIO,Fertility rate,Y40T44,From 40 to 44 years,F,Female,BR_L_W,Live births per woman,2020,,0.04,,USA,United States,A,Normal value,0,Units,2,Two
US56,Wyoming,_Z,Not applicable,FERT_RATIO,Fertility rate,Y40T44,From 40 to 44 years,F,Female,BR_L_W,Live births per woman,2020,,0.04,,USA,United States,A,Normal value,0,Units,2,Two
US47,Tennessee,_Z,Not applicable,FERT_RATIO,Fertility rate,Y40T44,From 40 to 44 years,F,Female,BR_L_W,Live births per woman,2020,,0.04,,USA,United States,A,Normal value,0,Units,2,Two
US39,Ohio,_Z,Not applicable,FERT_RATIO,Fertility rate,Y40T44,From 40 to 44 years,F,Female,BR_L_W,Live births per woman,2020,,0.04,,USA,United States,A,Normal value,0,Units,2,Two
US18,Indiana,_Z,Not applicable,FERT_RATIO,Fertility rate,Y40T44,From 40 to 44 years,F,Female,BR_L_W,Live births per woman,2020,,0.04,,USA,United States,A,Normal value,0,Units,2,Two
US35,New Mexico,_Z,Not applicable,FERT_RATIO,Fertility rate,Y40T44,From 40 to 44 years,F,Female,BR_L_W,Live births per woman,2020,,0.04,,USA,United States,A,Normal value,0,Units,2,Two
US01,Alabama,_Z,Not applicable,FERT_RATIO,Fertility rate,Y40T44,From 40 to 44 years,F,Female,BR_L_W,Live births per woman,2020,,0.04,,USA,United States,A,Normal value,0,Units,2,Two
US29,Missouri,_Z,Not applicable,FERT_RATIO,Fertility rate,Y40T44,From 40 to 44 years,F,Female,BR_L_W,Live births per woman,2020,,0.04,,USA,United States,A,Normal value,0,Units,2,Two
US22,Louisiana,_Z,Not applicable,FERT_RATIO,Fertility rate,Y40T44,From 40 to 44 years,F,Female,BR_L_W,Live births per woman,2020,,0.04,,USA,United States,A,Normal value,0,Units,2,Two
US20,Kansas,_Z,Not applicable,FERT_RATIO,Fertility rate,Y40T44,From 40 to 44 years,F,Female,BR_L_W,Live births per woman,2020,,0.04,,USA,United States,A,Normal value,0,Units,2,Two
US44,Rhode Island,_Z,Not applicable,FERT_RATIO,Fertility rate,Y25T29,From 25 to 29 years,F,Female,BR_L_W,Live births per woman,2020,,0.37,,USA,United States,A,Normal value,0,Units,2,Two
US04,Arizona,_Z,Not applicable,FERT_RATIO,Fertility rate,Y25T29,From 25 to 29 years,F,Female,BR_L_W,Live births per woman,2020,,0.46,,USA,United States,A,Normal value,0,Units,2,Two
US10,Delaware,_Z,Not applicable,FERT_RATIO,Fertility rate,Y25T29,From 25 to 29 years,F,Female,BR_L_W,Live births per woman,2020,,0.47,,USA,United States,A,Normal value,0,Units,2,Two
US55,Wisconsin,_Z,Not applicable,FERT_RATIO,Fertility rate,Y25T29,From 25 to 29 years,F,Female,BR_L_W,Live births per woman,2020,,0.5,,USA,United States,A,Normal value,0,Units,2,Two
US09,Connecticut,_Z,Not applicable,FERT_RATIO,Fertility rate,Y25T29,From 25 to 29 years,F,Female,BR_L_W,Live births per woman,2020,,0.37,,USA,United States,A,Normal value,0,Units,2,Two
US21,Kentucky,_Z,Not applicable,FERT_RATIO,Fertility rate,Y25T29,From 25 to 29 years,F,Female,BR_L_W,Live births per woman,2020,,0.54,,USA,United States,A,Normal value,0,Units,2,Two
US29,Missouri,_Z,Not applicable,FERT_RATIO,Fertility rate,Y25T29,From 25 to 29 years,F,Female,BR_L_W,Live births per woman,2020,,0.53,,USA,United States,A,Normal value,0,Units,2,Two
US53,Washington,_Z,Not applicable,FERT_RATIO,Fertility rate,Y25T29,From 25 to 29 years,F,Female,BR_L_W,Live births per woman,2020,,0.41,,USA,United States,A,Normal value,0,Units,2,Two
US39,Ohio,_Z,Not applicable,FERT_RATIO,Fertility rate,Y25T29,From 25 to 29 years,F,Female,BR_L_W,Live births per woman,2020,,0.5,,USA,United States,A,Normal value,0,Units,2,Two
US56,Wyoming,_Z,Not applicable,FERT_RATIO,Fertility rate,Y25T29,From 25 to 29 years,F,Female,BR_L_W,Live births per woman,2020,,0.53,,USA,United States,A,Normal value,0,Units,2,Two
US02,Alaska,_Z,Not applicable,FERT_RATIO,Fertility rate,Y25T29,From 25 to 29 years,F,Female,BR_L_W,Live births per woman,2020,,0.54,,USA,United States,A,Normal value,0,Units,2,Two
US40,Oklahoma,_Z,Not applicable,FERT_RATIO,Fertility rate,Y25T29,From 25 to 29 years,F,Female,BR_L_W,Live births per woman,2020,,0.55,,USA,United States,A,Normal value,0,Units,2,Two
US42,Pennsylvania,_Z,Not applicable,FERT_RATIO,Fertility rate,Y25T29,From 25 to 29 years,F,Female,BR_L_W,Live births per woman,2020,,0.45,,USA,United States,A,Normal value,0,Units,2,Two
US18,Indiana,_Z,Not applicable,FERT_RATIO,Fertility rate,Y25T29,From 25 to 29 years,F,Female,BR_L_W,Live births per woman,2020,,0.55,,USA,United States,A,Normal value,0,Units,2,Two
US08,Colorado,_Z,Not applicable,FERT_RATIO,Fertility rate,Y25T29,From 25 to 29 years,F,Female,BR_L_W,Live births per woman,2020,,0.38,,USA,United States,A,Normal value,0,Units,2,Two
US23,Maine,_Z,Not applicable,FERT_RATIO,Fertility rate,Y25T29,From 25 to 29 years,F,Female,BR_L_W,Live births per woman,2020,,0.42,,USA,United States,A,Normal value,0,Units,2,Two
US48,Texas,_Z,Not applicable,FERT_RATIO,Fertility rate,Y25T29,From 25 to 29 years,F,Female,BR_L_W,Live births per woman,2020,,0.5,,USA,United States,A,Normal value,0,Units,2,Two
US46,South Dakota,_Z,Not applicable,FERT_RATIO,Fertility rate,Y25T29,From 25 to 29 years,F,Female,BR_L_W,Live births per woman,2020,,0.67,,USA,United States,A,Normal value,0,Units,2,Two
US13,Georgia,_Z,Not applicable,FERT_RATIO,Fertility rate,Y25T29,From 25 to 29 years,F,Female,BR_L_W,Live births per woman,2020,,0.47,,USA,United States,A,Normal value,0,Units,2,Two
US34,New Jersey,_Z,Not applicable,FERT_RATIO,Fertility rate,Y25T29,From 25 to 29 years,F,Female,BR_L_W,Live births per woman,2020,,0.41,,USA,United States,A,Normal value,0,Units,2,Two
US25,Massachusetts,_Z,Not applicable,FERT_RATIO,Fertility rate,Y25T29,From 25 to 29 years,F,Female,BR_L_W,Live births per woman,2020,,0.29,,USA,United States,A,Normal value,0,Units,2,Two
US01,Alabama,_Z,Not applicable,FERT_RATIO,Fertility rate,Y25T29,From 25 to 29 years,F,Female,BR_L_W,Live births per woman,2020,,0.55,,USA,United States,A,Normal value,0,Units,2,Two
US24,Maryland,_Z,Not applicable,FERT_RATIO,Fertility rate,Y25T29,From 25 to 29 years,F,Female,BR_L_W,Live births per woman,2020,,0.44,,USA,United States,A,Normal value,0,Units,2,Two
US45,South Carolina,_Z,Not applicable,FERT_RATIO,Fertility rate,Y25T29,From 25 to 29 years,F,Female,BR_L_W,Live births per woman,2020,,0.48,,USA,United States,A,Normal value,0,Units,2,Two
US05,Arkansas,_Z,Not applicable,FERT_RATIO,Fertility rate,Y25T29,From 25 to 29 years,F,Female,BR_L_W,Live births per woman,2020,,0.54,,USA,United States,A,Normal value,0,Units,2,Two
US32,Nevada,_Z,Not applicable,FERT_RATIO,Fertility rate,Y25T29,From 25 to 29 years,F,Female,BR_L_W,Live births per woman,2020,,0.44,,USA,United States,A,Normal value,0,Units,2,Two
US33,New Hampshire,_Z,Not applicable,FERT_RATIO,Fertility rate,Y25T29,From 25 to 29 years,F,Female,BR_L_W,Live births per woman,2020,,0.39,,USA,United States,A,Normal value,0,Units,2,Two
US20,Kansas,_Z,Not applicable,FERT_RATIO,Fertility rate,Y25T29,From 25 to 29 years,F,Female,BR_L_W,Live births per woman,2020,,0.57,,USA,United States,A,Normal value,0,Units,2,Two
US22,Louisiana,_Z,Not applicable,FERT_RATIO,Fertility rate,Y25T29,From 25 to 29 years,F,Female,BR_L_W,Live births per woman,2020,,0.55,,USA,United States,A,Normal value,0,Units,2,Two
US06,California,_Z,Not applicable,FERT_RATIO,Fertility rate,Y25T29,From 25 to 29 years,F,Female,BR_L_W,Live births per woman,2020,,0.37,,USA,United States,A,Normal value,0,Units,2,Two
US50,Vermont,_Z,Not applicable,FERT_RATIO,Fertility rate,Y25T29,From 25 to 29 years,F,Female,BR_L_W,Live births per woman,2020,,0.37,,USA,United States,A,Normal value,0,Units,2,Two
US38,North Dakota,_Z,Not applicable,FERT_RATIO,Fertility rate,Y25T29,From 25 to 29 years,F,Female,BR_L_W,Live births per woman,2020,,0.63,,USA,United States,A,Normal value,0,Units,2,Two
US51,Virginia,_Z,Not applicable,FERT_RATIO,Fertility rate,Y25T29,From 25 to 29 years,F,Female,BR_L_W,Live births per woman,2020,,0.44,,USA,United States,A,Normal value,0,Units,2,Two
US19,Iowa,_Z,Not applicable,FERT_RATIO,Fertility rate,Y25T29,From 25 to 29 years,F,Female,BR_L_W,Live births per woman,2020,,0.62,,USA,United States,A,Normal value,0,Units,2,Two
US47,Tennessee,_Z,Not applicable,FERT_RATIO,Fertility rate,Y25T29,From 25 to 29 years,F,Female,BR_L_W,Live births per woman,2020,,0.49,,USA,United States,A,Normal value,0,Units,2,Two
US27,Minnesota,_Z,Not applicable,FERT_RATIO,Fertility rate,Y25T29,From 25 to 29 years,F,Female,BR_L_W,Live births per woman,2020,,0.5,,USA,United States,A,Normal value,0,Units,2,Two
US35,New Mexico,_Z,Not applicable,FERT_RATIO,Fertility rate,Y25T29,From 25 to 29 years,F,Female,BR_L_W,Live births per woman,2020,,0.48,,USA,United States,A,Normal value,0,Units,2,Two
US37,North Carolina,_Z,Not applicable,FERT_RATIO,Fertility rate,Y25T29,From 25 to 29 years,F,Female,BR_L_W,Live births per woman,2020,,0.47,,USA,United States,A,Normal value,0,Units,2,Two
US26,Michigan,_Z,Not applicable,FERT_RATIO,Fertility rate,Y25T29,From 25 to 29 years,F,Female,BR_L_W,Live births per woman,2020,,0.48,,USA,United States,A,Normal value,0,Units,2,Two
US17,Illinois,_Z,Not applicable,FERT_RATIO,Fertility rate,Y25T29,From 25 to 29 years,F,Female,BR_L_W,Live births per woman,2020,,0.41,,USA,United States,A,Normal value,0,Units,2,Two
US28,Mississippi,_Z,Not applicable,FERT_RATIO,Fertility rate,Y25T29,From 25 to 29 years,F,Female,BR_L_W,Live births per woman,2020,,0.57,,USA,United States,A,Normal value,0,Units,2,Two
US31,Nebraska,_Z,Not applicable,FERT_RATIO,Fertility rate,Y25T29,From 25 to 29 years,F,Female,BR_L_W,Live births per woman,2020,,0.61,,USA,United States,A,Normal value,0,Units,2,Two
US54,West Virginia,_Z,Not applicable,FERT_RATIO,Fertility rate,Y25T29,From 25 to 29 years,F,Female,BR_L_W,Live births per woman,2020,,0.52,,USA,United States,A,Normal value,0,Units,2,Two
US36,New York,_Z,Not applicable,FERT_RATIO,Fertility rate,Y25T29,From 25 to 29 years,F,Female,BR_L_W,Live births per woman,2020,,0.36,,USA,United States,A,Normal value,0,Units,2,Two
US16,Idaho,_Z,Not applicable,FERT_RATIO,Fertility rate,Y25T29,From 25 to 29 years,F,Female,BR_L_W,Live births per woman,2020,,0.6,,USA,United States,A,Normal value,0,Units,2,Two
US12,Florida,_Z,Not applicable,FERT_RATIO,Fertility rate,Y25T29,From 25 to 29 years,F,Female,BR_L_W,Live births per woman,2020,,0.43,,USA,United States,A,Normal value,0,Units,2,Two
US41,Oregon,_Z,Not applicable,FERT_RATIO,Fertility rate,Y25T29,From 25 to 29 years,F,Female,BR_L_W,Live births per woman,2020,,0.37,,USA,United States,A,Normal value,0,Units,2,Two
US49,Utah,_Z,Not applicable,FERT_RATIO,Fertility rate,Y25T29,From 25 to 29 years,F,Female,BR_L_W,Live births per woman,2020,,0.64,,USA,United States,A,Normal value,0,Units,2,Two
US15,Hawaii,_Z,Not applicable,FERT_RATIO,Fertility rate,Y25T29,From 25 to 29 years,F,Female,BR_L_W,Live births per woman,2020,,0.47,,USA,United States,A,Normal value,0,Units,2,Two
US30,Montana,_Z,Not applicable,FERT_RATIO,Fertility rate,Y25T29,From 25 to 29 years,F,Female,BR_L_W,Live births per woman,2020,,0.47,,USA,United States,A,Normal value,0,Units,2,Two
US11,District of Columbia,_Z,Not applicable,FERT_RATIO,Fertility rate,Y25T29,From 25 to 29 years,F,Female,BR_L_W,Live births per woman,2020,,0.2,,USA,United States,A,Normal value,0,Units,2,Two
US31,Nebraska,_Z,Not applicable,FERT_RATIO,Fertility rate,Y35T39,From 35 to 39 years,F,Female,BR_L_W,Live births per woman,2020,,0.26,,USA,United States,A,Normal value,0,Units,2,Two
US25,Massachusetts,_Z,Not applicable,FERT_RATIO,Fertility rate,Y35T39,From 35 to 39 years,F,Female,BR_L_W,Live births per woman,2020,,0.33,,USA,United States,A,Normal value,0,Units,2,Two
US39,Ohio,_Z,Not applicable,FERT_RATIO,Fertility rate,Y35T39,From 35 to 39 years,F,Female,BR_L_W,Live births per woman,2020,,0.23,,USA,United States,A,Normal value,0,Units,2,Two
US27,Minnesota,_Z,Not applicable,FERT_RATIO,Fertility rate,Y35T39,From 35 to 39 years,F,Female,BR_L_W,Live births per woman,2020,,0.28,,USA,United States,A,Normal value,0,Units,2,Two
US41,Oregon,_Z,Not applicable,FERT_RATIO,Fertility rate,Y35T39,From 35 to 39 years,F,Female,BR_L_W,Live births per woman,2020,,0.24,,USA,United States,A,Normal value,0,Units,2,Two
US33,New Hampshire,_Z,Not applicable,FERT_RATIO,Fertility rate,Y35T39,From 35 to 39 years,F,Female,BR_L_W,Live births per woman,2020,,0.25,,USA,United States,A,Normal value,0,Units,2,Two
US37,North Carolina,_Z,Not applicable,FERT_RATIO,Fertility rate,Y35T39,From 35 to 39 years,F,Female,BR_L_W,Live births per woman,2020,,0.24,,USA,United States,A,Normal value,0,Units,2,Two
US56,Wyoming,_Z,Not applicable,FERT_RATIO,Fertility rate,Y35T39,From 35 to 39 years,F,Female,BR_L_W,Live births per woman,2020,,0.19,,USA,United States,A,Normal value,0,Units,2,Two
US38,North Dakota,_Z,Not applicable,FERT_RATIO,Fertility rate,Y35T39,From 35 to 39 years,F,Female,BR_L_W,Live births per woman,2020,,0.26,,USA,United States,A,Normal value,0,Units,2,Two
US05,Arkansas,_Z,Not applicable,FERT_RATIO,Fertility rate,Y35T39,From 35 to 39 years,F,Female,BR_L_W,Live births per woman,2020,,0.17,,USA,United States,A,Normal value,0,Units,2,Two
US13,Georgia,_Z,Not applicable,FERT_RATIO,Fertility rate,Y35T39,From 35 to 39 years,F,Female,BR_L_W,Live births per woman,2020,,0.23,,USA,United States,A,Normal value,0,Units,2,Two
US08,Colorado,_Z,Not applicable,FERT_RATIO,Fertility rate,Y35T39,From 35 to 39 years,F,Female,BR_L_W,Live births per woman,2020,,0.26,,USA,United States,A,Normal value,0,Units,2,Two
US24,Maryland,_Z,Not applicable,FERT_RATIO,Fertility rate,Y35T39,From 35 to 39 years,F,Female,BR_L_W,Live births per woman,2020,,0.31,,USA,United States,A,Normal value,0,Units,2,Two
US11,District of Columbia,_Z,Not applicable,FERT_RATIO,Fertility rate,Y35T39,From 35 to 39 years,F,Female,BR_L_W,Live births per woman,2020,,0.35,,USA,United States,A,Normal value,0,Units,2,Two
US01,Alabama,_Z,Not applicable,FERT_RATIO,Fertility rate,Y35T39,From 35 to 39 years,F,Female,BR_L_W,Live births per woman,2020,,0.19,,USA,United States,A,Normal value,0,Units,2,Two
US26,Michigan,_Z,Not applicable,FERT_RATIO,Fertility rate,Y35T39,From 35 to 39 years,F,Female,BR_L_W,Live births per woman,2020,,0.23,,USA,United States,A,Normal value,0,Units,2,Two
US44,Rhode Island,_Z,Not applicable,FERT_RATIO,Fertility rate,Y35T39,From 35 to 39 years,F,Female,BR_L_W,Live births per woman,2020,,0.27,,USA,United States,A,Normal value,0,Units,2,Two
US54,West Virginia,_Z,Not applicable,FERT_RATIO,Fertility rate,Y35T39,From 35 to 39 years,F,Female,BR_L_W,Live births per woman,2020,,0.16,,USA,United States,A,Normal value,0,Units,2,Two
US12,Florida,_Z,Not applicable,FERT_RATIO,Fertility rate,Y35T39,From 35 to 39 years,F,Female,BR_L_W,Live births per woman,2020,,0.25,,USA,United States,A,Normal value,0,Units,2,Two
US02,Alaska,_Z,Not applicable,FERT_RATIO,Fertility rate,Y35T39,From 35 to 39 years,F,Female,BR_L_W,Live births per woman,2020,,0.26,,USA,United States,A,Normal value,0,Units,2,Two
US16,Idaho,_Z,Not applicable,FERT_RATIO,Fertility rate,Y35T39,From 35 to 39 years,F,Female,BR_L_W,Live births per woman,2020,,0.22,,USA,United States,A,Normal value,0,Units,2,Two
US47,Tennessee,_Z,Not applicable,FERT_RATIO,Fertility rate,Y35T39,From 35 to 39 years,F,Female,BR_L_W,Live births per woman,2020,,0.21,,USA,United States,A,Normal value,0,Units,2,Two
US29,Missouri,_Z,Not applicable,FERT_RATIO,Fertility rate,Y35T39,From 35 to 39 years,F,Female,BR_L_W,Live births per woman,2020,,0.21,,USA,United States,A,Normal value,0,Units,2,Two
US45,South Carolina,_Z,Not applicable,FERT_RATIO,Fertility rate,Y35T39,From 35 to 39 years,F,Female,BR_L_W,Live births per woman,2020,,0.21,,USA,United States,A,Normal value,0,Units,2,Two
US53,Washington,_Z,Not applicable,FERT_RATIO,Fertility rate,Y35T39,From 35 to 39 years,F,Female,BR_L_W,Live births per woman,2020,,0.27,,USA,United States,A,Normal value,0,Units,2,Two
US51,Virginia,_Z,Not applicable,FERT_RATIO,Fertility rate,Y35T39,From 35 to 39 years,F,Female,BR_L_W,Live births per woman,2020,,0.28,,USA,United States,A,Normal value,0,Units,2,Two
US04,Arizona,_Z,Not applicable,FERT_RATIO,Fertility rate,Y35T39,From 35 to 39 years,F,Female,BR_L_W,Live births per woman,2020,,0.22,,USA,United States,A,Normal value,0,Units,2,Two
US42,Pennsylvania,_Z,Not applicable,FERT_RATIO,Fertility rate,Y35T39,From 35 to 39 years,F,Female,BR_L_W,Live births per woman,2020,,0.26,,USA,United States,A,Normal value,0,Units,2,Two
US15,Hawaii,_Z,Not applicable,FERT_RATIO,Fertility rate,Y35T39,From 35 to 39 years,F,Female,BR_L_W,Live births per woman,2020,,0.31,,USA,United States,A,Normal value,0,Units,2,Two
US09,Connecticut,_Z,Not applicable,FERT_RATIO,Fertility rate,Y35T39,From 35 to 39 years,F,Female,BR_L_W,Live births per woman,2020,,0.31,,USA,United States,A,Normal value,0,Units,2,Two
US06,California,_Z,Not applicable,FERT_RATIO,Fertility rate,Y35T39,From 35 to 39 years,F,Female,BR_L_W,Live births per woman,2020,,0.31,,USA,United States,A,Normal value,0,Units,2,Two
US18,Indiana,_Z,Not applicable,FERT_RATIO,Fertility rate,Y35T39,From 35 to 39 years,F,Female,BR_L_W,Live births per woman,2020,,0.21,,USA,United States,A,Normal value,0,Units,2,Two
US49,Utah,_Z,Not applicable,FERT_RATIO,Fertility rate,Y35T39,From 35 to 39 years,F,Female,BR_L_W,Live births per woman,2020,,0.26,,USA,United States,A,Normal value,0,Units,2,Two
US46,South Dakota,_Z,Not applicable,FERT_RATIO,Fertility rate,Y35T39,From 35 to 39 years,F,Female,BR_L_W,Live births per woman,2020,,0.24,,USA,United States,A,Normal value,0,Units,2,Two
US21,Kentucky,_Z,Not applicable,FERT_RATIO,Fertility rate,Y35T39,From 35 to 39 years,F,Female,BR_L_W,Live births per woman,2020,,0.2,,USA,United States,A,Normal value,0,Units,2,Two
US36,New York,_Z,Not applicable,FERT_RATIO,Fertility rate,Y35T39,From 35 to 39 years,F,Female,BR_L_W,Live births per woman,2020,,0.33,,USA,United States,A,Normal value,0,Units,2,Two
US55,Wisconsin,_Z,Not applicable,FERT_RATIO,Fertility rate,Y35T39,From 35 to 39 years,F,Female,BR_L_W,Live births per woman,2020,,0.24,,USA,United States,A,Normal value,0,Units,2,Two
US50,Vermont,_Z,Not applicable,FERT_RATIO,Fertility rate,Y35T39,From 35 to 39 years,F,Female,BR_L_W,Live births per woman,2020,,0.26,,USA,United States,A,Normal value,0,Units,2,Two
US35,New Mexico,_Z,Not applicable,FERT_RATIO,Fertility rate,Y35T39,From 35 to 39 years,F,Female,BR_L_W,Live births per woman,2020,,0.19,,USA,United States,A,Normal value,0,Units,2,Two
US30,Montana,_Z,Not applicable,FERT_RATIO,Fertility rate,Y35T39,From 35 to 39 years,F,Female,BR_L_W,Live births per woman,2020,,0.22,,USA,United States,A,Normal value,0,Units,2,Two
US28,Mississippi,_Z,Not applicable,FERT_RATIO,Fertility rate,Y35T39,From 35 to 39 years,F,Female,BR_L_W,Live births per woman,2020,,0.16,,USA,United States,A,Normal value,0,Units,2,Two
US48,Texas,_Z,Not applicable,FERT_RATIO,Fertility rate,Y35T39,From 35 to 39 years,F,Female,BR_L_W,Live births per woman,2020,,0.24,,USA,United States,A,Normal value,0,Units,2,Two
US19,Iowa,_Z,Not applicable,FERT_RATIO,Fertility rate,Y35T39,From 35 to 39 years,F,Female,BR_L_W,Live births per woman,2020,,0.22,,USA,United States,A,Normal value,0,Units,2,Two
US40,Oklahoma,_Z,Not applicable,FERT_RATIO,Fertility rate,Y35T39,From 35 to 39 years,F,Female,BR_L_W,Live births per woman,2020,,0.19,,USA,United States,A,Normal value,0,Units,2,Two
US10,Delaware,_Z,Not applicable,FERT_RATIO,Fertility rate,Y35T39,From 35 to 39 years,F,Female,BR_L_W,Live births per woman,2020,,0.27,,USA,United States,A,Normal value,0,Units,2,Two
US22,Louisiana,_Z,Not applicable,FERT_RATIO,Fertility rate,Y35T39,From 35 to 39 years,F,Female,BR_L_W,Live births per woman,2020,,0.21,,USA,United States,A,Normal value,0,Units,2,Two
US20,Kansas,_Z,Not applicable,FERT_RATIO,Fertility rate,Y35T39,From 35 to 39 years,F,Female,BR_L_W,Live births per woman,2020,,0.22,,USA,United States,A,Normal value,0,Units,2,Two
US32,Nevada,_Z,Not applicable,FERT_RATIO,Fertility rate,Y35T39,From 35 to 39 years,F,Female,BR_L_W,Live births per woman,2020,,0.23,,USA,United States,A,Normal value,0,Units,2,Two
US34,New Jersey,_Z,Not applicable,FERT_RATIO,Fertility rate,Y35T39,From 35 to 39 years,F,Female,BR_L_W,Live births per woman,2020,,0.36,,USA,United States,A,Normal value,0,Units,2,Two
US23,Maine,_Z,Not applicable,FERT_RATIO,Fertility rate,Y35T39,From 35 to 39 years,F,Female,BR_L_W,Live births per woman,2020,,0.23,,USA,United States,A,Normal value,0,Units,2,Two
US17,Illinois,_Z,Not applicable,FERT_RATIO,Fertility rate,Y35T39,From 35 to 39 years,F,Female,BR_L_W,Live births per woman,2020,,0.27,,USA,United States,A,Normal value,0,Units,2,Two
US04,Arizona,_Z,Not applicable,FERT_RATIO,Fertility rate,Y30T34,From 30 to 34 years,F,Female,BR_L_W,Live births per woman,2020,,0.43,,USA,United States,A,Normal value,0,Units,2,Two
US45,South Carolina,_Z,Not applicable,FERT_RATIO,Fertility rate,Y30T34,From 30 to 34 years,F,Female,BR_L_W,Live births per woman,2020,,0.43,,USA,United States,A,Normal value,0,Units,2,Two
US28,Mississippi,_Z,Not applicable,FERT_RATIO,Fertility rate,Y30T34,From 30 to 34 years,F,Female,BR_L_W,Live births per woman,2020,,0.4,,USA,United States,A,Normal value,0,Units,2,Two
US48,Texas,_Z,Not applicable,FERT_RATIO,Fertility rate,Y30T34,From 30 to 34 years,F,Female,BR_L_W,Live births per woman,2020,,0.47,,USA,United States,A,Normal value,0,Units,2,Two
US41,Oregon,_Z,Not applicable,FERT_RATIO,Fertility rate,Y30T34,From 30 to 34 years,F,Female,BR_L_W,Live births per woman,2020,,0.41,,USA,United States,A,Normal value,0,Units,2,Two
US12,Florida,_Z,Not applicable,FERT_RATIO,Fertility rate,Y30T34,From 30 to 34 years,F,Female,BR_L_W,Live births per woman,2020,,0.44,,USA,United States,A,Normal value,0,Units,2,Two
US38,North Dakota,_Z,Not applicable,FERT_RATIO,Fertility rate,Y30T34,From 30 to 34 years,F,Female,BR_L_W,Live births per woman,2020,,0.61,,USA,United States,A,Normal value,0,Units,2,Two
US31,Nebraska,_Z,Not applicable,FERT_RATIO,Fertility rate,Y30T34,From 30 to 34 years,F,Female,BR_L_W,Live births per woman,2020,,0.61,,USA,United States,A,Normal value,0,Units,2,Two
US08,Colorado,_Z,Not applicable,FERT_RATIO,Fertility rate,Y30T34,From 30 to 34 years,F,Female,BR_L_W,Live births per woman,2020,,0.44,,USA,United States,A,Normal value,0,Units,2,Two
US27,Minnesota,_Z,Not applicable,FERT_RATIO,Fertility rate,Y30T34,From 30 to 34 years,F,Female,BR_L_W,Live births per woman,2020,,0.6,,USA,United States,A,Normal value,0,Units,2,Two
US42,Pennsylvania,_Z,Not applicable,FERT_RATIO,Fertility rate,Y30T34,From 30 to 34 years,F,Female,BR_L_W,Live births per woman,2020,,0.5,,USA,United States,A,Normal value,0,Units,2,Two
US33,New Hampshire,_Z,Not applicable,FERT_RATIO,Fertility rate,Y30T34,From 30 to 34 years,F,Female,BR_L_W,Live births per woman,2020,,0.51,,USA,United States,A,Normal value,0,Units,2,Two
US11,District of Columbia,_Z,Not applicable,FERT_RATIO,Fertility rate,Y30T34,From 30 to 34 years,F,Female,BR_L_W,Live births per woman,2020,,0.33,,USA,United States,A,Normal value,0,Units,2,Two
US10,Delaware,_Z,Not applicable,FERT_RATIO,Fertility rate,Y30T34,From 30 to 34 years,F,Female,BR_L_W,Live births per woman,2020,,0.48,,USA,United States,A,Normal value,0,Units,2,Two
US25,Massachusetts,_Z,Not applicable,FERT_RATIO,Fertility rate,Y30T34,From 30 to 34 years,F,Female,BR_L_W,Live births per woman,2020,,0.51,,USA,United States,A,Normal value,0,Units,2,Two
US34,New Jersey,_Z,Not applicable,FERT_RATIO,Fertility rate,Y30T34,From 30 to 34 years,F,Female,BR_L_W,Live births per woman,2020,,0.61,,USA,United States,A,Normal value,0,Units,2,Two
US56,Wyoming,_Z,Not applicable,FERT_RATIO,Fertility rate,Y30T34,From 30 to 34 years,F,Female,BR_L_W,Live births per woman,2020,,0.44,,USA,United States,A,Normal value,0,Units,2,Two
US50,Vermont,_Z,Not applicable,FERT_RATIO,Fertility rate,Y30T34,From 30 to 34 years,F,Female,BR_L_W,Live births per woman,2020,,0.46,,USA,United States,A,Normal value,0,Units,2,Two
US40,Oklahoma,_Z,Not applicable,FERT_RATIO,Fertility rate,Y30T34,From 30 to 34 years,F,Female,BR_L_W,Live births per woman,2020,,0.43,,USA,United States,A,Normal value,0,Units,2,Two
US16,Idaho,_Z,Not applicable,FERT_RATIO,Fertility rate,Y30T34,From 30 to 34 years,F,Female,BR_L_W,Live births per woman,2020,,0.47,,USA,United States,A,Normal value,0,Units,2,Two
US02,Alaska,_Z,Not applicable,FERT_RATIO,Fertility rate,Y30T34,From 30 to 34 years,F,Female,BR_L_W,Live births per woman,2020,,0.48,,USA,United States,A,Normal value,0,Units,2,Two
US21,Kentucky,_Z,Not applicable,FERT_RATIO,Fertility rate,Y30T34,From 30 to 34 years,F,Female,BR_L_W,Live births per woman,2020,,0.44,,USA,United States,A,Normal value,0,Units,2,Two
US51,Virginia,_Z,Not applicable,FERT_RATIO,Fertility rate,Y30T34,From 30 to 34 years,F,Female,BR_L_W,Live births per woman,2020,,0.5,,USA,United States,A,Normal value,0,Units,2,Two
US47,Tennessee,_Z,Not applicable,FERT_RATIO,Fertility rate,Y30T34,From 30 to 34 years,F,Female,BR_L_W,Live births per woman,2020,,0.43,,USA,United States,A,Normal value,0,Units,2,Two
US06,California,_Z,Not applicable,FERT_RATIO,Fertility rate,Y30T34,From 30 to 34 years,F,Female,BR_L_W,Live births per woman,2020,,0.46,,USA,United States,A,Normal value,0,Units,2,Two
US01,Alabama,_Z,Not applicable,FERT_RATIO,Fertility rate,Y30T34,From 30 to 34 years,F,Female,BR_L_W,Live births per woman,2020,,0.43,,USA,United States,A,Normal value,0,Units,2,Two
US09,Connecticut,_Z,Not applicable,FERT_RATIO,Fertility rate,Y30T34,From 30 to 34 years,F,Female,BR_L_W,Live births per woman,2020,,0.54,,USA,United States,A,Normal value,0,Units,2,Two
US39,Ohio,_Z,Not applicable,FERT_RATIO,Fertility rate,Y30T34,From 30 to 34 years,F,Female,BR_L_W,Live births per woman,2020,,0.49,,USA,United States,A,Normal value,0,Units,2,Two
US05,Arkansas,_Z,Not applicable,FERT_RATIO,Fertility rate,Y30T34,From 30 to 34 years,F,Female,BR_L_W,Live births per woman,2020,,0.4,,USA,United States,A,Normal value,0,Units,2,Two
US29,Missouri,_Z,Not applicable,FERT_RATIO,Fertility rate,Y30T34,From 30 to 34 years,F,Female,BR_L_W,Live births per woman,2020,,0.47,,USA,United States,A,Normal value,0,Units,2,Two
US22,Louisiana,_Z,Not applicable,FERT_RATIO,Fertility rate,Y30T34,From 30 to 34 years,F,Female,BR_L_W,Live births per woman,2020,,0.43,,USA,United States,A,Normal value,0,Units,2,Two
US44,Rhode Island,_Z,Not applicable,FERT_RATIO,Fertility rate,Y30T34,From 30 to 34 years,F,Female,BR_L_W,Live births per woman,2020,,0.47,,USA,United States,A,Normal value,0,Units,2,Two
US13,Georgia,_Z,Not applicable,FERT_RATIO,Fertility rate,Y30T34,From 30 to 34 years,F,Female,BR_L_W,Live births per woman,2020,,0.44,,USA,United States,A,Normal value,0,Units,2,Two
US15,Hawaii,_Z,Not applicable,FERT_RATIO,Fertility rate,Y30T34,From 30 to 34 years,F,Female,BR_L_W,Live births per woman,2020,,0.47,,USA,United States,A,Normal value,0,Units,2,Two
US30,Montana,_Z,Not applicable,FERT_RATIO,Fertility rate,Y30T34,From 30 to 34 years,F,Female,BR_L_W,Live births per woman,2020,,0.48,,USA,United States,A,Normal value,0,Units,2,Two
US18,Indiana,_Z,Not applicable,FERT_RATIO,Fertility rate,Y30T34,From 30 to 34 years,F,Female,BR_L_W,Live births per woman,2020,,0.48,,USA,United States,A,Normal value,0,Units,2,Two
US17,Illinois,_Z,Not applicable,FERT_RATIO,Fertility rate,Y30T34,From 30 to 34 years,F,Female,BR_L_W,Live births per woman,2020,,0.5,,USA,United States,A,Normal value,0,Units,2,Two
US54,West Virginia,_Z,Not applicable,FERT_RATIO,Fertility rate,Y30T34,From 30 to 34 years,F,Female,BR_L_W,Live births per woman,2020,,0.38,,USA,United States,A,Normal value,0,Units,2,Two
US19,Iowa,_Z,Not applicable,FERT_RATIO,Fertility rate,Y30T34,From 30 to 34 years,F,Female,BR_L_W,Live births per woman,2020,,0.55,,USA,United States,A,Normal value,0,Units,2,Two
US46,South Dakota,_Z,Not applicable,FERT_RATIO,Fertility rate,Y30T34,From 30 to 34 years,F,Female,BR_L_W,Live births per woman,2020,,0.57,,USA,United States,A,Normal value,0,Units,2,Two
US37,North Carolina,_Z,Not applicable,FERT_RATIO,Fertility rate,Y30T34,From 30 to 34 years,F,Female,BR_L_W,Live births per woman,2020,,0.46,,USA,United States,A,Normal value,0,Units,2,Two
US24,Maryland,_Z,Not applicable,FERT_RATIO,Fertility rate,Y30T34,From 30 to 34 years,F,Female,BR_L_W,Live births per woman,2020,,0.53,,USA,United States,A,Normal value,0,Units,2,Two
US20,Kansas,_Z,Not applicable,FERT_RATIO,Fertility rate,Y30T34,From 30 to 34 years,F,Female,BR_L_W,Live births per woman,2020,,0.53,,USA,United States,A,Normal value,0,Units,2,Two
US32,Nevada,_Z,Not applicable,FERT_RATIO,Fertility rate,Y30T34,From 30 to 34 years,F,Female,BR_L_W,Live births per woman,2020,,0.41,,USA,United States,A,Normal value,0,Units,2,Two
US23,Maine,_Z,Not applicable,FERT_RATIO,Fertility rate,Y30T34,From 30 to 34 years,F,Female,BR_L_W,Live births per woman,2020,,0.44,,USA,United States,A,Normal value,0,Units,2,Two
US53,Washington,_Z,Not applicable,FERT_RATIO,Fertility rate,Y30T34,From 30 to 34 years,F,Female,BR_L_W,Live births per woman,2020,,0.46,,USA,United States,A,Normal value,0,Units,2,Two
US55,Wisconsin,_Z,Not applicable,FERT_RATIO,Fertility rate,Y30T34,From 30 to 34 years,F,Female,BR_L_W,Live births per woman,2020,,0.56,,USA,United States,A,Normal value,0,Units,2,Two
US35,New Mexico,_Z,Not applicable,FERT_RATIO,Fertility rate,Y30T34,From 30 to 34 years,F,Female,BR_L_W,Live births per woman,2020,,0.39,,USA,United States,A,Normal value,0,Units,2,Two
US49,Utah,_Z,Not applicable,FERT_RATIO,Fertility rate,Y30T34,From 30 to 34 years,F,Female,BR_L_W,Live births per woman,2020,,0.56,,USA,United States,A,Normal value,0,Units,2,Two
US36,New York,_Z,Not applicable,FERT_RATIO,Fertility rate,Y30T34,From 30 to 34 years,F,Female,BR_L_W,Live births per woman,2020,,0.49,,USA,United States,A,Normal value,0,Units,2,Two
US26,Michigan,_Z,Not applicable,FERT_RATIO,Fertility rate,Y30T34,From 30 to 34 years,F,Female,BR_L_W,Live births per woman,2020,,0.51,,USA,United States,A,Normal value,0,Units,2,Two
US17,Illinois,_Z,Not applicable,FERT_RATIO,Fertility rate,Y20T24,From 20 to 24 years,F,Female,BR_L_W,Live births per woman,2020,,0.27,,USA,United States,A,Normal value,0,Units,2,Two
US22,Louisiana,_Z,Not applicable,FERT_RATIO,Fertility rate,Y20T24,From 20 to 24 years,F,Female,BR_L_W,Live births per woman,2020,,0.47,,USA,United States,A,Normal value,0,Units,2,Two
US09,Connecticut,_Z,Not applicable,FERT_RATIO,Fertility rate,Y20T24,From 20 to 24 years,F,Female,BR_L_W,Live births per woman,2020,,0.18,,USA,United States,A,Normal value,0,Units,2,Two
US29,Missouri,_Z,Not applicable,FERT_RATIO,Fertility rate,Y20T24,From 20 to 24 years,F,Female,BR_L_W,Live births per woman,2020,,0.38,,USA,United States,A,Normal value,0,Units,2,Two
US13,Georgia,_Z,Not applicable,FERT_RATIO,Fertility rate,Y20T24,From 20 to 24 years,F,Female,BR_L_W,Live births per woman,2020,,0.36,,USA,United States,A,Normal value,0,Units,2,Two
US49,Utah,_Z,Not applicable,FERT_RATIO,Fertility rate,Y20T24,From 20 to 24 years,F,Female,BR_L_W,Live births per woman,2020,,0.35,,USA,United States,A,Normal value,0,Units,2,Two
US46,South Dakota,_Z,Not applicable,FERT_RATIO,Fertility rate,Y20T24,From 20 to 24 years,F,Female,BR_L_W,Live births per woman,2020,,0.36,,USA,United States,A,Normal value,0,Units,2,Two
US45,South Carolina,_Z,Not applicable,FERT_RATIO,Fertility rate,Y20T24,From 20 to 24 years,F,Female,BR_L_W,Live births per woman,2020,,0.37,,USA,United States,A,Normal value,0,Units,2,Two
US55,Wisconsin,_Z,Not applicable,FERT_RATIO,Fertility rate,Y20T24,From 20 to 24 years,F,Female,BR_L_W,Live births per woman,2020,,0.26,,USA,United States,A,Normal value,0,Units,2,Two
US05,Arkansas,_Z,Not applicable,FERT_RATIO,Fertility rate,Y20T24,From 20 to 24 years,F,Female,BR_L_W,Live births per woman,2020,,0.5,,USA,United States,A,Normal value,0,Units,2,Two
US33,New Hampshire,_Z,Not applicable,FERT_RATIO,Fertility rate,Y20T24,From 20 to 24 years,F,Female,BR_L_W,Live births per woman,2020,,0.18,,USA,United States,A,Normal value,0,Units,2,Two
US15,Hawaii,_Z,Not applicable,FERT_RATIO,Fertility rate,Y20T24,From 20 to 24 years,F,Female,BR_L_W,Live births per woman,2020,,0.36,,USA,United States,A,Normal value,0,Units,2,Two
US56,Wyoming,_Z,Not applicable,FERT_RATIO,Fertility rate,Y20T24,From 20 to 24 years,F,Female,BR_L_W,Live births per woman,2020,,0.4,,USA,United States,A,Normal value,0,Units,2,Two
US21,Kentucky,_Z,Not applicable,FERT_RATIO,Fertility rate,Y20T24,From 20 to 24 years,F,Female,BR_L_W,Live births per woman,2020,,0.46,,USA,United States,A,Normal value,0,Units,2,Two
US20,Kansas,_Z,Not applicable,FERT_RATIO,Fertility rate,Y20T24,From 20 to 24 years,F,Female,BR_L_W,Live births per woman,2020,,0.36,,USA,United States,A,Normal value,0,Units,2,Two
US28,Mississippi,_Z,Not applicable,FERT_RATIO,Fertility rate,Y20T24,From 20 to 24 years,F,Female,BR_L_W,Live births per woman,2020,,0.5,,USA,United States,A,Normal value,0,Units,2,Two
US26,Michigan,_Z,Not applicable,FERT_RATIO,Fertility rate,Y20T24,From 20 to 24 years,F,Female,BR_L_W,Live births per woman,2020,,0.29,,USA,United States,A,Normal value,0,Units,2,Two
US39,Ohio,_Z,Not applicable,FERT_RATIO,Fertility rate,Y20T24,From 20 to 24 years,F,Female,BR_L_W,Live births per woman,2020,,0.36,,USA,United States,A,Normal value,0,Units,2,Two
US51,Virginia,_Z,Not applicable,FERT_RATIO,Fertility rate,Y20T24,From 20 to 24 years,F,Female,BR_L_W,Live births per woman,2020,,0.28,,USA,United States,A,Normal value,0,Units,2,Two
US41,Oregon,_Z,Not applicable,FERT_RATIO,Fertility rate,Y20T24,From 20 to 24 years,F,Female,BR_L_W,Live births per woman,2020,,0.26,,USA,United States,A,Normal value,0,Units,2,Two
US31,Nebraska,_Z,Not applicable,FERT_RATIO,Fertility rate,Y20T24,From 20 to 24 years,F,Female,BR_L_W,Live births per woman,2020,,0.32,,USA,United States,A,Normal value,0,Units,2,Two
US01,Alabama,_Z,Not applicable,FERT_RATIO,Fertility rate,Y20T24,From 20 to 24 years,F,Female,BR_L_W,Live births per woman,2020,,0.45,,USA,United States,A,Normal value,0,Units,2,Two
US06,California,_Z,Not applicable,FERT_RATIO,Fertility rate,Y20T24,From 20 to 24 years,F,Female,BR_L_W,Live births per woman,2020,,0.24,,USA,United States,A,Normal value,0,Units,2,Two
US42,Pennsylvania,_Z,Not applicable,FERT_RATIO,Fertility rate,Y20T24,From 20 to 24 years,F,Female,BR_L_W,Live births per woman,2020,,0.28,,USA,United States,A,Normal value,0,Units,2,Two
US50,Vermont,_Z,Not applicable,FERT_RATIO,Fertility rate,Y20T24,From 20 to 24 years,F,Female,BR_L_W,Live births per woman,2020,,0.17,,USA,United States,A,Normal value,0,Units,2,Two
US34,New Jersey,_Z,Not applicable,FERT_RATIO,Fertility rate,Y20T24,From 20 to 24 years,F,Female,BR_L_W,Live births per woman,2020,,0.22,,USA,United States,A,Normal value,0,Units,2,Two
US32,Nevada,_Z,Not applicable,FERT_RATIO,Fertility rate,Y20T24,From 20 to 24 years,F,Female,BR_L_W,Live births per woman,2020,,0.37,,USA,United States,A,Normal value,0,Units,2,Two
US23,Maine,_Z,Not applicable,FERT_RATIO,Fertility rate,Y20T24,From 20 to 24 years,F,Female,BR_L_W,Live births per woman,2020,,0.26,,USA,United States,A,Normal value,0,Units,2,Two
US04,Arizona,_Z,Not applicable,FERT_RATIO,Fertility rate,Y20T24,From 20 to 24 years,F,Female,BR_L_W,Live births per woman,2020,,0.33,,USA,United States,A,Normal value,0,Units,2,Two
US18,Indiana,_Z,Not applicable,FERT_RATIO,Fertility rate,Y20T24,From 20 to 24 years,F,Female,BR_L_W,Live births per woman,2020,,0.39,,USA,United States,A,Normal value,0,Units,2,Two
US38,North Dakota,_Z,Not applicable,FERT_RATIO,Fertility rate,Y20T24,From 20 to 24 years,F,Female,BR_L_W,Live births per woman,2020,,0.31,,USA,United States,A,Normal value,0,Units,2,Two
US02,Alaska,_Z,Not applicable,FERT_RATIO,Fertility rate,Y20T24,From 20 to 24 years,F,Female,BR_L_W,Live births per woman,2020,,0.46,,USA,United States,A,Normal value,0,Units,2,Two
US44,Rhode Island,_Z,Not applicable,FERT_RATIO,Fertility rate,Y20T24,From 20 to 24 years,F,Female,BR_L_W,Live births per woman,2020,,0.2,,USA,United States,A,Normal value,0,Units,2,Two
US19,Iowa,_Z,Not applicable,FERT_RATIO,Fertility rate,Y20T24,From 20 to 24 years,F,Female,BR_L_W,Live births per woman,2020,,0.31,,USA,United States,A,Normal value,0,Units,2,Two
US36,New York,_Z,Not applicable,FERT_RATIO,Fertility rate,Y20T24,From 20 to 24 years,F,Female,BR_L_W,Live births per woman,2020,,0.24,,USA,United States,A,Normal value,0,Units,2,Two
US47,Tennessee,_Z,Not applicable,FERT_RATIO,Fertility rate,Y20T24,From 20 to 24 years,F,Female,BR_L_W,Live births per woman,2020,,0.41,,USA,United States,A,Normal value,0,Units,2,Two
US25,Massachusetts,_Z,Not applicable,FERT_RATIO,Fertility rate,Y20T24,From 20 to 24 years,F,Female,BR_L_W,Live births per woman,2020,,0.14,,USA,United States,A,Normal value,0,Units,2,Two
US35,New Mexico,_Z,Not applicable,FERT_RATIO,Fertility rate,Y20T24,From 20 to 24 years,F,Female,BR_L_W,Live births per woman,2020,,0.39,,USA,United States,A,Normal value,0,Units,2,Two
US53,Washington,_Z,Not applicable,FERT_RATIO,Fertility rate,Y20T24,From 20 to 24 years,F,Female,BR_L_W,Live births per woman,2020,,0.28,,USA,United States,A,Normal value,0,Units,2,Two
US54,West Virginia,_Z,Not applicable,FERT_RATIO,Fertility rate,Y20T24,From 20 to 24 years,F,Female,BR_L_W,Live births per woman,2020,,0.44,,USA,United States,A,Normal value,0,Units,2,Two
US27,Minnesota,_Z,Not applicable,FERT_RATIO,Fertility rate,Y20T24,From 20 to 24 years,F,Female,BR_L_W,Live births per woman,2020,,0.23,,USA,United States,A,Normal value,0,Units,2,Two
US40,Oklahoma,_Z,Not applicable,FERT_RATIO,Fertility rate,Y20T24,From 20 to 24 years,F,Female,BR_L_W,Live births per woman,2020,,0.46,,USA,United States,A,Normal value,0,Units,2,Two
US30,Montana,_Z,Not applicable,FERT_RATIO,Fertility rate,Y20T24,From 20 to 24 years,F,Female,BR_L_W,Live births per woman,2020,,0.31,,USA,United States,A,Normal value,0,Units,2,Two
US12,Florida,_Z,Not applicable,FERT_RATIO,Fertility rate,Y20T24,From 20 to 24 years,F,Female,BR_L_W,Live births per woman,2020,,0.3,,USA,United States,A,Normal value,0,Units,2,Two
US48,Texas,_Z,Not applicable,FERT_RATIO,Fertility rate,Y20T24,From 20 to 24 years,F,Female,BR_L_W,Live births per woman,2020,,0.4,,USA,United States,A,Normal value,0,Units,2,Two
US24,Maryland,_Z,Not applicable,FERT_RATIO,Fertility rate,Y20T24,From 20 to 24 years,F,Female,BR_L_W,Live births per woman,2020,,0.26,,USA,United States,A,Normal value,0,Units,2,Two
US37,North Carolina,_Z,Not applicable,FERT_RATIO,Fertility rate,Y20T24,From 20 to 24 years,F,Female,BR_L_W,Live births per woman,2020,,0.35,,USA,United States,A,Normal value,0,Units,2,Two
US11,District of Columbia,_Z,Not applicable,FERT_RATIO,Fertility rate,Y20T24,From 20 to 24 years,F,Female,BR_L_W,Live births per woman,2020,,0.2,,USA,United States,A,Normal value,0,Units,2,Two
US10,Delaware,_Z,Not applicable,FERT_RATIO,Fertility rate,Y20T24,From 20 to 24 years,F,Female,BR_L_W,Live births per woman,2020,,0.32,,USA,United States,A,Normal value,0,Units,2,Two
US16,Idaho,_Z,Not applicable,FERT_RATIO,Fertility rate,Y20T24,From 20 to 24 years,F,Female,BR_L_W,Live births per woman,2020,,0.43,,USA,United States,A,Normal value,0,Units,2,Two
US08,Colorado,_Z,Not applicable,FERT_RATIO,Fertility rate,Y20T24,From 20 to 24 years,F,Female,BR_L_W,Live births per woman,2020,,0.28,,USA,United States,A,Normal value,0,Units,2,Two
US42,Pennsylvania,_Z,Not applicable,FERT_RATIO,Fertility rate,Y15T19,From 15 to 19 years,F,Female,BR_L_W,Live births per woman,2020,,0.06,,USA,United States,A,Normal value,0,Units,2,Two
US51,Virginia,_Z,Not applicable,FERT_RATIO,Fertility rate,Y15T19,From 15 to 19 years,F,Female,BR_L_W,Live births per woman,2020,,0.07,,USA,United States,A,Normal value,0,Units,2,Two
US02,Alaska,_Z,Not applicable,FERT_RATIO,Fertility rate,Y15T19,From 15 to 19 years,F,Female,BR_L_W,Live births per woman,2020,,0.09,,USA,United States,A,Normal value,0,Units,2,Two
US26,Michigan,_Z,Not applicable,FERT_RATIO,Fertility rate,Y15T19,From 15 to 19 years,F,Female,BR_L_W,Live births per woman,2020,,0.07,,USA,United States,A,Normal value,0,Units,2,Two
US20,Kansas,_Z,Not applicable,FERT_RATIO,Fertility rate,Y15T19,From 15 to 19 years,F,Female,BR_L_W,Live births per woman,2020,,0.09,,USA,United States,A,Normal value,0,Units,2,Two
US37,North Carolina,_Z,Not applicable,FERT_RATIO,Fertility rate,Y15T19,From 15 to 19 years,F,Female,BR_L_W,Live births per woman,2020,,0.09,,USA,United States,A,Normal value,0,Units,2,Two
US11,District of Columbia,_Z,Not applicable,FERT_RATIO,Fertility rate,Y15T19,From 15 to 19 years,F,Female,BR_L_W,Live births per woman,2020,,0.08,,USA,United States,A,Normal value,0,Units,2,Two
US44,Rhode Island,_Z,Not applicable,FERT_RATIO,Fertility rate,Y15T19,From 15 to 19 years,F,Female,BR_L_W,Live births per woman,2020,,0.05,,USA,United States,A,Normal value,0,Units,2,Two
US29,Missouri,_Z,Not applicable,FERT_RATIO,Fertility rate,Y15T19,From 15 to 19 years,F,Female,BR_L_W,Live births per woman,2020,,0.09,,USA,United States,A,Normal value,0,Units,2,Two
US25,Massachusetts,_Z,Not applicable,FERT_RATIO,Fertility rate,Y15T19,From 15 to 19 years,F,Female,BR_L_W,Live births per woman,2020,,0.03,,USA,United States,A,Normal value,0,Units,2,Two
US30,Montana,_Z,Not applicable,FERT_RATIO,Fertility rate,Y15T19,From 15 to 19 years,F,Female,BR_L_W,Live births per woman,2020,,0.07,,USA,United States,A,Normal value,0,Units,2,Two
US32,Nevada,_Z,Not applicable,FERT_RATIO,Fertility rate,Y15T19,From 15 to 19 years,F,Female,BR_L_W,Live births per woman,2020,,0.08,,USA,United States,A,Normal value,0,Units,2,Two
US04,Arizona,_Z,Not applicable,FERT_RATIO,Fertility rate,Y15T19,From 15 to 19 years,F,Female,BR_L_W,Live births per woman,2020,,0.08,,USA,United States,A,Normal value,0,Units,2,Two
US31,Nebraska,_Z,Not applicable,FERT_RATIO,Fertility rate,Y15T19,From 15 to 19 years,F,Female,BR_L_W,Live births per woman,2020,,0.08,,USA,United States,A,Normal value,0,Units,2,Two
US22,Louisiana,_Z,Not applicable,FERT_RATIO,Fertility rate,Y15T19,From 15 to 19 years,F,Female,BR_L_W,Live births per woman,2020,,0.13,,USA,United States,A,Normal value,0,Units,2,Two
US21,Kentucky,_Z,Not applicable,FERT_RATIO,Fertility rate,Y15T19,From 15 to 19 years,F,Female,BR_L_W,Live births per woman,2020,,0.12,,USA,United States,A,Normal value,0,Units,2,Two
US16,Idaho,_Z,Not applicable,FERT_RATIO,Fertility rate,Y15T19,From 15 to 19 years,F,Female,BR_L_W,Live births per woman,2020,,0.07,,USA,United States,A,Normal value,0,Units,2,Two
US08,Colorado,_Z,Not applicable,FERT_RATIO,Fertility rate,Y15T19,From 15 to 19 years,F,Female,BR_L_W,Live births per woman,2020,,0.06,,USA,United States,A,Normal value,0,Units,2,Two
US45,South Carolina,_Z,Not applicable,FERT_RATIO,Fertility rate,Y15T19,From 15 to 19 years,F,Female,BR_L_W,Live births per woman,2020,,0.1,,USA,United States,A,Normal value,0,Units,2,Two
US48,Texas,_Z,Not applicable,FERT_RATIO,Fertility rate,Y15T19,From 15 to 19 years,F,Female,BR_L_W,Live births per woman,2020,,0.11,,USA,United States,A,Normal value,0,Units,2,Two
US17,Illinois,_Z,Not applicable,FERT_RATIO,Fertility rate,Y15T19,From 15 to 19 years,F,Female,BR_L_W,Live births per woman,2020,,0.07,,USA,United States,A,Normal value,0,Units,2,Two
US06,California,_Z,Not applicable,FERT_RATIO,Fertility rate,Y15T19,From 15 to 19 years,F,Female,BR_L_W,Live births per woman,2020,,0.06,,USA,United States,A,Normal value,0,Units,2,Two
US15,Hawaii,_Z,Not applicable,FERT_RATIO,Fertility rate,Y15T19,From 15 to 19 years,F,Female,BR_L_W,Live births per woman,2020,,0.07,,USA,United States,A,Normal value,0,Units,2,Two
US50,Vermont,_Z,Not applicable,FERT_RATIO,Fertility rate,Y15T19,From 15 to 19 years,F,Female,BR_L_W,Live births per woman,2020,,0.04,,USA,United States,A,Normal value,0,Units,2,Two
US54,West Virginia,_Z,Not applicable,FERT_RATIO,Fertility rate,Y15T19,From 15 to 19 years,F,Female,BR_L_W,Live births per woman,2020,,0.11,,USA,United States,A,Normal value,0,Units,2,Two
US12,Florida,_Z,Not applicable,FERT_RATIO,Fertility rate,Y15T19,From 15 to 19 years,F,Female,BR_L_W,Live births per woman,2020,,0.08,,USA,United States,A,Normal value,0,Units,2,Two
US41,Oregon,_Z,Not applicable,FERT_RATIO,Fertility rate,Y15T19,From 15 to 19 years,F,Female,BR_L_W,Live births per woman,2020,,0.05,,USA,United States,A,Normal value,0,Units,2,Two
US47,Tennessee,_Z,Not applicable,FERT_RATIO,Fertility rate,Y15T19,From 15 to 19 years,F,Female,BR_L_W,Live births per woman,2020,,0.12,,USA,United States,A,Normal value,0,Units,2,Two
US49,Utah,_Z,Not applicable,FERT_RATIO,Fertility rate,Y15T19,From 15 to 19 years,F,Female,BR_L_W,Live births per woman,2020,,0.05,,USA,United States,A,Normal value,0,Units,2,Two
US10,Delaware,_Z,Not applicable,FERT_RATIO,Fertility rate,Y15T19,From 15 to 19 years,F,Female,BR_L_W,Live births per woman,2020,,0.07,,USA,United States,A,Normal value,0,Units,2,Two
US35,New Mexico,_Z,Not applicable,FERT_RATIO,Fertility rate,Y15T19,From 15 to 19 years,F,Female,BR_L_W,Live births per woman,2020,,0.11,,USA,United States,A,Normal value,0,Units,2,Two
US18,Indiana,_Z,Not applicable,FERT_RATIO,Fertility rate,Y15T19,From 15 to 19 years,F,Female,BR_L_W,Live births per woman,2020,,0.09,,USA,United States,A,Normal value,0,Units,2,Two
US01,Alabama,_Z,Not applicable,FERT_RATIO,Fertility rate,Y15T19,From 15 to 19 years,F,Female,BR_L_W,Live births per woman,2020,,0.13,,USA,United States,A,Normal value,0,Units,2,Two
US34,New Jersey,_Z,Not applicable,FERT_RATIO,Fertility rate,Y15T19,From 15 to 19 years,F,Female,BR_L_W,Live births per woman,2020,,0.05,,USA,United States,A,Normal value,0,Units,2,Two
US27,Minnesota,_Z,Not applicable,FERT_RATIO,Fertility rate,Y15T19,From 15 to 19 years,F,Female,BR_L_W,Live births per woman,2020,,0.05,,USA,United States,A,Normal value,0,Units,2,Two
US56,Wyoming,_Z,Not applicable,FERT_RATIO,Fertility rate,Y15T19,From 15 to 19 years,F,Female,BR_L_W,Live births per woman,2020,,0.09,,USA,United States,A,Normal value,0,Units,2,Two
US40,Oklahoma,_Z,Not applicable,FERT_RATIO,Fertility rate,Y15T19,From 15 to 19 years,F,Female,BR_L_W,Live births per woman,2020,,0.13,,USA,United States,A,Normal value,0,Units,2,Two
US24,Maryland,_Z,Not applicable,FERT_RATIO,Fertility rate,Y15T19,From 15 to 19 years,F,Female,BR_L_W,Live births per woman,2020,,0.07,,USA,United States,A,Normal value,0,Units,2,Two
US09,Connecticut,_Z,Not applicable,FERT_RATIO,Fertility rate,Y15T19,From 15 to 19 years,F,Female,BR_L_W,Live births per woman,2020,,0.04,,USA,United States,A,Normal value,0,Units,2,Two
US46,South Dakota,_Z,Not applicable,FERT_RATIO,Fertility rate,Y15T19,From 15 to 19 years,F,Female,BR_L_W,Live births per woman,2020,,0.09,,USA,United States,A,Normal value,0,Units,2,Two
US19,Iowa,_Z,Not applicable,FERT_RATIO,Fertility rate,Y15T19,From 15 to 19 years,F,Female,BR_L_W,Live births per woman,2020,,0.07,,USA,United States,A,Normal value,0,Units,2,Two
US38,North Dakota,_Z,Not applicable,FERT_RATIO,Fertility rate,Y15T19,From 15 to 19 years,F,Female,BR_L_W,Live births per woman,2020,,0.07,,USA,United States,A,Normal value,0,Units,2,Two
US05,Arkansas,_Z,Not applicable,FERT_RATIO,Fertility rate,Y15T19,From 15 to 19 years,F,Female,BR_L_W,Live births per woman,2020,,0.14,,USA,United States,A,Normal value,0,Units,2,Two
US55,Wisconsin,_Z,Not applicable,FERT_RATIO,Fertility rate,Y15T19,From 15 to 19 years,F,Female,BR_L_W,Live births per woman,2020,,0.06,,USA,United States,A,Normal value,0,Units,2,Two
US23,Maine,_Z,Not applicable,FERT_RATIO,Fertility rate,Y15T19,From 15 to 19 years,F,Female,BR_L_W,Live births per woman,2020,,0.05,,USA,United States,A,Normal value,0,Units,2,Two
US39,Ohio,_Z,Not applicable,FERT_RATIO,Fertility rate,Y15T19,From 15 to 19 years,F,Female,BR_L_W,Live births per woman,2020,,0.09,,USA,United States,A,Normal value,0,Units,2,Two
US13,Georgia,_Z,Not applicable,FERT_RATIO,Fertility rate,Y15T19,From 15 to 19 years,F,Female,BR_L_W,Live births per woman,2020,,0.09,,USA,United States,A,Normal value,0,Units,2,Two
US53,Washington,_Z,Not applicable,FERT_RATIO,Fertility rate,Y15T19,From 15 to 19 years,F,Female,BR_L_W,Live births per woman,2020,,0.06,,USA,United States,A,Normal value,0,Units,2,Two
US33,New Hampshire,_Z,Not applicable,FERT_RATIO,Fertility rate,Y15T19,From 15 to 19 years,F,Female,BR_L_W,Live births per woman,2020,,0.03,,USA,United States,A,Normal value,0,Units,2,Two
US36,New York,_Z,Not applicable,FERT_RATIO,Fertility rate,Y15T19,From 15 to 19 years,F,Female,BR_L_W,Live births per woman,2020,,0.05,,USA,United States,A,Normal value,0,Units,2,Two
US28,Mississippi,_Z,Not applicable,FERT_RATIO,Fertility rate,Y15T19,From 15 to 19 years,F,Female,BR_L_W,Live births per woman,2020,,0.14,,USA,United States,A,Normal value,0,Units,2,Two
US40,Oklahoma,_Z,Not applicable,FERT_RATIO,Fertility rate,_T,Total,F,Female,BR_L_W,Live births per woman,2020,,1.7935,,USA,United States,A,Normal value,0,Units,2,Two
US21,Kentucky,_Z,Not applicable,FERT_RATIO,Fertility rate,_T,Total,F,Female,BR_L_W,Live births per woman,2020,,1.798,,USA,United States,A,Normal value,0,Units,2,Two
US10,Delaware,_Z,Not applicable,FERT_RATIO,Fertility rate,_T,Total,F,Female,BR_L_W,Live births per woman,2020,,1.6715,,USA,United States,A,Normal value,0,Units,2,Two
US47,Tennessee,_Z,Not applicable,FERT_RATIO,Fertility rate,_T,Total,F,Female,BR_L_W,Live births per woman,2020,,1.7035,,USA,United States,A,Normal value,0,Units,2,Two
US27,Minnesota,_Z,Not applicable,FERT_RATIO,Fertility rate,_T,Total,F,Female,BR_L_W,Live births per woman,2020,,1.7195,,USA,United States,A,Normal value,0,Units,2,Two
US08,Colorado,_Z,Not applicable,FERT_RATIO,Fertility rate,_T,Total,F,Female,BR_L_W,Live births per woman,2020,,1.481,,USA,United States,A,Normal value,0,Units,2,Two
US55,Wisconsin,_Z,Not applicable,FERT_RATIO,Fertility rate,_T,Total,F,Female,BR_L_W,Live births per woman,2020,,1.662,,USA,United States,A,Normal value,0,Units,2,Two
US12,Florida,_Z,Not applicable,FERT_RATIO,Fertility rate,_T,Total,F,Female,BR_L_W,Live births per woman,2020,,1.566,,USA,United States,A,Normal value,0,Units,2,Two
US53,Washington,_Z,Not applicable,FERT_RATIO,Fertility rate,_T,Total,F,Female,BR_L_W,Live births per woman,2020,,1.5425,,USA,United States,A,Normal value,0,Units,2,Two
US41,Oregon,_Z,Not applicable,FERT_RATIO,Fertility rate,_T,Total,F,Female,BR_L_W,Live births per woman,2020,,1.385,,USA,United States,A,Normal value,0,Units,2,Two
US29,Missouri,_Z,Not applicable,FERT_RATIO,Fertility rate,_T,Total,F,Female,BR_L_W,Live births per woman,2020,,1.7195,,USA,United States,A,Normal value,0,Units,2,Two
US31,Nebraska,_Z,Not applicable,FERT_RATIO,Fertility rate,_T,Total,F,Female,BR_L_W,Live births per woman,2020,,1.9355,,USA,United States,A,Normal value,0,Units,2,Two
US56,Wyoming,_Z,Not applicable,FERT_RATIO,Fertility rate,_T,Total,F,Female,BR_L_W,Live births per woman,2020,,1.685,,USA,United States,A,Normal value,0,Units,2,Two
US18,Indiana,_Z,Not applicable,FERT_RATIO,Fertility rate,_T,Total,F,Female,BR_L_W,Live births per woman,2020,,1.7665,,USA,United States,A,Normal value,0,Units,2,Two
US06,California,_Z,Not applicable,FERT_RATIO,Fertility rate,_T,Total,F,Female,BR_L_W,Live births per woman,2020,,1.517,,USA,United States,A,Normal value,0,Units,2,Two
US44,Rhode Island,_Z,Not applicable,FERT_RATIO,Fertility rate,_T,Total,F,Female,BR_L_W,Live births per woman,2020,,1.425,,USA,United States,A,Normal value,0,Units,2,Two
US54,West Virginia,_Z,Not applicable,FERT_RATIO,Fertility rate,_T,Total,F,Female,BR_L_W,Live births per woman,2020,,1.654,,USA,United States,A,Normal value,0,Units,2,Two
US34,New Jersey,_Z,Not applicable,FERT_RATIO,Fertility rate,_T,Total,F,Female,BR_L_W,Live births per woman,2020,,1.736,,USA,United States,A,Normal value,0,Units,2,Two
US05,Arkansas,_Z,Not applicable,FERT_RATIO,Fertility rate,_T,Total,F,Female,BR_L_W,Live births per woman,2020,,1.7885,,USA,United States,A,Normal value,0,Units,2,Two
US32,Nevada,_Z,Not applicable,FERT_RATIO,Fertility rate,_T,Total,F,Female,BR_L_W,Live births per woman,2020,,1.597,,USA,United States,A,Normal value,0,Units,2,Two
US37,North Carolina,_Z,Not applicable,FERT_RATIO,Fertility rate,_T,Total,F,Female,BR_L_W,Live births per woman,2020,,1.66,,USA,United States,A,Normal value,0,Units,2,Two
US01,Alabama,_Z,Not applicable,FERT_RATIO,Fertility rate,_T,Total,F,Female,BR_L_W,Live births per woman,2020,,1.7815,,USA,United States,A,Normal value,0,Units,2,Two
US13,Georgia,_Z,Not applicable,FERT_RATIO,Fertility rate,_T,Total,F,Female,BR_L_W,Live births per woman,2020,,1.6525,,USA,United States,A,Normal value,0,Units,2,Two
US23,Maine,_Z,Not applicable,FERT_RATIO,Fertility rate,_T,Total,F,Female,BR_L_W,Live births per woman,2020,,1.45,,USA,United States,A,Normal value,0,Units,2,Two
US38,North Dakota,_Z,Not applicable,FERT_RATIO,Fertility rate,_T,Total,F,Female,BR_L_W,Live births per woman,2020,,1.9255,,USA,United States,A,Normal value,0,Units,2,Two
US02,Alaska,_Z,Not applicable,FERT_RATIO,Fertility rate,_T,Total,F,Female,BR_L_W,Live births per woman,2020,,1.888,,USA,United States,A,Normal value,0,Units,2,Two
US09,Connecticut,_Z,Not applicable,FERT_RATIO,Fertility rate,_T,Total,F,Female,BR_L_W,Live births per woman,2020,,1.5075,,USA,United States,A,Normal value,0,Units,2,Two
US42,Pennsylvania,_Z,Not applicable,FERT_RATIO,Fertility rate,_T,Total,F,Female,BR_L_W,Live births per woman,2020,,1.607,,USA,United States,A,Normal value,0,Units,2,Two
US16,Idaho,_Z,Not applicable,FERT_RATIO,Fertility rate,_T,Total,F,Female,BR_L_W,Live births per woman,2020,,1.835,,USA,United States,A,Normal value,0,Units,2,Two
US24,Maryland,_Z,Not applicable,FERT_RATIO,Fertility rate,_T,Total,F,Female,BR_L_W,Live births per woman,2020,,1.6915,,USA,United States,A,Normal value,0,Units,2,Two
US35,New Mexico,_Z,Not applicable,FERT_RATIO,Fertility rate,_T,Total,F,Female,BR_L_W,Live births per woman,2020,,1.611,,USA,United States,A,Normal value,0,Units,2,Two
US28,Mississippi,_Z,Not applicable,FERT_RATIO,Fertility rate,_T,Total,F,Female,BR_L_W,Live births per woman,2020,,1.807,,USA,United States,A,Normal value,0,Units,2,Two
US36,New York,_Z,Not applicable,FERT_RATIO,Fertility rate,_T,Total,F,Female,BR_L_W,Live births per woman,2020,,1.5675,,USA,United States,A,Normal value,0,Units,2,Two
US04,Arizona,_Z,Not applicable,FERT_RATIO,Fertility rate,_T,Total,F,Female,BR_L_W,Live births per woman,2020,,1.582,,USA,United States,A,Normal value,0,Units,2,Two
US49,Utah,_Z,Not applicable,FERT_RATIO,Fertility rate,_T,Total,F,Female,BR_L_W,Live births per woman,2020,,1.9165,,USA,United States,A,Normal value,0,Units,2,Two
US51,Virginia,_Z,Not applicable,FERT_RATIO,Fertility rate,_T,Total,F,Female,BR_L_W,Live births per woman,2020,,1.641,,USA,United States,A,Normal value,0,Units,2,Two
US22,Louisiana,_Z,Not applicable,FERT_RATIO,Fertility rate,_T,Total,F,Female,BR_L_W,Live births per woman,2020,,1.827,,USA,United States,A,Normal value,0,Units,2,Two
US50,Vermont,_Z,Not applicable,FERT_RATIO,Fertility rate,_T,Total,F,Female,BR_L_W,Live births per woman,2020,,1.3585,,USA,United States,A,Normal value,0,Units,2,Two
US26,Michigan,_Z,Not applicable,FERT_RATIO,Fertility rate,_T,Total,F,Female,BR_L_W,Live births per woman,2020,,1.631,,USA,United States,A,Normal value,0,Units,2,Two
US33,New Hampshire,_Z,Not applicable,FERT_RATIO,Fertility rate,_T,Total,F,Female,BR_L_W,Live births per woman,2020,,1.407,,USA,United States,A,Normal value,0,Units,2,Two
US48,Texas,_Z,Not applicable,FERT_RATIO,Fertility rate,_T,Total,F,Female,BR_L_W,Live births per woman,2020,,1.7815,,USA,United States,A,Normal value,0,Units,2,Two
US19,Iowa,_Z,Not applicable,FERT_RATIO,Fertility rate,_T,Total,F,Female,BR_L_W,Live births per woman,2020,,1.8165,,USA,United States,A,Normal value,0,Units,2,Two
US15,Hawaii,_Z,Not applicable,FERT_RATIO,Fertility rate,_T,Total,F,Female,BR_L_W,Live births per woman,2020,,1.769,,USA,United States,A,Normal value,0,Units,2,Two
US20,Kansas,_Z,Not applicable,FERT_RATIO,Fertility rate,_T,Total,F,Female,BR_L_W,Live births per woman,2020,,1.821,,USA,United States,A,Normal value,0,Units,2,Two
US11,District of Columbia,_Z,Not applicable,FERT_RATIO,Fertility rate,_T,Total,F,Female,BR_L_W,Live births per woman,2020,,1.2705,,USA,United States,A,Normal value,0,Units,2,Two
US25,Massachusetts,_Z,Not applicable,FERT_RATIO,Fertility rate,_T,Total,F,Female,BR_L_W,Live births per woman,2020,,1.389,,USA,United States,A,Normal value,0,Units,2,Two
US17,Illinois,_Z,Not applicable,FERT_RATIO,Fertility rate,_T,Total,F,Female,BR_L_W,Live births per woman,2020,,1.585,,USA,United States,A,Normal value,0,Units,2,Two
US39,Ohio,_Z,Not applicable,FERT_RATIO,Fertility rate,_T,Total,F,Female,BR_L_W,Live births per woman,2020,,1.7125,,USA,United States,A,Normal value,0,Units,2,Two
US45,South Carolina,_Z,Not applicable,FERT_RATIO,Fertility rate,_T,Total,F,Female,BR_L_W,Live births per woman,2020,,1.643,,USA,United States,A,Normal value,0,Units,2,Two
US30,Montana,_Z,Not applicable,FERT_RATIO,Fertility rate,_T,Total,F,Female,BR_L_W,Live births per woman,2020,,1.595,,USA,United States,A,Normal value,0,Units,2,Two
US46,South Dakota,_Z,Not applicable,FERT_RATIO,Fertility rate,_T,Total,F,Female,BR_L_W,Live births per woman,2020,,1.9815,,USA,United States,A,Normal value,0,Units,2,Two
US11,District of Columbia,_Z,Not applicable,FERT_RATIO,Fertility rate,Y40T44,From 40 to 44 years,F,Female,BR_L_W,Live births per woman,2021,,0.12,,USA,United States,A,Normal value,0,Units,2,Two
US02,Alaska,_Z,Not applicable,FERT_RATIO,Fertility rate,Y40T44,From 40 to 44 years,F,Female,BR_L_W,Live births per woman,2021,,0.07,,USA,United States,A,Normal value,0,Units,2,Two
US25,Massachusetts,_Z,Not applicable,FERT_RATIO,Fertility rate,Y40T44,From 40 to 44 years,F,Female,BR_L_W,Live births per woman,2021,,0.08,,USA,United States,A,Normal value,0,Units,2,Two
US51,Virginia,_Z,Not applicable,FERT_RATIO,Fertility rate,Y40T44,From 40 to 44 years,F,Female,BR_L_W,Live births per woman,2021,,0.07,,USA,United States,A,Normal value,0,Units,2,Two
US34,New Jersey,_Z,Not applicable,FERT_RATIO,Fertility rate,Y40T44,From 40 to 44 years,F,Female,BR_L_W,Live births per woman,2021,,0.09,,USA,United States,A,Normal value,0,Units,2,Two
US09,Connecticut,_Z,Not applicable,FERT_RATIO,Fertility rate,Y40T44,From 40 to 44 years,F,Female,BR_L_W,Live births per woman,2021,,0.07,,USA,United States,A,Normal value,0,Units,2,Two
US24,Maryland,_Z,Not applicable,FERT_RATIO,Fertility rate,Y40T44,From 40 to 44 years,F,Female,BR_L_W,Live births per woman,2021,,0.08,,USA,United States,A,Normal value,0,Units,2,Two
US36,New York,_Z,Not applicable,FERT_RATIO,Fertility rate,Y40T44,From 40 to 44 years,F,Female,BR_L_W,Live births per woman,2021,,0.09,,USA,United States,A,Normal value,0,Units,2,Two
US06,California,_Z,Not applicable,FERT_RATIO,Fertility rate,Y40T44,From 40 to 44 years,F,Female,BR_L_W,Live births per woman,2021,,0.08,,USA,United States,A,Normal value,0,Units,2,Two
US15,Hawaii,_Z,Not applicable,FERT_RATIO,Fertility rate,Y40T44,From 40 to 44 years,F,Female,BR_L_W,Live births per woman,2021,,0.08,,USA,United States,A,Normal value,0,Units,2,Two
US54,West Virginia,_Z,Not applicable,FERT_RATIO,Fertility rate,Y40T44,From 40 to 44 years,F,Female,BR_L_W,Live births per woman,2021,,0.03,,USA,United States,A,Normal value,0,Units,2,Two
US32,Nevada,_Z,Not applicable,FERT_RATIO,Fertility rate,Y40T44,From 40 to 44 years,F,Female,BR_L_W,Live births per woman,2021,,0.06,,USA,United States,A,Normal value,0,Units,2,Two
US10,Delaware,_Z,Not applicable,FERT_RATIO,Fertility rate,Y40T44,From 40 to 44 years,F,Female,BR_L_W,Live births per woman,2021,,0.06,,USA,United States,A,Normal value,0,Units,2,Two
US12,Florida,_Z,Not applicable,FERT_RATIO,Fertility rate,Y40T44,From 40 to 44 years,F,Female,BR_L_W,Live births per woman,2021,,0.06,,USA,United States,A,Normal value,0,Units,2,Two
US48,Texas,_Z,Not applicable,FERT_RATIO,Fertility rate,Y40T44,From 40 to 44 years,F,Female,BR_L_W,Live births per woman,2021,,0.06,,USA,United States,A,Normal value,0,Units,2,Two
US44,Rhode Island,_Z,Not applicable,FERT_RATIO,Fertility rate,Y40T44,From 40 to 44 years,F,Female,BR_L_W,Live births per woman,2021,,0.06,,USA,United States,A,Normal value,0,Units,2,Two
US27,Minnesota,_Z,Not applicable,FERT_RATIO,Fertility rate,Y40T44,From 40 to 44 years,F,Female,BR_L_W,Live births per woman,2021,,0.06,,USA,United States,A,Normal value,0,Units,2,Two
US17,Illinois,_Z,Not applicable,FERT_RATIO,Fertility rate,Y40T44,From 40 to 44 years,F,Female,BR_L_W,Live births per woman,2021,,0.06,,USA,United States,A,Normal value,0,Units,2,Two
US53,Washington,_Z,Not applicable,FERT_RATIO,Fertility rate,Y40T44,From 40 to 44 years,F,Female,BR_L_W,Live births per woman,2021,,0.06,,USA,United States,A,Normal value,0,Units,2,Two
US41,Oregon,_Z,Not applicable,FERT_RATIO,Fertility rate,Y40T44,From 40 to 44 years,F,Female,BR_L_W,Live births per woman,2021,,0.06,,USA,United States,A,Normal value,0,Units,2,Two
US08,Colorado,_Z,Not applicable,FERT_RATIO,Fertility rate,Y40T44,From 40 to 44 years,F,Female,BR_L_W,Live births per woman,2021,,0.06,,USA,United States,A,Normal value,0,Units,2,Two
US31,Nebraska,_Z,Not applicable,FERT_RATIO,Fertility rate,Y40T44,From 40 to 44 years,F,Female,BR_L_W,Live births per woman,2021,,0.05,,USA,United States,A,Normal value,0,Units,2,Two
US37,North Carolina,_Z,Not applicable,FERT_RATIO,Fertility rate,Y40T44,From 40 to 44 years,F,Female,BR_L_W,Live births per woman,2021,,0.05,,USA,United States,A,Normal value,0,Units,2,Two
US16,Idaho,_Z,Not applicable,FERT_RATIO,Fertility rate,Y40T44,From 40 to 44 years,F,Female,BR_L_W,Live births per woman,2021,,0.05,,USA,United States,A,Normal value,0,Units,2,Two
US26,Michigan,_Z,Not applicable,FERT_RATIO,Fertility rate,Y40T44,From 40 to 44 years,F,Female,BR_L_W,Live births per woman,2021,,0.05,,USA,United States,A,Normal value,0,Units,2,Two
US42,Pennsylvania,_Z,Not applicable,FERT_RATIO,Fertility rate,Y40T44,From 40 to 44 years,F,Female,BR_L_W,Live births per woman,2021,,0.05,,USA,United States,A,Normal value,0,Units,2,Two
US55,Wisconsin,_Z,Not applicable,FERT_RATIO,Fertility rate,Y40T44,From 40 to 44 years,F,Female,BR_L_W,Live births per woman,2021,,0.05,,USA,United States,A,Normal value,0,Units,2,Two
US49,Utah,_Z,Not applicable,FERT_RATIO,Fertility rate,Y40T44,From 40 to 44 years,F,Female,BR_L_W,Live births per woman,2021,,0.05,,USA,United States,A,Normal value,0,Units,2,Two
US13,Georgia,_Z,Not applicable,FERT_RATIO,Fertility rate,Y40T44,From 40 to 44 years,F,Female,BR_L_W,Live births per woman,2021,,0.05,,USA,United States,A,Normal value,0,Units,2,Two
US04,Arizona,_Z,Not applicable,FERT_RATIO,Fertility rate,Y40T44,From 40 to 44 years,F,Female,BR_L_W,Live births per woman,2021,,0.05,,USA,United States,A,Normal value,0,Units,2,Two
US47,Tennessee,_Z,Not applicable,FERT_RATIO,Fertility rate,Y40T44,From 40 to 44 years,F,Female,BR_L_W,Live births per woman,2021,,0.05,,USA,United States,A,Normal value,0,Units,2,Two
US50,Vermont,_Z,Not applicable,FERT_RATIO,Fertility rate,Y40T44,From 40 to 44 years,F,Female,BR_L_W,Live births per woman,2021,,0.05,,USA,United States,A,Normal value,0,Units,2,Two
US38,North Dakota,_Z,Not applicable,FERT_RATIO,Fertility rate,Y40T44,From 40 to 44 years,F,Female,BR_L_W,Live births per woman,2021,,0.05,,USA,United States,A,Normal value,0,Units,2,Two
US45,South Carolina,_Z,Not applicable,FERT_RATIO,Fertility rate,Y40T44,From 40 to 44 years,F,Female,BR_L_W,Live births per woman,2021,,0.05,,USA,United States,A,Normal value,0,Units,2,Two
US33,New Hampshire,_Z,Not applicable,FERT_RATIO,Fertility rate,Y40T44,From 40 to 44 years,F,Female,BR_L_W,Live births per woman,2021,,0.05,,USA,United States,A,Normal value,0,Units,2,Two
US23,Maine,_Z,Not applicable,FERT_RATIO,Fertility rate,Y40T44,From 40 to 44 years,F,Female,BR_L_W,Live births per woman,2021,,0.05,,USA,United States,A,Normal value,0,Units,2,Two
US20,Kansas,_Z,Not applicable,FERT_RATIO,Fertility rate,Y40T44,From 40 to 44 years,F,Female,BR_L_W,Live births per woman,2021,,0.04,,USA,United States,A,Normal value,0,Units,2,Two
US46,South Dakota,_Z,Not applicable,FERT_RATIO,Fertility rate,Y40T44,From 40 to 44 years,F,Female,BR_L_W,Live births per woman,2021,,0.04,,USA,United States,A,Normal value,0,Units,2,Two
US22,Louisiana,_Z,Not applicable,FERT_RATIO,Fertility rate,Y40T44,From 40 to 44 years,F,Female,BR_L_W,Live births per woman,2021,,0.04,,USA,United States,A,Normal value,0,Units,2,Two
US28,Mississippi,_Z,Not applicable,FERT_RATIO,Fertility rate,Y40T44,From 40 to 44 years,F,Female,BR_L_W,Live births per woman,2021,,0.04,,USA,United States,A,Normal value,0,Units,2,Two
US01,Alabama,_Z,Not applicable,FERT_RATIO,Fertility rate,Y40T44,From 40 to 44 years,F,Female,BR_L_W,Live births per woman,2021,,0.04,,USA,United States,A,Normal value,0,Units,2,Two
US29,Missouri,_Z,Not applicable,FERT_RATIO,Fertility rate,Y40T44,From 40 to 44 years,F,Female,BR_L_W,Live births per woman,2021,,0.04,,USA,United States,A,Normal value,0,Units,2,Two
US35,New Mexico,_Z,Not applicable,FERT_RATIO,Fertility rate,Y40T44,From 40 to 44 years,F,Female,BR_L_W,Live births per woman,2021,,0.04,,USA,United States,A,Normal value,0,Units,2,Two
US30,Montana,_Z,Not applicable,FERT_RATIO,Fertility rate,Y40T44,From 40 to 44 years,F,Female,BR_L_W,Live births per woman,2021,,0.04,,USA,United States,A,Normal value,0,Units,2,Two
US18,Indiana,_Z,Not applicable,FERT_RATIO,Fertility rate,Y40T44,From 40 to 44 years,F,Female,BR_L_W,Live births per woman,2021,,0.04,,USA,United States,A,Normal value,0,Units,2,Two
US39,Ohio,_Z,Not applicable,FERT_RATIO,Fertility rate,Y40T44,From 40 to 44 years,F,Female,BR_L_W,Live births per woman,2021,,0.04,,USA,United States,A,Normal value,0,Units,2,Two
US56,Wyoming,_Z,Not applicable,FERT_RATIO,Fertility rate,Y40T44,From 40 to 44 years,F,Female,BR_L_W,Live births per woman,2021,,0.04,,USA,United States,A,Normal value,0,Units,2,Two
US21,Kentucky,_Z,Not applicable,FERT_RATIO,Fertility rate,Y40T44,From 40 to 44 years,F,Female,BR_L_W,Live births per woman,2021,,0.04,,USA,United States,A,Normal value,0,Units,2,Two
US19,Iowa,_Z,Not applicable,FERT_RATIO,Fertility rate,Y40T44,From 40 to 44 years,F,Female,BR_L_W,Live births per woman,2021,,0.04,,USA,United States,A,Normal value,0,Units,2,Two
US40,Oklahoma,_Z,Not applicable,FERT_RATIO,Fertility rate,Y40T44,From 40 to 44 years,F,Female,BR_L_W,Live births per woman,2021,,0.04,,USA,United States,A,Normal value,0,Units,2,Two
US05,Arkansas,_Z,Not applicable,FERT_RATIO,Fertility rate,Y40T44,From 40 to 44 years,F,Female,BR_L_W,Live births per woman,2021,,0.04,,USA,United States,A,Normal value,0,Units,2,Two
US11,District of Columbia,_Z,Not applicable,FERT_RATIO,Fertility rate,Y25T29,From 25 to 29 years,F,Female,BR_L_W,Live births per woman,2021,,0.21,,USA,United States,A,Normal value,0,Units,2,Two
US30,Montana,_Z,Not applicable,FERT_RATIO,Fertility rate,Y25T29,From 25 to 29 years,F,Female,BR_L_W,Live births per woman,2021,,0.5,,USA,United States,A,Normal value,0,Units,2,Two
US49,Utah,_Z,Not applicable,FERT_RATIO,Fertility rate,Y25T29,From 25 to 29 years,F,Female,BR_L_W,Live births per woman,2021,,0.67,,USA,United States,A,Normal value,0,Units,2,Two
US15,Hawaii,_Z,Not applicable,FERT_RATIO,Fertility rate,Y25T29,From 25 to 29 years,F,Female,BR_L_W,Live births per woman,2021,,0.45,,USA,United States,A,Normal value,0,Units,2,Two
US41,Oregon,_Z,Not applicable,FERT_RATIO,Fertility rate,Y25T29,From 25 to 29 years,F,Female,BR_L_W,Live births per woman,2021,,0.4,,USA,United States,A,Normal value,0,Units,2,Two
US12,Florida,_Z,Not applicable,FERT_RATIO,Fertility rate,Y25T29,From 25 to 29 years,F,Female,BR_L_W,Live births per woman,2021,,0.46,,USA,United States,A,Normal value,0,Units,2,Two
US16,Idaho,_Z,Not applicable,FERT_RATIO,Fertility rate,Y25T29,From 25 to 29 years,F,Female,BR_L_W,Live births per woman,2021,,0.61,,USA,United States,A,Normal value,0,Units,2,Two
US36,New York,_Z,Not applicable,FERT_RATIO,Fertility rate,Y25T29,From 25 to 29 years,F,Female,BR_L_W,Live births per woman,2021,,0.36,,USA,United States,A,Normal value,0,Units,2,Two
US54,West Virginia,_Z,Not applicable,FERT_RATIO,Fertility rate,Y25T29,From 25 to 29 years,F,Female,BR_L_W,Live births per woman,2021,,0.52,,USA,United States,A,Normal value,0,Units,2,Two
US31,Nebraska,_Z,Not applicable,FERT_RATIO,Fertility rate,Y25T29,From 25 to 29 years,F,Female,BR_L_W,Live births per woman,2021,,0.63,,USA,United States,A,Normal value,0,Units,2,Two
US17,Illinois,_Z,Not applicable,FERT_RATIO,Fertility rate,Y25T29,From 25 to 29 years,F,Female,BR_L_W,Live births per woman,2021,,0.41,,USA,United States,A,Normal value,0,Units,2,Two
US28,Mississippi,_Z,Not applicable,FERT_RATIO,Fertility rate,Y25T29,From 25 to 29 years,F,Female,BR_L_W,Live births per woman,2021,,0.58,,USA,United States,A,Normal value,0,Units,2,Two
US26,Michigan,_Z,Not applicable,FERT_RATIO,Fertility rate,Y25T29,From 25 to 29 years,F,Female,BR_L_W,Live births per woman,2021,,0.49,,USA,United States,A,Normal value,0,Units,2,Two
US37,North Carolina,_Z,Not applicable,FERT_RATIO,Fertility rate,Y25T29,From 25 to 29 years,F,Female,BR_L_W,Live births per woman,2021,,0.49,,USA,United States,A,Normal value,0,Units,2,Two
US35,New Mexico,_Z,Not applicable,FERT_RATIO,Fertility rate,Y25T29,From 25 to 29 years,F,Female,BR_L_W,Live births per woman,2021,,0.47,,USA,United States,A,Normal value,0,Units,2,Two
US27,Minnesota,_Z,Not applicable,FERT_RATIO,Fertility rate,Y25T29,From 25 to 29 years,F,Female,BR_L_W,Live births per woman,2021,,0.5,,USA,United States,A,Normal value,0,Units,2,Two
US47,Tennessee,_Z,Not applicable,FERT_RATIO,Fertility rate,Y25T29,From 25 to 29 years,F,Female,BR_L_W,Live births per woman,2021,,0.51,,USA,United States,A,Normal value,0,Units,2,Two
US19,Iowa,_Z,Not applicable,FERT_RATIO,Fertility rate,Y25T29,From 25 to 29 years,F,Female,BR_L_W,Live births per woman,2021,,0.62,,USA,United States,A,Normal value,0,Units,2,Two
US51,Virginia,_Z,Not applicable,FERT_RATIO,Fertility rate,Y25T29,From 25 to 29 years,F,Female,BR_L_W,Live births per woman,2021,,0.45,,USA,United States,A,Normal value,0,Units,2,Two
US38,North Dakota,_Z,Not applicable,FERT_RATIO,Fertility rate,Y25T29,From 25 to 29 years,F,Female,BR_L_W,Live births per woman,2021,,0.65,,USA,United States,A,Normal value,0,Units,2,Two
US50,Vermont,_Z,Not applicable,FERT_RATIO,Fertility rate,Y25T29,From 25 to 29 years,F,Female,BR_L_W,Live births per woman,2021,,0.37,,USA,United States,A,Normal value,0,Units,2,Two
US06,California,_Z,Not applicable,FERT_RATIO,Fertility rate,Y25T29,From 25 to 29 years,F,Female,BR_L_W,Live births per woman,2021,,0.38,,USA,United States,A,Normal value,0,Units,2,Two
US22,Louisiana,_Z,Not applicable,FERT_RATIO,Fertility rate,Y25T29,From 25 to 29 years,F,Female,BR_L_W,Live births per woman,2021,,0.57,,USA,United States,A,Normal value,0,Units,2,Two
US20,Kansas,_Z,Not applicable,FERT_RATIO,Fertility rate,Y25T29,From 25 to 29 years,F,Female,BR_L_W,Live births per woman,2021,,0.58,,USA,United States,A,Normal value,0,Units,2,Two
US33,New Hampshire,_Z,Not applicable,FERT_RATIO,Fertility rate,Y25T29,From 25 to 29 years,F,Female,BR_L_W,Live births per woman,2021,,0.42,,USA,United States,A,Normal value,0,Units,2,Two
US32,Nevada,_Z,Not applicable,FERT_RATIO,Fertility rate,Y25T29,From 25 to 29 years,F,Female,BR_L_W,Live births per woman,2021,,0.47,,USA,United States,A,Normal value,0,Units,2,Two
US45,South Carolina,_Z,Not applicable,FERT_RATIO,Fertility rate,Y25T29,From 25 to 29 years,F,Female,BR_L_W,Live births per woman,2021,,0.51,,USA,United States,A,Normal value,0,Units,2,Two
US05,Arkansas,_Z,Not applicable,FERT_RATIO,Fertility rate,Y25T29,From 25 to 29 years,F,Female,BR_L_W,Live births per woman,2021,,0.56,,USA,United States,A,Normal value,0,Units,2,Two
US24,Maryland,_Z,Not applicable,FERT_RATIO,Fertility rate,Y25T29,From 25 to 29 years,F,Female,BR_L_W,Live births per woman,2021,,0.43,,USA,United States,A,Normal value,0,Units,2,Two
US01,Alabama,_Z,Not applicable,FERT_RATIO,Fertility rate,Y25T29,From 25 to 29 years,F,Female,BR_L_W,Live births per woman,2021,,0.56,,USA,United States,A,Normal value,0,Units,2,Two
US25,Massachusetts,_Z,Not applicable,FERT_RATIO,Fertility rate,Y25T29,From 25 to 29 years,F,Female,BR_L_W,Live births per woman,2021,,0.3,,USA,United States,A,Normal value,0,Units,2,Two
US34,New Jersey,_Z,Not applicable,FERT_RATIO,Fertility rate,Y25T29,From 25 to 29 years,F,Female,BR_L_W,Live births per woman,2021,,0.4,,USA,United States,A,Normal value,0,Units,2,Two
US13,Georgia,_Z,Not applicable,FERT_RATIO,Fertility rate,Y25T29,From 25 to 29 years,F,Female,BR_L_W,Live births per woman,2021,,0.48,,USA,United States,A,Normal value,0,Units,2,Two
US46,South Dakota,_Z,Not applicable,FERT_RATIO,Fertility rate,Y25T29,From 25 to 29 years,F,Female,BR_L_W,Live births per woman,2021,,0.69,,USA,United States,A,Normal value,0,Units,2,Two
US48,Texas,_Z,Not applicable,FERT_RATIO,Fertility rate,Y25T29,From 25 to 29 years,F,Female,BR_L_W,Live births per woman,2021,,0.53,,USA,United States,A,Normal value,0,Units,2,Two
US23,Maine,_Z,Not applicable,FERT_RATIO,Fertility rate,Y25T29,From 25 to 29 years,F,Female,BR_L_W,Live births per woman,2021,,0.43,,USA,United States,A,Normal value,0,Units,2,Two
US08,Colorado,_Z,Not applicable,FERT_RATIO,Fertility rate,Y25T29,From 25 to 29 years,F,Female,BR_L_W,Live births per woman,2021,,0.39,,USA,United States,A,Normal value,0,Units,2,Two
US18,Indiana,_Z,Not applicable,FERT_RATIO,Fertility rate,Y25T29,From 25 to 29 years,F,Female,BR_L_W,Live births per woman,2021,,0.57,,USA,United States,A,Normal value,0,Units,2,Two
US40,Oklahoma,_Z,Not applicable,FERT_RATIO,Fertility rate,Y25T29,From 25 to 29 years,F,Female,BR_L_W,Live births per woman,2021,,0.58,,USA,United States,A,Normal value,0,Units,2,Two
US42,Pennsylvania,_Z,Not applicable,FERT_RATIO,Fertility rate,Y25T29,From 25 to 29 years,F,Female,BR_L_W,Live births per woman,2021,,0.45,,USA,United States,A,Normal value,0,Units,2,Two
US02,Alaska,_Z,Not applicable,FERT_RATIO,Fertility rate,Y25T29,From 25 to 29 years,F,Female,BR_L_W,Live births per woman,2021,,0.54,,USA,United States,A,Normal value,0,Units,2,Two
US56,Wyoming,_Z,Not applicable,FERT_RATIO,Fertility rate,Y25T29,From 25 to 29 years,F,Female,BR_L_W,Live births per woman,2021,,0.57,,USA,United States,A,Normal value,0,Units,2,Two
US39,Ohio,_Z,Not applicable,FERT_RATIO,Fertility rate,Y25T29,From 25 to 29 years,F,Female,BR_L_W,Live births per woman,2021,,0.52,,USA,United States,A,Normal value,0,Units,2,Two
US53,Washington,_Z,Not applicable,FERT_RATIO,Fertility rate,Y25T29,From 25 to 29 years,F,Female,BR_L_W,Live births per woman,2021,,0.42,,USA,United States,A,Normal value,0,Units,2,Two
US29,Missouri,_Z,Not applicable,FERT_RATIO,Fertility rate,Y25T29,From 25 to 29 years,F,Female,BR_L_W,Live births per woman,2021,,0.54,,USA,United States,A,Normal value,0,Units,2,Two
US21,Kentucky,_Z,Not applicable,FERT_RATIO,Fertility rate,Y25T29,From 25 to 29 years,F,Female,BR_L_W,Live births per woman,2021,,0.56,,USA,United States,A,Normal value,0,Units,2,Two
US09,Connecticut,_Z,Not applicable,FERT_RATIO,Fertility rate,Y25T29,From 25 to 29 years,F,Female,BR_L_W,Live births per woman,2021,,0.38,,USA,United States,A,Normal value,0,Units,2,Two
US55,Wisconsin,_Z,Not applicable,FERT_RATIO,Fertility rate,Y25T29,From 25 to 29 years,F,Female,BR_L_W,Live births per woman,2021,,0.52,,USA,United States,A,Normal value,0,Units,2,Two
US10,Delaware,_Z,Not applicable,FERT_RATIO,Fertility rate,Y25T29,From 25 to 29 years,F,Female,BR_L_W,Live births per woman,2021,,0.48,,USA,United States,A,Normal value,0,Units,2,Two
US04,Arizona,_Z,Not applicable,FERT_RATIO,Fertility rate,Y25T29,From 25 to 29 years,F,Female,BR_L_W,Live births per woman,2021,,0.49,,USA,United States,A,Normal value,0,Units,2,Two
US44,Rhode Island,_Z,Not applicable,FERT_RATIO,Fertility rate,Y25T29,From 25 to 29 years,F,Female,BR_L_W,Live births per woman,2021,,0.37,,USA,United States,A,Normal value,0,Units,2,Two
US17,Illinois,_Z,Not applicable,FERT_RATIO,Fertility rate,Y35T39,From 35 to 39 years,F,Female,BR_L_W,Live births per woman,2021,,0.28,,USA,United States,A,Normal value,0,Units,2,Two
US34,New Jersey,_Z,Not applicable,FERT_RATIO,Fertility rate,Y35T39,From 35 to 39 years,F,Female,BR_L_W,Live births per woman,2021,,0.37,,USA,United States,A,Normal value,0,Units,2,Two
US23,Maine,_Z,Not applicable,FERT_RATIO,Fertility rate,Y35T39,From 35 to 39 years,F,Female,BR_L_W,Live births per woman,2021,,0.24,,USA,United States,A,Normal value,0,Units,2,Two
US32,Nevada,_Z,Not applicable,FERT_RATIO,Fertility rate,Y35T39,From 35 to 39 years,F,Female,BR_L_W,Live births per woman,2021,,0.23,,USA,United States,A,Normal value,0,Units,2,Two
US20,Kansas,_Z,Not applicable,FERT_RATIO,Fertility rate,Y35T39,From 35 to 39 years,F,Female,BR_L_W,Live births per woman,2021,,0.24,,USA,United States,A,Normal value,0,Units,2,Two
US22,Louisiana,_Z,Not applicable,FERT_RATIO,Fertility rate,Y35T39,From 35 to 39 years,F,Female,BR_L_W,Live births per woman,2021,,0.21,,USA,United States,A,Normal value,0,Units,2,Two
US10,Delaware,_Z,Not applicable,FERT_RATIO,Fertility rate,Y35T39,From 35 to 39 years,F,Female,BR_L_W,Live births per woman,2021,,0.27,,USA,United States,A,Normal value,0,Units,2,Two
US40,Oklahoma,_Z,Not applicable,FERT_RATIO,Fertility rate,Y35T39,From 35 to 39 years,F,Female,BR_L_W,Live births per woman,2021,,0.19,,USA,United States,A,Normal value,0,Units,2,Two
US19,Iowa,_Z,Not applicable,FERT_RATIO,Fertility rate,Y35T39,From 35 to 39 years,F,Female,BR_L_W,Live births per woman,2021,,0.24,,USA,United States,A,Normal value,0,Units,2,Two
US48,Texas,_Z,Not applicable,FERT_RATIO,Fertility rate,Y35T39,From 35 to 39 years,F,Female,BR_L_W,Live births per woman,2021,,0.25,,USA,United States,A,Normal value,0,Units,2,Two
US28,Mississippi,_Z,Not applicable,FERT_RATIO,Fertility rate,Y35T39,From 35 to 39 years,F,Female,BR_L_W,Live births per woman,2021,,0.17,,USA,United States,A,Normal value,0,Units,2,Two
US30,Montana,_Z,Not applicable,FERT_RATIO,Fertility rate,Y35T39,From 35 to 39 years,F,Female,BR_L_W,Live births per woman,2021,,0.22,,USA,United States,A,Normal value,0,Units,2,Two
US35,New Mexico,_Z,Not applicable,FERT_RATIO,Fertility rate,Y35T39,From 35 to 39 years,F,Female,BR_L_W,Live births per woman,2021,,0.2,,USA,United States,A,Normal value,0,Units,2,Two
US55,Wisconsin,_Z,Not applicable,FERT_RATIO,Fertility rate,Y35T39,From 35 to 39 years,F,Female,BR_L_W,Live births per woman,2021,,0.24,,USA,United States,A,Normal value,0,Units,2,Two
US50,Vermont,_Z,Not applicable,FERT_RATIO,Fertility rate,Y35T39,From 35 to 39 years,F,Female,BR_L_W,Live births per woman,2021,,0.27,,USA,United States,A,Normal value,0,Units,2,Two
US36,New York,_Z,Not applicable,FERT_RATIO,Fertility rate,Y35T39,From 35 to 39 years,F,Female,BR_L_W,Live births per woman,2021,,0.33,,USA,United States,A,Normal value,0,Units,2,Two
US21,Kentucky,_Z,Not applicable,FERT_RATIO,Fertility rate,Y35T39,From 35 to 39 years,F,Female,BR_L_W,Live births per woman,2021,,0.2,,USA,United States,A,Normal value,0,Units,2,Two
US46,South Dakota,_Z,Not applicable,FERT_RATIO,Fertility rate,Y35T39,From 35 to 39 years,F,Female,BR_L_W,Live births per woman,2021,,0.26,,USA,United States,A,Normal value,0,Units,2,Two
US49,Utah,_Z,Not applicable,FERT_RATIO,Fertility rate,Y35T39,From 35 to 39 years,F,Female,BR_L_W,Live births per woman,2021,,0.26,,USA,United States,A,Normal value,0,Units,2,Two
US18,Indiana,_Z,Not applicable,FERT_RATIO,Fertility rate,Y35T39,From 35 to 39 years,F,Female,BR_L_W,Live births per woman,2021,,0.22,,USA,United States,A,Normal value,0,Units,2,Two
US06,California,_Z,Not applicable,FERT_RATIO,Fertility rate,Y35T39,From 35 to 39 years,F,Female,BR_L_W,Live births per woman,2021,,0.31,,USA,United States,A,Normal value,0,Units,2,Two
US09,Connecticut,_Z,Not applicable,FERT_RATIO,Fertility rate,Y35T39,From 35 to 39 years,F,Female,BR_L_W,Live births per woman,2021,,0.34,,USA,United States,A,Normal value,0,Units,2,Two
US15,Hawaii,_Z,Not applicable,FERT_RATIO,Fertility rate,Y35T39,From 35 to 39 years,F,Female,BR_L_W,Live births per woman,2021,,0.31,,USA,United States,A,Normal value,0,Units,2,Two
US42,Pennsylvania,_Z,Not applicable,FERT_RATIO,Fertility rate,Y35T39,From 35 to 39 years,F,Female,BR_L_W,Live births per woman,2021,,0.27,,USA,United States,A,Normal value,0,Units,2,Two
US04,Arizona,_Z,Not applicable,FERT_RATIO,Fertility rate,Y35T39,From 35 to 39 years,F,Female,BR_L_W,Live births per woman,2021,,0.23,,USA,United States,A,Normal value,0,Units,2,Two
US51,Virginia,_Z,Not applicable,FERT_RATIO,Fertility rate,Y35T39,From 35 to 39 years,F,Female,BR_L_W,Live births per woman,2021,,0.29,,USA,United States,A,Normal value,0,Units,2,Two
US53,Washington,_Z,Not applicable,FERT_RATIO,Fertility rate,Y35T39,From 35 to 39 years,F,Female,BR_L_W,Live births per woman,2021,,0.28,,USA,United States,A,Normal value,0,Units,2,Two
US45,South Carolina,_Z,Not applicable,FERT_RATIO,Fertility rate,Y35T39,From 35 to 39 years,F,Female,BR_L_W,Live births per woman,2021,,0.23,,USA,United States,A,Normal value,0,Units,2,Two
US29,Missouri,_Z,Not applicable,FERT_RATIO,Fertility rate,Y35T39,From 35 to 39 years,F,Female,BR_L_W,Live births per woman,2021,,0.22,,USA,United States,A,Normal value,0,Units,2,Two
US47,Tennessee,_Z,Not applicable,FERT_RATIO,Fertility rate,Y35T39,From 35 to 39 years,F,Female,BR_L_W,Live births per woman,2021,,0.22,,USA,United States,A,Normal value,0,Units,2,Two
US16,Idaho,_Z,Not applicable,FERT_RATIO,Fertility rate,Y35T39,From 35 to 39 years,F,Female,BR_L_W,Live births per woman,2021,,0.22,,USA,United States,A,Normal value,0,Units,2,Two
US02,Alaska,_Z,Not applicable,FERT_RATIO,Fertility rate,Y35T39,From 35 to 39 years,F,Female,BR_L_W,Live births per woman,2021,,0.27,,USA,United States,A,Normal value,0,Units,2,Two
US12,Florida,_Z,Not applicable,FERT_RATIO,Fertility rate,Y35T39,From 35 to 39 years,F,Female,BR_L_W,Live births per woman,2021,,0.27,,USA,United States,A,Normal value,0,Units,2,Two
US54,West Virginia,_Z,Not applicable,FERT_RATIO,Fertility rate,Y35T39,From 35 to 39 years,F,Female,BR_L_W,Live births per woman,2021,,0.16,,USA,United States,A,Normal value,0,Units,2,Two
US44,Rhode Island,_Z,Not applicable,FERT_RATIO,Fertility rate,Y35T39,From 35 to 39 years,F,Female,BR_L_W,Live births per woman,2021,,0.27,,USA,United States,A,Normal value,0,Units,2,Two
US26,Michigan,_Z,Not applicable,FERT_RATIO,Fertility rate,Y35T39,From 35 to 39 years,F,Female,BR_L_W,Live births per woman,2021,,0.24,,USA,United States,A,Normal value,0,Units,2,Two
US01,Alabama,_Z,Not applicable,FERT_RATIO,Fertility rate,Y35T39,From 35 to 39 years,F,Female,BR_L_W,Live births per woman,2021,,0.19,,USA,United States,A,Normal value,0,Units,2,Two
US11,District of Columbia,_Z,Not applicable,FERT_RATIO,Fertility rate,Y35T39,From 35 to 39 years,F,Female,BR_L_W,Live births per woman,2021,,0.36,,USA,United States,A,Normal value,0,Units,2,Two
US24,Maryland,_Z,Not applicable,FERT_RATIO,Fertility rate,Y35T39,From 35 to 39 years,F,Female,BR_L_W,Live births per woman,2021,,0.31,,USA,United States,A,Normal value,0,Units,2,Two
US08,Colorado,_Z,Not applicable,FERT_RATIO,Fertility rate,Y35T39,From 35 to 39 years,F,Female,BR_L_W,Live births per woman,2021,,0.28,,USA,United States,A,Normal value,0,Units,2,Two
US13,Georgia,_Z,Not applicable,FERT_RATIO,Fertility rate,Y35T39,From 35 to 39 years,F,Female,BR_L_W,Live births per woman,2021,,0.24,,USA,United States,A,Normal value,0,Units,2,Two
US05,Arkansas,_Z,Not applicable,FERT_RATIO,Fertility rate,Y35T39,From 35 to 39 years,F,Female,BR_L_W,Live births per woman,2021,,0.18,,USA,United States,A,Normal value,0,Units,2,Two
US38,North Dakota,_Z,Not applicable,FERT_RATIO,Fertility rate,Y35T39,From 35 to 39 years,F,Female,BR_L_W,Live births per woman,2021,,0.25,,USA,United States,A,Normal value,0,Units,2,Two
US56,Wyoming,_Z,Not applicable,FERT_RATIO,Fertility rate,Y35T39,From 35 to 39 years,F,Female,BR_L_W,Live births per woman,2021,,0.2,,USA,United States,A,Normal value,0,Units,2,Two
US37,North Carolina,_Z,Not applicable,FERT_RATIO,Fertility rate,Y35T39,From 35 to 39 years,F,Female,BR_L_W,Live births per woman,2021,,0.25,,USA,United States,A,Normal value,0,Units,2,Two
US41,Oregon,_Z,Not applicable,FERT_RATIO,Fertility rate,Y35T39,From 35 to 39 years,F,Female,BR_L_W,Live births per woman,2021,,0.25,,USA,United States,A,Normal value,0,Units,2,Two
US33,New Hampshire,_Z,Not applicable,FERT_RATIO,Fertility rate,Y35T39,From 35 to 39 years,F,Female,BR_L_W,Live births per woman,2021,,0.26,,USA,United States,A,Normal value,0,Units,2,Two
US27,Minnesota,_Z,Not applicable,FERT_RATIO,Fertility rate,Y35T39,From 35 to 39 years,F,Female,BR_L_W,Live births per woman,2021,,0.3,,USA,United States,A,Normal value,0,Units,2,Two
US39,Ohio,_Z,Not applicable,FERT_RATIO,Fertility rate,Y35T39,From 35 to 39 years,F,Female,BR_L_W,Live births per woman,2021,,0.23,,USA,United States,A,Normal value,0,Units,2,Two
US25,Massachusetts,_Z,Not applicable,FERT_RATIO,Fertility rate,Y35T39,From 35 to 39 years,F,Female,BR_L_W,Live births per woman,2021,,0.35,,USA,United States,A,Normal value,0,Units,2,Two
US31,Nebraska,_Z,Not applicable,FERT_RATIO,Fertility rate,Y35T39,From 35 to 39 years,F,Female,BR_L_W,Live births per woman,2021,,0.26,,USA,United States,A,Normal value,0,Units,2,Two
US26,Michigan,_Z,Not applicable,FERT_RATIO,Fertility rate,Y30T34,From 30 to 34 years,F,Female,BR_L_W,Live births per woman,2021,,0.52,,USA,United States,A,Normal value,0,Units,2,Two
US36,New York,_Z,Not applicable,FERT_RATIO,Fertility rate,Y30T34,From 30 to 34 years,F,Female,BR_L_W,Live births per woman,2021,,0.49,,USA,United States,A,Normal value,0,Units,2,Two
US49,Utah,_Z,Not applicable,FERT_RATIO,Fertility rate,Y30T34,From 30 to 34 years,F,Female,BR_L_W,Live births per woman,2021,,0.55,,USA,United States,A,Normal value,0,Units,2,Two
US35,New Mexico,_Z,Not applicable,FERT_RATIO,Fertility rate,Y30T34,From 30 to 34 years,F,Female,BR_L_W,Live births per woman,2021,,0.38,,USA,United States,A,Normal value,0,Units,2,Two
US55,Wisconsin,_Z,Not applicable,FERT_RATIO,Fertility rate,Y30T34,From 30 to 34 years,F,Female,BR_L_W,Live births per woman,2021,,0.58,,USA,United States,A,Normal value,0,Units,2,Two
US53,Washington,_Z,Not applicable,FERT_RATIO,Fertility rate,Y30T34,From 30 to 34 years,F,Female,BR_L_W,Live births per woman,2021,,0.47,,USA,United States,A,Normal value,0,Units,2,Two
US23,Maine,_Z,Not applicable,FERT_RATIO,Fertility rate,Y30T34,From 30 to 34 years,F,Female,BR_L_W,Live births per woman,2021,,0.46,,USA,United States,A,Normal value,0,Units,2,Two
US32,Nevada,_Z,Not applicable,FERT_RATIO,Fertility rate,Y30T34,From 30 to 34 years,F,Female,BR_L_W,Live births per woman,2021,,0.42,,USA,United States,A,Normal value,0,Units,2,Two
US20,Kansas,_Z,Not applicable,FERT_RATIO,Fertility rate,Y30T34,From 30 to 34 years,F,Female,BR_L_W,Live births per woman,2021,,0.54,,USA,United States,A,Normal value,0,Units,2,Two
US24,Maryland,_Z,Not applicable,FERT_RATIO,Fertility rate,Y30T34,From 30 to 34 years,F,Female,BR_L_W,Live births per woman,2021,,0.53,,USA,United States,A,Normal value,0,Units,2,Two
US37,North Carolina,_Z,Not applicable,FERT_RATIO,Fertility rate,Y30T34,From 30 to 34 years,F,Female,BR_L_W,Live births per woman,2021,,0.49,,USA,United States,A,Normal value,0,Units,2,Two
US46,South Dakota,_Z,Not applicable,FERT_RATIO,Fertility rate,Y30T34,From 30 to 34 years,F,Female,BR_L_W,Live births per woman,2021,,0.61,,USA,United States,A,Normal value,0,Units,2,Two
US19,Iowa,_Z,Not applicable,FERT_RATIO,Fertility rate,Y30T34,From 30 to 34 years,F,Female,BR_L_W,Live births per woman,2021,,0.58,,USA,United States,A,Normal value,0,Units,2,Two
US54,West Virginia,_Z,Not applicable,FERT_RATIO,Fertility rate,Y30T34,From 30 to 34 years,F,Female,BR_L_W,Live births per woman,2021,,0.38,,USA,United States,A,Normal value,0,Units,2,Two
US18,Indiana,_Z,Not applicable,FERT_RATIO,Fertility rate,Y30T34,From 30 to 34 years,F,Female,BR_L_W,Live births per woman,2021,,0.49,,USA,United States,A,Normal value,0,Units,2,Two
US17,Illinois,_Z,Not applicable,FERT_RATIO,Fertility rate,Y30T34,From 30 to 34 years,F,Female,BR_L_W,Live births per woman,2021,,0.51,,USA,United States,A,Normal value,0,Units,2,Two
US30,Montana,_Z,Not applicable,FERT_RATIO,Fertility rate,Y30T34,From 30 to 34 years,F,Female,BR_L_W,Live births per woman,2021,,0.49,,USA,United States,A,Normal value,0,Units,2,Two
US15,Hawaii,_Z,Not applicable,FERT_RATIO,Fertility rate,Y30T34,From 30 to 34 years,F,Female,BR_L_W,Live births per woman,2021,,0.49,,USA,United States,A,Normal value,0,Units,2,Two
US13,Georgia,_Z,Not applicable,FERT_RATIO,Fertility rate,Y30T34,From 30 to 34 years,F,Female,BR_L_W,Live births per woman,2021,,0.45,,USA,United States,A,Normal value,0,Units,2,Two
US44,Rhode Island,_Z,Not applicable,FERT_RATIO,Fertility rate,Y30T34,From 30 to 34 years,F,Female,BR_L_W,Live births per woman,2021,,0.48,,USA,United States,A,Normal value,0,Units,2,Two
US22,Louisiana,_Z,Not applicable,FERT_RATIO,Fertility rate,Y30T34,From 30 to 34 years,F,Female,BR_L_W,Live births per woman,2021,,0.45,,USA,United States,A,Normal value,0,Units,2,Two
US29,Missouri,_Z,Not applicable,FERT_RATIO,Fertility rate,Y30T34,From 30 to 34 years,F,Female,BR_L_W,Live births per woman,2021,,0.48,,USA,United States,A,Normal value,0,Units,2,Two
US05,Arkansas,_Z,Not applicable,FERT_RATIO,Fertility rate,Y30T34,From 30 to 34 years,F,Female,BR_L_W,Live births per woman,2021,,0.42,,USA,United States,A,Normal value,0,Units,2,Two
US01,Alabama,_Z,Not applicable,FERT_RATIO,Fertility rate,Y30T34,From 30 to 34 years,F,Female,BR_L_W,Live births per woman,2021,,0.43,,USA,United States,A,Normal value,0,Units,2,Two
US09,Connecticut,_Z,Not applicable,FERT_RATIO,Fertility rate,Y30T34,From 30 to 34 years,F,Female,BR_L_W,Live births per woman,2021,,0.59,,USA,United States,A,Normal value,0,Units,2,Two
US39,Ohio,_Z,Not applicable,FERT_RATIO,Fertility rate,Y30T34,From 30 to 34 years,F,Female,BR_L_W,Live births per woman,2021,,0.49,,USA,United States,A,Normal value,0,Units,2,Two
US06,California,_Z,Not applicable,FERT_RATIO,Fertility rate,Y30T34,From 30 to 34 years,F,Female,BR_L_W,Live births per woman,2021,,0.47,,USA,United States,A,Normal value,0,Units,2,Two
US47,Tennessee,_Z,Not applicable,FERT_RATIO,Fertility rate,Y30T34,From 30 to 34 years,F,Female,BR_L_W,Live births per woman,2021,,0.45,,USA,United States,A,Normal value,0,Units,2,Two
US51,Virginia,_Z,Not applicable,FERT_RATIO,Fertility rate,Y30T34,From 30 to 34 years,F,Female,BR_L_W,Live births per woman,2021,,0.52,,USA,United States,A,Normal value,0,Units,2,Two
US21,Kentucky,_Z,Not applicable,FERT_RATIO,Fertility rate,Y30T34,From 30 to 34 years,F,Female,BR_L_W,Live births per woman,2021,,0.45,,USA,United States,A,Normal value,0,Units,2,Two
US02,Alaska,_Z,Not applicable,FERT_RATIO,Fertility rate,Y30T34,From 30 to 34 years,F,Female,BR_L_W,Live births per woman,2021,,0.47,,USA,United States,A,Normal value,0,Units,2,Two
US16,Idaho,_Z,Not applicable,FERT_RATIO,Fertility rate,Y30T34,From 30 to 34 years,F,Female,BR_L_W,Live births per woman,2021,,0.48,,USA,United States,A,Normal value,0,Units,2,Two
US40,Oklahoma,_Z,Not applicable,FERT_RATIO,Fertility rate,Y30T34,From 30 to 34 years,F,Female,BR_L_W,Live births per woman,2021,,0.44,,USA,United States,A,Normal value,0,Units,2,Two
US50,Vermont,_Z,Not applicable,FERT_RATIO,Fertility rate,Y30T34,From 30 to 34 years,F,Female,BR_L_W,Live births per woman,2021,,0.49,,USA,United States,A,Normal value,0,Units,2,Two
US56,Wyoming,_Z,Not applicable,FERT_RATIO,Fertility rate,Y30T34,From 30 to 34 years,F,Female,BR_L_W,Live births per woman,2021,,0.45,,USA,United States,A,Normal value,0,Units,2,Two
US34,New Jersey,_Z,Not applicable,FERT_RATIO,Fertility rate,Y30T34,From 30 to 34 years,F,Female,BR_L_W,Live births per woman,2021,,0.61,,USA,United States,A,Normal value,0,Units,2,Two
US25,Massachusetts,_Z,Not applicable,FERT_RATIO,Fertility rate,Y30T34,From 30 to 34 years,F,Female,BR_L_W,Live births per woman,2021,,0.54,,USA,United States,A,Normal value,0,Units,2,Two
US10,Delaware,_Z,Not applicable,FERT_RATIO,Fertility rate,Y30T34,From 30 to 34 years,F,Female,BR_L_W,Live births per woman,2021,,0.48,,USA,United States,A,Normal value,0,Units,2,Two
US11,District of Columbia,_Z,Not applicable,FERT_RATIO,Fertility rate,Y30T34,From 30 to 34 years,F,Female,BR_L_W,Live births per woman,2021,,0.35,,USA,United States,A,Normal value,0,Units,2,Two
US33,New Hampshire,_Z,Not applicable,FERT_RATIO,Fertility rate,Y30T34,From 30 to 34 years,F,Female,BR_L_W,Live births per woman,2021,,0.54,,USA,United States,A,Normal value,0,Units,2,Two
US42,Pennsylvania,_Z,Not applicable,FERT_RATIO,Fertility rate,Y30T34,From 30 to 34 years,F,Female,BR_L_W,Live births per woman,2021,,0.51,,USA,United States,A,Normal value,0,Units,2,Two
US27,Minnesota,_Z,Not applicable,FERT_RATIO,Fertility rate,Y30T34,From 30 to 34 years,F,Female,BR_L_W,Live births per woman,2021,,0.62,,USA,United States,A,Normal value,0,Units,2,Two
US08,Colorado,_Z,Not applicable,FERT_RATIO,Fertility rate,Y30T34,From 30 to 34 years,F,Female,BR_L_W,Live births per woman,2021,,0.46,,USA,United States,A,Normal value,0,Units,2,Two
US31,Nebraska,_Z,Not applicable,FERT_RATIO,Fertility rate,Y30T34,From 30 to 34 years,F,Female,BR_L_W,Live births per woman,2021,,0.62,,USA,United States,A,Normal value,0,Units,2,Two
US38,North Dakota,_Z,Not applicable,FERT_RATIO,Fertility rate,Y30T34,From 30 to 34 years,F,Female,BR_L_W,Live births per woman,2021,,0.62,,USA,United States,A,Normal value,0,Units,2,Two
US12,Florida,_Z,Not applicable,FERT_RATIO,Fertility rate,Y30T34,From 30 to 34 years,F,Female,BR_L_W,Live births per woman,2021,,0.47,,USA,United States,A,Normal value,0,Units,2,Two
US41,Oregon,_Z,Not applicable,FERT_RATIO,Fertility rate,Y30T34,From 30 to 34 years,F,Female,BR_L_W,Live births per woman,2021,,0.42,,USA,United States,A,Normal value,0,Units,2,Two
US48,Texas,_Z,Not applicable,FERT_RATIO,Fertility rate,Y30T34,From 30 to 34 years,F,Female,BR_L_W,Live births per woman,2021,,0.48,,USA,United States,A,Normal value,0,Units,2,Two
US28,Mississippi,_Z,Not applicable,FERT_RATIO,Fertility rate,Y30T34,From 30 to 34 years,F,Female,BR_L_W,Live births per woman,2021,,0.41,,USA,United States,A,Normal value,0,Units,2,Two
US45,South Carolina,_Z,Not applicable,FERT_RATIO,Fertility rate,Y30T34,From 30 to 34 years,F,Female,BR_L_W,Live births per woman,2021,,0.45,,USA,United States,A,Normal value,0,Units,2,Two
US04,Arizona,_Z,Not applicable,FERT_RATIO,Fertility rate,Y30T34,From 30 to 34 years,F,Female,BR_L_W,Live births per woman,2021,,0.45,,USA,United States,A,Normal value,0,Units,2,Two
US08,Colorado,_Z,Not applicable,FERT_RATIO,Fertility rate,Y20T24,From 20 to 24 years,F,Female,BR_L_W,Live births per woman,2021,,0.27,,USA,United States,A,Normal value,0,Units,2,Two
US16,Idaho,_Z,Not applicable,FERT_RATIO,Fertility rate,Y20T24,From 20 to 24 years,F,Female,BR_L_W,Live births per woman,2021,,0.42,,USA,United States,A,Normal value,0,Units,2,Two
US10,Delaware,_Z,Not applicable,FERT_RATIO,Fertility rate,Y20T24,From 20 to 24 years,F,Female,BR_L_W,Live births per woman,2021,,0.32,,USA,United States,A,Normal value,0,Units,2,Two
US11,District of Columbia,_Z,Not applicable,FERT_RATIO,Fertility rate,Y20T24,From 20 to 24 years,F,Female,BR_L_W,Live births per woman,2021,,0.21,,USA,United States,A,Normal value,0,Units,2,Two
US37,North Carolina,_Z,Not applicable,FERT_RATIO,Fertility rate,Y20T24,From 20 to 24 years,F,Female,BR_L_W,Live births per woman,2021,,0.35,,USA,United States,A,Normal value,0,Units,2,Two
US24,Maryland,_Z,Not applicable,FERT_RATIO,Fertility rate,Y20T24,From 20 to 24 years,F,Female,BR_L_W,Live births per woman,2021,,0.25,,USA,United States,A,Normal value,0,Units,2,Two
US48,Texas,_Z,Not applicable,FERT_RATIO,Fertility rate,Y20T24,From 20 to 24 years,F,Female,BR_L_W,Live births per woman,2021,,0.39,,USA,United States,A,Normal value,0,Units,2,Two
US12,Florida,_Z,Not applicable,FERT_RATIO,Fertility rate,Y20T24,From 20 to 24 years,F,Female,BR_L_W,Live births per woman,2021,,0.3,,USA,United States,A,Normal value,0,Units,2,Two
US30,Montana,_Z,Not applicable,FERT_RATIO,Fertility rate,Y20T24,From 20 to 24 years,F,Female,BR_L_W,Live births per woman,2021,,0.3,,USA,United States,A,Normal value,0,Units,2,Two
US40,Oklahoma,_Z,Not applicable,FERT_RATIO,Fertility rate,Y20T24,From 20 to 24 years,F,Female,BR_L_W,Live births per woman,2021,,0.46,,USA,United States,A,Normal value,0,Units,2,Two
US27,Minnesota,_Z,Not applicable,FERT_RATIO,Fertility rate,Y20T24,From 20 to 24 years,F,Female,BR_L_W,Live births per woman,2021,,0.22,,USA,United States,A,Normal value,0,Units,2,Two
US54,West Virginia,_Z,Not applicable,FERT_RATIO,Fertility rate,Y20T24,From 20 to 24 years,F,Female,BR_L_W,Live births per woman,2021,,0.45,,USA,United States,A,Normal value,0,Units,2,Two
US53,Washington,_Z,Not applicable,FERT_RATIO,Fertility rate,Y20T24,From 20 to 24 years,F,Female,BR_L_W,Live births per woman,2021,,0.27,,USA,United States,A,Normal value,0,Units,2,Two
US35,New Mexico,_Z,Not applicable,FERT_RATIO,Fertility rate,Y20T24,From 20 to 24 years,F,Female,BR_L_W,Live births per woman,2021,,0.37,,USA,United States,A,Normal value,0,Units,2,Two
US25,Massachusetts,_Z,Not applicable,FERT_RATIO,Fertility rate,Y20T24,From 20 to 24 years,F,Female,BR_L_W,Live births per woman,2021,,0.14,,USA,United States,A,Normal value,0,Units,2,Two
US47,Tennessee,_Z,Not applicable,FERT_RATIO,Fertility rate,Y20T24,From 20 to 24 years,F,Female,BR_L_W,Live births per woman,2021,,0.41,,USA,United States,A,Normal value,0,Units,2,Two
US19,Iowa,_Z,Not applicable,FERT_RATIO,Fertility rate,Y20T24,From 20 to 24 years,F,Female,BR_L_W,Live births per woman,2021,,0.3,,USA,United States,A,Normal value,0,Units,2,Two
US36,New York,_Z,Not applicable,FERT_RATIO,Fertility rate,Y20T24,From 20 to 24 years,F,Female,BR_L_W,Live births per woman,2021,,0.23,,USA,United States,A,Normal value,0,Units,2,Two
US44,Rhode Island,_Z,Not applicable,FERT_RATIO,Fertility rate,Y20T24,From 20 to 24 years,F,Female,BR_L_W,Live births per woman,2021,,0.19,,USA,United States,A,Normal value,0,Units,2,Two
US02,Alaska,_Z,Not applicable,FERT_RATIO,Fertility rate,Y20T24,From 20 to 24 years,F,Female,BR_L_W,Live births per woman,2021,,0.45,,USA,United States,A,Normal value,0,Units,2,Two
US38,North Dakota,_Z,Not applicable,FERT_RATIO,Fertility rate,Y20T24,From 20 to 24 years,F,Female,BR_L_W,Live births per woman,2021,,0.29,,USA,United States,A,Normal value,0,Units,2,Two
US18,Indiana,_Z,Not applicable,FERT_RATIO,Fertility rate,Y20T24,From 20 to 24 years,F,Female,BR_L_W,Live births per woman,2021,,0.38,,USA,United States,A,Normal value,0,Units,2,Two
US04,Arizona,_Z,Not applicable,FERT_RATIO,Fertility rate,Y20T24,From 20 to 24 years,F,Female,BR_L_W,Live births per woman,2021,,0.33,,USA,United States,A,Normal value,0,Units,2,Two
US23,Maine,_Z,Not applicable,FERT_RATIO,Fertility rate,Y20T24,From 20 to 24 years,F,Female,BR_L_W,Live births per woman,2021,,0.26,,USA,United States,A,Normal value,0,Units,2,Two
US32,Nevada,_Z,Not applicable,FERT_RATIO,Fertility rate,Y20T24,From 20 to 24 years,F,Female,BR_L_W,Live births per woman,2021,,0.35,,USA,United States,A,Normal value,0,Units,2,Two
US34,New Jersey,_Z,Not applicable,FERT_RATIO,Fertility rate,Y20T24,From 20 to 24 years,F,Female,BR_L_W,Live births per woman,2021,,0.21,,USA,United States,A,Normal value,0,Units,2,Two
US42,Pennsylvania,_Z,Not applicable,FERT_RATIO,Fertility rate,Y20T24,From 20 to 24 years,F,Female,BR_L_W,Live births per woman,2021,,0.26,,USA,United States,A,Normal value,0,Units,2,Two
US50,Vermont,_Z,Not applicable,FERT_RATIO,Fertility rate,Y20T24,From 20 to 24 years,F,Female,BR_L_W,Live births per woman,2021,,0.16,,USA,United States,A,Normal value,0,Units,2,Two
US06,California,_Z,Not applicable,FERT_RATIO,Fertility rate,Y20T24,From 20 to 24 years,F,Female,BR_L_W,Live births per woman,2021,,0.24,,USA,United States,A,Normal value,0,Units,2,Two
US01,Alabama,_Z,Not applicable,FERT_RATIO,Fertility rate,Y20T24,From 20 to 24 years,F,Female,BR_L_W,Live births per woman,2021,,0.44,,USA,United States,A,Normal value,0,Units,2,Two
US41,Oregon,_Z,Not applicable,FERT_RATIO,Fertility rate,Y20T24,From 20 to 24 years,F,Female,BR_L_W,Live births per woman,2021,,0.26,,USA,United States,A,Normal value,0,Units,2,Two
US31,Nebraska,_Z,Not applicable,FERT_RATIO,Fertility rate,Y20T24,From 20 to 24 years,F,Female,BR_L_W,Live births per woman,2021,,0.32,,USA,United States,A,Normal value,0,Units,2,Two
US51,Virginia,_Z,Not applicable,FERT_RATIO,Fertility rate,Y20T24,From 20 to 24 years,F,Female,BR_L_W,Live births per woman,2021,,0.27,,USA,United States,A,Normal value,0,Units,2,Two
US39,Ohio,_Z,Not applicable,FERT_RATIO,Fertility rate,Y20T24,From 20 to 24 years,F,Female,BR_L_W,Live births per woman,2021,,0.35,,USA,United States,A,Normal value,0,Units,2,Two
US28,Mississippi,_Z,Not applicable,FERT_RATIO,Fertility rate,Y20T24,From 20 to 24 years,F,Female,BR_L_W,Live births per woman,2021,,0.49,,USA,United States,A,Normal value,0,Units,2,Two
US26,Michigan,_Z,Not applicable,FERT_RATIO,Fertility rate,Y20T24,From 20 to 24 years,F,Female,BR_L_W,Live births per woman,2021,,0.27,,USA,United States,A,Normal value,0,Units,2,Two
US21,Kentucky,_Z,Not applicable,FERT_RATIO,Fertility rate,Y20T24,From 20 to 24 years,F,Female,BR_L_W,Live births per woman,2021,,0.44,,USA,United States,A,Normal value,0,Units,2,Two
US20,Kansas,_Z,Not applicable,FERT_RATIO,Fertility rate,Y20T24,From 20 to 24 years,F,Female,BR_L_W,Live births per woman,2021,,0.34,,USA,United States,A,Normal value,0,Units,2,Two
US56,Wyoming,_Z,Not applicable,FERT_RATIO,Fertility rate,Y20T24,From 20 to 24 years,F,Female,BR_L_W,Live births per woman,2021,,0.4,,USA,United States,A,Normal value,0,Units,2,Two
US15,Hawaii,_Z,Not applicable,FERT_RATIO,Fertility rate,Y20T24,From 20 to 24 years,F,Female,BR_L_W,Live births per woman,2021,,0.33,,USA,United States,A,Normal value,0,Units,2,Two
US33,New Hampshire,_Z,Not applicable,FERT_RATIO,Fertility rate,Y20T24,From 20 to 24 years,F,Female,BR_L_W,Live births per woman,2021,,0.17,,USA,United States,A,Normal value,0,Units,2,Two
US05,Arkansas,_Z,Not applicable,FERT_RATIO,Fertility rate,Y20T24,From 20 to 24 years,F,Female,BR_L_W,Live births per woman,2021,,0.5,,USA,United States,A,Normal value,0,Units,2,Two
US55,Wisconsin,_Z,Not applicable,FERT_RATIO,Fertility rate,Y20T24,From 20 to 24 years,F,Female,BR_L_W,Live births per woman,2021,,0.25,,USA,United States,A,Normal value,0,Units,2,Two
US45,South Carolina,_Z,Not applicable,FERT_RATIO,Fertility rate,Y20T24,From 20 to 24 years,F,Female,BR_L_W,Live births per woman,2021,,0.37,,USA,United States,A,Normal value,0,Units,2,Two
US46,South Dakota,_Z,Not applicable,FERT_RATIO,Fertility rate,Y20T24,From 20 to 24 years,F,Female,BR_L_W,Live births per woman,2021,,0.37,,USA,United States,A,Normal value,0,Units,2,Two
US49,Utah,_Z,Not applicable,FERT_RATIO,Fertility rate,Y20T24,From 20 to 24 years,F,Female,BR_L_W,Live births per woman,2021,,0.33,,USA,United States,A,Normal value,0,Units,2,Two
US13,Georgia,_Z,Not applicable,FERT_RATIO,Fertility rate,Y20T24,From 20 to 24 years,F,Female,BR_L_W,Live births per woman,2021,,0.35,,USA,United States,A,Normal value,0,Units,2,Two
US29,Missouri,_Z,Not applicable,FERT_RATIO,Fertility rate,Y20T24,From 20 to 24 years,F,Female,BR_L_W,Live births per woman,2021,,0.36,,USA,United States,A,Normal value,0,Units,2,Two
US09,Connecticut,_Z,Not applicable,FERT_RATIO,Fertility rate,Y20T24,From 20 to 24 years,F,Female,BR_L_W,Live births per woman,2021,,0.17,,USA,United States,A,Normal value,0,Units,2,Two
US22,Louisiana,_Z,Not applicable,FERT_RATIO,Fertility rate,Y20T24,From 20 to 24 years,F,Female,BR_L_W,Live births per woman,2021,,0.47,,USA,United States,A,Normal value,0,Units,2,Two
US17,Illinois,_Z,Not applicable,FERT_RATIO,Fertility rate,Y20T24,From 20 to 24 years,F,Female,BR_L_W,Live births per woman,2021,,0.25,,USA,United States,A,Normal value,0,Units,2,Two
US28,Mississippi,_Z,Not applicable,FERT_RATIO,Fertility rate,Y15T19,From 15 to 19 years,F,Female,BR_L_W,Live births per woman,2021,,0.13,,USA,United States,A,Normal value,0,Units,2,Two
US36,New York,_Z,Not applicable,FERT_RATIO,Fertility rate,Y15T19,From 15 to 19 years,F,Female,BR_L_W,Live births per woman,2021,,0.05,,USA,United States,A,Normal value,0,Units,2,Two
US33,New Hampshire,_Z,Not applicable,FERT_RATIO,Fertility rate,Y15T19,From 15 to 19 years,F,Female,BR_L_W,Live births per woman,2021,,0.03,,USA,United States,A,Normal value,0,Units,2,Two
US53,Washington,_Z,Not applicable,FERT_RATIO,Fertility rate,Y15T19,From 15 to 19 years,F,Female,BR_L_W,Live births per woman,2021,,0.05,,USA,United States,A,Normal value,0,Units,2,Two
US13,Georgia,_Z,Not applicable,FERT_RATIO,Fertility rate,Y15T19,From 15 to 19 years,F,Female,BR_L_W,Live births per woman,2021,,0.08,,USA,United States,A,Normal value,0,Units,2,Two
US23,Maine,_Z,Not applicable,FERT_RATIO,Fertility rate,Y15T19,From 15 to 19 years,F,Female,BR_L_W,Live births per woman,2021,,0.04,,USA,United States,A,Normal value,0,Units,2,Two
US39,Ohio,_Z,Not applicable,FERT_RATIO,Fertility rate,Y15T19,From 15 to 19 years,F,Female,BR_L_W,Live births per woman,2021,,0.08,,USA,United States,A,Normal value,0,Units,2,Two
US55,Wisconsin,_Z,Not applicable,FERT_RATIO,Fertility rate,Y15T19,From 15 to 19 years,F,Female,BR_L_W,Live births per woman,2021,,0.05,,USA,United States,A,Normal value,0,Units,2,Two
US05,Arkansas,_Z,Not applicable,FERT_RATIO,Fertility rate,Y15T19,From 15 to 19 years,F,Female,BR_L_W,Live births per woman,2021,,0.13,,USA,United States,A,Normal value,0,Units,2,Two
US38,North Dakota,_Z,Not applicable,FERT_RATIO,Fertility rate,Y15T19,From 15 to 19 years,F,Female,BR_L_W,Live births per woman,2021,,0.06,,USA,United States,A,Normal value,0,Units,2,Two
US19,Iowa,_Z,Not applicable,FERT_RATIO,Fertility rate,Y15T19,From 15 to 19 years,F,Female,BR_L_W,Live births per woman,2021,,0.06,,USA,United States,A,Normal value,0,Units,2,Two
US46,South Dakota,_Z,Not applicable,FERT_RATIO,Fertility rate,Y15T19,From 15 to 19 years,F,Female,BR_L_W,Live births per woman,2021,,0.08,,USA,United States,A,Normal value,0,Units,2,Two
US09,Connecticut,_Z,Not applicable,FERT_RATIO,Fertility rate,Y15T19,From 15 to 19 years,F,Female,BR_L_W,Live births per woman,2021,,0.04,,USA,United States,A,Normal value,0,Units,2,Two
US40,Oklahoma,_Z,Not applicable,FERT_RATIO,Fertility rate,Y15T19,From 15 to 19 years,F,Female,BR_L_W,Live births per woman,2021,,0.12,,USA,United States,A,Normal value,0,Units,2,Two
US24,Maryland,_Z,Not applicable,FERT_RATIO,Fertility rate,Y15T19,From 15 to 19 years,F,Female,BR_L_W,Live births per woman,2021,,0.06,,USA,United States,A,Normal value,0,Units,2,Two
US56,Wyoming,_Z,Not applicable,FERT_RATIO,Fertility rate,Y15T19,From 15 to 19 years,F,Female,BR_L_W,Live births per woman,2021,,0.08,,USA,United States,A,Normal value,0,Units,2,Two
US27,Minnesota,_Z,Not applicable,FERT_RATIO,Fertility rate,Y15T19,From 15 to 19 years,F,Female,BR_L_W,Live births per woman,2021,,0.04,,USA,United States,A,Normal value,0,Units,2,Two
US34,New Jersey,_Z,Not applicable,FERT_RATIO,Fertility rate,Y15T19,From 15 to 19 years,F,Female,BR_L_W,Live births per woman,2021,,0.04,,USA,United States,A,Normal value,0,Units,2,Two
US01,Alabama,_Z,Not applicable,FERT_RATIO,Fertility rate,Y15T19,From 15 to 19 years,F,Female,BR_L_W,Live births per woman,2021,,0.12,,USA,United States,A,Normal value,0,Units,2,Two
US18,Indiana,_Z,Not applicable,FERT_RATIO,Fertility rate,Y15T19,From 15 to 19 years,F,Female,BR_L_W,Live births per woman,2021,,0.09,,USA,United States,A,Normal value,0,Units,2,Two
US35,New Mexico,_Z,Not applicable,FERT_RATIO,Fertility rate,Y15T19,From 15 to 19 years,F,Female,BR_L_W,Live births per woman,2021,,0.1,,USA,United States,A,Normal value,0,Units,2,Two
US10,Delaware,_Z,Not applicable,FERT_RATIO,Fertility rate,Y15T19,From 15 to 19 years,F,Female,BR_L_W,Live births per woman,2021,,0.07,,USA,United States,A,Normal value,0,Units,2,Two
US49,Utah,_Z,Not applicable,FERT_RATIO,Fertility rate,Y15T19,From 15 to 19 years,F,Female,BR_L_W,Live births per woman,2021,,0.05,,USA,United States,A,Normal value,0,Units,2,Two
US47,Tennessee,_Z,Not applicable,FERT_RATIO,Fertility rate,Y15T19,From 15 to 19 years,F,Female,BR_L_W,Live births per woman,2021,,0.11,,USA,United States,A,Normal value,0,Units,2,Two
US12,Florida,_Z,Not applicable,FERT_RATIO,Fertility rate,Y15T19,From 15 to 19 years,F,Female,BR_L_W,Live births per woman,2021,,0.07,,USA,United States,A,Normal value,0,Units,2,Two
US41,Oregon,_Z,Not applicable,FERT_RATIO,Fertility rate,Y15T19,From 15 to 19 years,F,Female,BR_L_W,Live births per woman,2021,,0.05,,USA,United States,A,Normal value,0,Units,2,Two
US54,West Virginia,_Z,Not applicable,FERT_RATIO,Fertility rate,Y15T19,From 15 to 19 years,F,Female,BR_L_W,Live births per woman,2021,,0.11,,USA,United States,A,Normal value,0,Units,2,Two
US15,Hawaii,_Z,Not applicable,FERT_RATIO,Fertility rate,Y15T19,From 15 to 19 years,F,Female,BR_L_W,Live births per woman,2021,,0.06,,USA,United States,A,Normal value,0,Units,2,Two
US50,Vermont,_Z,Not applicable,FERT_RATIO,Fertility rate,Y15T19,From 15 to 19 years,F,Female,BR_L_W,Live births per woman,2021,,0.03,,USA,United States,A,Normal value,0,Units,2,Two
US06,California,_Z,Not applicable,FERT_RATIO,Fertility rate,Y15T19,From 15 to 19 years,F,Female,BR_L_W,Live births per woman,2021,,0.05,,USA,United States,A,Normal value,0,Units,2,Two
US17,Illinois,_Z,Not applicable,FERT_RATIO,Fertility rate,Y15T19,From 15 to 19 years,F,Female,BR_L_W,Live births per woman,2021,,0.06,,USA,United States,A,Normal value,0,Units,2,Two
US48,Texas,_Z,Not applicable,FERT_RATIO,Fertility rate,Y15T19,From 15 to 19 years,F,Female,BR_L_W,Live births per woman,2021,,0.1,,USA,United States,A,Normal value,0,Units,2,Two
US45,South Carolina,_Z,Not applicable,FERT_RATIO,Fertility rate,Y15T19,From 15 to 19 years,F,Female,BR_L_W,Live births per woman,2021,,0.09,,USA,United States,A,Normal value,0,Units,2,Two
US08,Colorado,_Z,Not applicable,FERT_RATIO,Fertility rate,Y15T19,From 15 to 19 years,F,Female,BR_L_W,Live births per woman,2021,,0.06,,USA,United States,A,Normal value,0,Units,2,Two
US16,Idaho,_Z,Not applicable,FERT_RATIO,Fertility rate,Y15T19,From 15 to 19 years,F,Female,BR_L_W,Live births per woman,2021,,0.06,,USA,United States,A,Normal value,0,Units,2,Two
US21,Kentucky,_Z,Not applicable,FERT_RATIO,Fertility rate,Y15T19,From 15 to 19 years,F,Female,BR_L_W,Live births per woman,2021,,0.11,,USA,United States,A,Normal value,0,Units,2,Two
US22,Louisiana,_Z,Not applicable,FERT_RATIO,Fertility rate,Y15T19,From 15 to 19 years,F,Female,BR_L_W,Live births per woman,2021,,0.12,,USA,United States,A,Normal value,0,Units,2,Two
US31,Nebraska,_Z,Not applicable,FERT_RATIO,Fertility rate,Y15T19,From 15 to 19 years,F,Female,BR_L_W,Live births per woman,2021,,0.07,,USA,United States,A,Normal value,0,Units,2,Two
US04,Arizona,_Z,Not applicable,FERT_RATIO,Fertility rate,Y15T19,From 15 to 19 years,F,Female,BR_L_W,Live births per woman,2021,,0.08,,USA,United States,A,Normal value,0,Units,2,Two
US30,Montana,_Z,Not applicable,FERT_RATIO,Fertility rate,Y15T19,From 15 to 19 years,F,Female,BR_L_W,Live births per woman,2021,,0.07,,USA,United States,A,Normal value,0,Units,2,Two
US32,Nevada,_Z,Not applicable,FERT_RATIO,Fertility rate,Y15T19,From 15 to 19 years,F,Female,BR_L_W,Live births per woman,2021,,0.08,,USA,United States,A,Normal value,0,Units,2,Two
US25,Massachusetts,_Z,Not applicable,FERT_RATIO,Fertility rate,Y15T19,From 15 to 19 years,F,Female,BR_L_W,Live births per woman,2021,,0.03,,USA,United States,A,Normal value,0,Units,2,Two
US29,Missouri,_Z,Not applicable,FERT_RATIO,Fertility rate,Y15T19,From 15 to 19 years,F,Female,BR_L_W,Live births per woman,2021,,0.09,,USA,United States,A,Normal value,0,Units,2,Two
US44,Rhode Island,_Z,Not applicable,FERT_RATIO,Fertility rate,Y15T19,From 15 to 19 years,F,Female,BR_L_W,Live births per woman,2021,,0.04,,USA,United States,A,Normal value,0,Units,2,Two
US11,District of Columbia,_Z,Not applicable,FERT_RATIO,Fertility rate,Y15T19,From 15 to 19 years,F,Female,BR_L_W,Live births per woman,2021,,0.07,,USA,United States,A,Normal value,0,Units,2,Two
US37,North Carolina,_Z,Not applicable,FERT_RATIO,Fertility rate,Y15T19,From 15 to 19 years,F,Female,BR_L_W,Live births per woman,2021,,0.08,,USA,United States,A,Normal value,0,Units,2,Two
US20,Kansas,_Z,Not applicable,FERT_RATIO,Fertility rate,Y15T19,From 15 to 19 years,F,Female,BR_L_W,Live births per woman,2021,,0.08,,USA,United States,A,Normal value,0,Units,2,Two
US26,Michigan,_Z,Not applicable,FERT_RATIO,Fertility rate,Y15T19,From 15 to 19 years,F,Female,BR_L_W,Live births per woman,2021,,0.06,,USA,United States,A,Normal value,0,Units,2,Two
US02,Alaska,_Z,Not applicable,FERT_RATIO,Fertility rate,Y15T19,From 15 to 19 years,F,Female,BR_L_W,Live births per woman,2021,,0.09,,USA,United States,A,Normal value,0,Units,2,Two
US51,Virginia,_Z,Not applicable,FERT_RATIO,Fertility rate,Y15T19,From 15 to 19 years,F,Female,BR_L_W,Live births per woman,2021,,0.06,,USA,United States,A,Normal value,0,Units,2,Two
US42,Pennsylvania,_Z,Not applicable,FERT_RATIO,Fertility rate,Y15T19,From 15 to 19 years,F,Female,BR_L_W,Live births per woman,2021,,0.06,,USA,United States,A,Normal value,0,Units,2,Two
US46,South Dakota,_Z,Not applicable,FERT_RATIO,Fertility rate,_T,Total,F,Female,BR_L_W,Live births per woman,2021,,2.067,,USA,United States,A,Normal value,0,Units,2,Two
US30,Montana,_Z,Not applicable,FERT_RATIO,Fertility rate,_T,Total,F,Female,BR_L_W,Live births per woman,2021,,1.62,,USA,United States,A,Normal value,0,Units,2,Two
US45,South Carolina,_Z,Not applicable,FERT_RATIO,Fertility rate,_T,Total,F,Female,BR_L_W,Live births per woman,2021,,1.7075,,USA,United States,A,Normal value,0,Units,2,Two
US39,Ohio,_Z,Not applicable,FERT_RATIO,Fertility rate,_T,Total,F,Female,BR_L_W,Live births per woman,2021,,1.715,,USA,United States,A,Normal value,0,Units,2,Two
US17,Illinois,_Z,Not applicable,FERT_RATIO,Fertility rate,_T,Total,F,Female,BR_L_W,Live births per woman,2021,,1.5745,,USA,United States,A,Normal value,0,Units,2,Two
US25,Massachusetts,_Z,Not applicable,FERT_RATIO,Fertility rate,_T,Total,F,Female,BR_L_W,Live births per woman,2021,,1.434,,USA,United States,A,Normal value,0,Units,2,Two
US11,District of Columbia,_Z,Not applicable,FERT_RATIO,Fertility rate,_T,Total,F,Female,BR_L_W,Live births per woman,2021,,1.34,,USA,United States,A,Normal value,0,Units,2,Two
US20,Kansas,_Z,Not applicable,FERT_RATIO,Fertility rate,_T,Total,F,Female,BR_L_W,Live births per woman,2021,,1.84,,USA,United States,A,Normal value,0,Units,2,Two
US15,Hawaii,_Z,Not applicable,FERT_RATIO,Fertility rate,_T,Total,F,Female,BR_L_W,Live births per woman,2021,,1.7265,,USA,United States,A,Normal value,0,Units,2,Two
US19,Iowa,_Z,Not applicable,FERT_RATIO,Fertility rate,_T,Total,F,Female,BR_L_W,Live births per woman,2021,,1.8515,,USA,United States,A,Normal value,0,Units,2,Two
US48,Texas,_Z,Not applicable,FERT_RATIO,Fertility rate,_T,Total,F,Female,BR_L_W,Live births per woman,2021,,1.809,,USA,United States,A,Normal value,0,Units,2,Two
US33,New Hampshire,_Z,Not applicable,FERT_RATIO,Fertility rate,_T,Total,F,Female,BR_L_W,Live births per woman,2021,,1.476,,USA,United States,A,Normal value,0,Units,2,Two
US26,Michigan,_Z,Not applicable,FERT_RATIO,Fertility rate,_T,Total,F,Female,BR_L_W,Live births per woman,2021,,1.6365,,USA,United States,A,Normal value,0,Units,2,Two
US50,Vermont,_Z,Not applicable,FERT_RATIO,Fertility rate,_T,Total,F,Female,BR_L_W,Live births per woman,2021,,1.3705,,USA,United States,A,Normal value,0,Units,2,Two
US22,Louisiana,_Z,Not applicable,FERT_RATIO,Fertility rate,_T,Total,F,Female,BR_L_W,Live births per woman,2021,,1.8665,,USA,United States,A,Normal value,0,Units,2,Two
US51,Virginia,_Z,Not applicable,FERT_RATIO,Fertility rate,_T,Total,F,Female,BR_L_W,Live births per woman,2021,,1.66,,USA,United States,A,Normal value,0,Units,2,Two
US49,Utah,_Z,Not applicable,FERT_RATIO,Fertility rate,_T,Total,F,Female,BR_L_W,Live births per woman,2021,,1.9185,,USA,United States,A,Normal value,0,Units,2,Two
US04,Arizona,_Z,Not applicable,FERT_RATIO,Fertility rate,_T,Total,F,Female,BR_L_W,Live births per woman,2021,,1.636,,USA,United States,A,Normal value,0,Units,2,Two
US36,New York,_Z,Not applicable,FERT_RATIO,Fertility rate,_T,Total,F,Female,BR_L_W,Live births per woman,2021,,1.5635,,USA,United States,A,Normal value,0,Units,2,Two
US28,Mississippi,_Z,Not applicable,FERT_RATIO,Fertility rate,_T,Total,F,Female,BR_L_W,Live births per woman,2021,,1.818,,USA,United States,A,Normal value,0,Units,2,Two
US35,New Mexico,_Z,Not applicable,FERT_RATIO,Fertility rate,_T,Total,F,Female,BR_L_W,Live births per woman,2021,,1.5755,,USA,United States,A,Normal value,0,Units,2,Two
US24,Maryland,_Z,Not applicable,FERT_RATIO,Fertility rate,_T,Total,F,Female,BR_L_W,Live births per woman,2021,,1.6645,,USA,United States,A,Normal value,0,Units,2,Two
US16,Idaho,_Z,Not applicable,FERT_RATIO,Fertility rate,_T,Total,F,Female,BR_L_W,Live births per woman,2021,,1.8465,,USA,United States,A,Normal value,0,Units,2,Two
US02,Alaska,_Z,Not applicable,FERT_RATIO,Fertility rate,_T,Total,F,Female,BR_L_W,Live births per woman,2021,,1.886,,USA,United States,A,Normal value,0,Units,2,Two
US09,Connecticut,_Z,Not applicable,FERT_RATIO,Fertility rate,_T,Total,F,Female,BR_L_W,Live births per woman,2021,,1.576,,USA,United States,A,Normal value,0,Units,2,Two
US42,Pennsylvania,_Z,Not applicable,FERT_RATIO,Fertility rate,_T,Total,F,Female,BR_L_W,Live births per woman,2021,,1.612,,USA,United States,A,Normal value,0,Units,2,Two
US38,North Dakota,_Z,Not applicable,FERT_RATIO,Fertility rate,_T,Total,F,Female,BR_L_W,Live births per woman,2021,,1.939,,USA,United States,A,Normal value,0,Units,2,Two
US23,Maine,_Z,Not applicable,FERT_RATIO,Fertility rate,_T,Total,F,Female,BR_L_W,Live births per woman,2021,,1.476,,USA,United States,A,Normal value,0,Units,2,Two
US13,Georgia,_Z,Not applicable,FERT_RATIO,Fertility rate,_T,Total,F,Female,BR_L_W,Live births per woman,2021,,1.6675,,USA,United States,A,Normal value,0,Units,2,Two
US01,Alabama,_Z,Not applicable,FERT_RATIO,Fertility rate,_T,Total,F,Female,BR_L_W,Live births per woman,2021,,1.765,,USA,United States,A,Normal value,0,Units,2,Two
US37,North Carolina,_Z,Not applicable,FERT_RATIO,Fertility rate,_T,Total,F,Female,BR_L_W,Live births per woman,2021,,1.725,,USA,United States,A,Normal value,0,Units,2,Two
US32,Nevada,_Z,Not applicable,FERT_RATIO,Fertility rate,_T,Total,F,Female,BR_L_W,Live births per woman,2021,,1.606,,USA,United States,A,Normal value,0,Units,2,Two
US05,Arkansas,_Z,Not applicable,FERT_RATIO,Fertility rate,_T,Total,F,Female,BR_L_W,Live births per woman,2021,,1.836,,USA,United States,A,Normal value,0,Units,2,Two
US34,New Jersey,_Z,Not applicable,FERT_RATIO,Fertility rate,_T,Total,F,Female,BR_L_W,Live births per woman,2021,,1.7235,,USA,United States,A,Normal value,0,Units,2,Two
US54,West Virginia,_Z,Not applicable,FERT_RATIO,Fertility rate,_T,Total,F,Female,BR_L_W,Live births per woman,2021,,1.6505,,USA,United States,A,Normal value,0,Units,2,Two
US44,Rhode Island,_Z,Not applicable,FERT_RATIO,Fertility rate,_T,Total,F,Female,BR_L_W,Live births per woman,2021,,1.421,,USA,United States,A,Normal value,0,Units,2,Two
US06,California,_Z,Not applicable,FERT_RATIO,Fertility rate,_T,Total,F,Female,BR_L_W,Live births per woman,2021,,1.5365,,USA,United States,A,Normal value,0,Units,2,Two
US18,Indiana,_Z,Not applicable,FERT_RATIO,Fertility rate,_T,Total,F,Female,BR_L_W,Live births per woman,2021,,1.7935,,USA,United States,A,Normal value,0,Units,2,Two
US56,Wyoming,_Z,Not applicable,FERT_RATIO,Fertility rate,_T,Total,F,Female,BR_L_W,Live births per woman,2021,,1.746,,USA,United States,A,Normal value,0,Units,2,Two
US31,Nebraska,_Z,Not applicable,FERT_RATIO,Fertility rate,_T,Total,F,Female,BR_L_W,Live births per woman,2021,,1.954,,USA,United States,A,Normal value,0,Units,2,Two
US29,Missouri,_Z,Not applicable,FERT_RATIO,Fertility rate,_T,Total,F,Female,BR_L_W,Live births per woman,2021,,1.731,,USA,United States,A,Normal value,0,Units,2,Two
US41,Oregon,_Z,Not applicable,FERT_RATIO,Fertility rate,_T,Total,F,Female,BR_L_W,Live births per woman,2021,,1.431,,USA,United States,A,Normal value,0,Units,2,Two
US53,Washington,_Z,Not applicable,FERT_RATIO,Fertility rate,_T,Total,F,Female,BR_L_W,Live births per woman,2021,,1.5585,,USA,United States,A,Normal value,0,Units,2,Two
US12,Florida,_Z,Not applicable,FERT_RATIO,Fertility rate,_T,Total,F,Female,BR_L_W,Live births per woman,2021,,1.6215,,USA,United States,A,Normal value,0,Units,2,Two
US08,Colorado,_Z,Not applicable,FERT_RATIO,Fertility rate,_T,Total,F,Female,BR_L_W,Live births per woman,2021,,1.5175,,USA,United States,A,Normal value,0,Units,2,Two
US55,Wisconsin,_Z,Not applicable,FERT_RATIO,Fertility rate,_T,Total,F,Female,BR_L_W,Live births per woman,2021,,1.6885,,USA,United States,A,Normal value,0,Units,2,Two
US27,Minnesota,_Z,Not applicable,FERT_RATIO,Fertility rate,_T,Total,F,Female,BR_L_W,Live births per woman,2021,,1.749,,USA,United States,A,Normal value,0,Units,2,Two
US47,Tennessee,_Z,Not applicable,FERT_RATIO,Fertility rate,_T,Total,F,Female,BR_L_W,Live births per woman,2021,,1.7515,,USA,United States,A,Normal value,0,Units,2,Two
US21,Kentucky,_Z,Not applicable,FERT_RATIO,Fertility rate,_T,Total,F,Female,BR_L_W,Live births per woman,2021,,1.8125,,USA,United States,A,Normal value,0,Units,2,Two
US10,Delaware,_Z,Not applicable,FERT_RATIO,Fertility rate,_T,Total,F,Female,BR_L_W,Live births per woman,2021,,1.678,,USA,United States,A,Normal value,0,Units,2,Two
US40,Oklahoma,_Z,Not applicable,FERT_RATIO,Fertility rate,_T,Total,F,Female,BR_L_W,Live births per woman,2021,,1.8285,,USA,United States,A,Normal value,0,Units,2,Two
US40,Oklahoma,_Z,Not applicable,FERT_RATIO,Fertility rate,_T,Total,F,Female,BR_L_W,Live births per woman,2022,,1.7985,,USA,United States,A,Normal value,0,Units,2,Two
US21,Kentucky,_Z,Not applicable,FERT_RATIO,Fertility rate,_T,Total,F,Female,BR_L_W,Live births per woman,2022,,1.816,,USA,United States,A,Normal value,0,Units,2,Two
US10,Delaware,_Z,Not applicable,FERT_RATIO,Fertility rate,_T,Total,F,Female,BR_L_W,Live births per woman,2022,,1.7085,,USA,United States,A,Normal value,0,Units,2,Two
US47,Tennessee,_Z,Not applicable,FERT_RATIO,Fertility rate,_T,Total,F,Female,BR_L_W,Live births per woman,2022,,1.733,,USA,United States,A,Normal value,0,Units,2,Two
US27,Minnesota,_Z,Not applicable,FERT_RATIO,Fertility rate,_T,Total,F,Female,BR_L_W,Live births per woman,2022,,1.752,,USA,United States,A,Normal value,0,Units,2,Two
US08,Colorado,_Z,Not applicable,FERT_RATIO,Fertility rate,_T,Total,F,Female,BR_L_W,Live births per woman,2022,,1.4885,,USA,United States,A,Normal value,0,Units,2,Two
US55,Wisconsin,_Z,Not applicable,FERT_RATIO,Fertility rate,_T,Total,F,Female,BR_L_W,Live births per woman,2022,,1.6485,,USA,United States,A,Normal value,0,Units,2,Two
US12,Florida,_Z,Not applicable,FERT_RATIO,Fertility rate,_T,Total,F,Female,BR_L_W,Live births per woman,2022,,1.6445,,USA,United States,A,Normal value,0,Units,2,Two
US53,Washington,_Z,Not applicable,FERT_RATIO,Fertility rate,_T,Total,F,Female,BR_L_W,Live births per woman,2022,,1.533,,USA,United States,A,Normal value,0,Units,2,Two
US41,Oregon,_Z,Not applicable,FERT_RATIO,Fertility rate,_T,Total,F,Female,BR_L_W,Live births per woman,2022,,1.3895,,USA,United States,A,Normal value,0,Units,2,Two
US29,Missouri,_Z,Not applicable,FERT_RATIO,Fertility rate,_T,Total,F,Female,BR_L_W,Live births per woman,2022,,1.7145,,USA,United States,A,Normal value,0,Units,2,Two
US31,Nebraska,_Z,Not applicable,FERT_RATIO,Fertility rate,_T,Total,F,Female,BR_L_W,Live births per woman,2022,,1.9385,,USA,United States,A,Normal value,0,Units,2,Two
US56,Wyoming,_Z,Not applicable,FERT_RATIO,Fertility rate,_T,Total,F,Female,BR_L_W,Live births per woman,2022,,1.6935,,USA,United States,A,Normal value,0,Units,2,Two
US18,Indiana,_Z,Not applicable,FERT_RATIO,Fertility rate,_T,Total,F,Female,BR_L_W,Live births per woman,2022,,1.7795,,USA,United States,A,Normal value,0,Units,2,Two
US06,California,_Z,Not applicable,FERT_RATIO,Fertility rate,_T,Total,F,Female,BR_L_W,Live births per woman,2022,,1.544,,USA,United States,A,Normal value,0,Units,2,Two
US44,Rhode Island,_Z,Not applicable,FERT_RATIO,Fertility rate,_T,Total,F,Female,BR_L_W,Live births per woman,2022,,1.4045,,USA,United States,A,Normal value,0,Units,2,Two
US54,West Virginia,_Z,Not applicable,FERT_RATIO,Fertility rate,_T,Total,F,Female,BR_L_W,Live births per woman,2022,,1.6235,,USA,United States,A,Normal value,0,Units,2,Two
US34,New Jersey,_Z,Not applicable,FERT_RATIO,Fertility rate,_T,Total,F,Female,BR_L_W,Live births per woman,2022,,1.7455,,USA,United States,A,Normal value,0,Units,2,Two
US05,Arkansas,_Z,Not applicable,FERT_RATIO,Fertility rate,_T,Total,F,Female,BR_L_W,Live births per woman,2022,,1.789,,USA,United States,A,Normal value,0,Units,2,Two
US32,Nevada,_Z,Not applicable,FERT_RATIO,Fertility rate,_T,Total,F,Female,BR_L_W,Live births per woman,2022,,1.556,,USA,United States,A,Normal value,0,Units,2,Two
US37,North Carolina,_Z,Not applicable,FERT_RATIO,Fertility rate,_T,Total,F,Female,BR_L_W,Live births per woman,2022,,1.7075,,USA,United States,A,Normal value,0,Units,2,Two
US01,Alabama,_Z,Not applicable,FERT_RATIO,Fertility rate,_T,Total,F,Female,BR_L_W,Live births per woman,2022,,1.7425,,USA,United States,A,Normal value,0,Units,2,Two
US13,Georgia,_Z,Not applicable,FERT_RATIO,Fertility rate,_T,Total,F,Female,BR_L_W,Live births per woman,2022,,1.6685,,USA,United States,A,Normal value,0,Units,2,Two
US23,Maine,_Z,Not applicable,FERT_RATIO,Fertility rate,_T,Total,F,Female,BR_L_W,Live births per woman,2022,,1.4695,,USA,United States,A,Normal value,0,Units,2,Two
US38,North Dakota,_Z,Not applicable,FERT_RATIO,Fertility rate,_T,Total,F,Female,BR_L_W,Live births per woman,2022,,1.838,,USA,United States,A,Normal value,0,Units,2,Two
US02,Alaska,_Z,Not applicable,FERT_RATIO,Fertility rate,_T,Total,F,Female,BR_L_W,Live births per woman,2022,,1.885,,USA,United States,A,Normal value,0,Units,2,Two
US09,Connecticut,_Z,Not applicable,FERT_RATIO,Fertility rate,_T,Total,F,Female,BR_L_W,Live births per woman,2022,,1.545,,USA,United States,A,Normal value,0,Units,2,Two
US42,Pennsylvania,_Z,Not applicable,FERT_RATIO,Fertility rate,_T,Total,F,Female,BR_L_W,Live births per woman,2022,,1.584,,USA,United States,A,Normal value,0,Units,2,Two
US16,Idaho,_Z,Not applicable,FERT_RATIO,Fertility rate,_T,Total,F,Female,BR_L_W,Live births per woman,2022,,1.8055,,USA,United States,A,Normal value,0,Units,2,Two
US24,Maryland,_Z,Not applicable,FERT_RATIO,Fertility rate,_T,Total,F,Female,BR_L_W,Live births per woman,2022,,1.6875,,USA,United States,A,Normal value,0,Units,2,Two
US35,New Mexico,_Z,Not applicable,FERT_RATIO,Fertility rate,_T,Total,F,Female,BR_L_W,Live births per woman,2022,,1.5865,,USA,United States,A,Normal value,0,Units,2,Two
US28,Mississippi,_Z,Not applicable,FERT_RATIO,Fertility rate,_T,Total,F,Female,BR_L_W,Live births per woman,2022,,1.787,,USA,United States,A,Normal value,0,Units,2,Two
US36,New York,_Z,Not applicable,FERT_RATIO,Fertility rate,_T,Total,F,Female,BR_L_W,Live births per woman,2022,,1.555,,USA,United States,A,Normal value,0,Units,2,Two
US04,Arizona,_Z,Not applicable,FERT_RATIO,Fertility rate,_T,Total,F,Female,BR_L_W,Live births per woman,2022,,1.618,,USA,United States,A,Normal value,0,Units,2,Two
US49,Utah,_Z,Not applicable,FERT_RATIO,Fertility rate,_T,Total,F,Female,BR_L_W,Live births per woman,2022,,1.8525,,USA,United States,A,Normal value,0,Units,2,Two
US51,Virginia,_Z,Not applicable,FERT_RATIO,Fertility rate,_T,Total,F,Female,BR_L_W,Live births per woman,2022,,1.6535,,USA,United States,A,Normal value,0,Units,2,Two
US22,Louisiana,_Z,Not applicable,FERT_RATIO,Fertility rate,_T,Total,F,Female,BR_L_W,Live births per woman,2022,,1.8495,,USA,United States,A,Normal value,0,Units,2,Two
US50,Vermont,_Z,Not applicable,FERT_RATIO,Fertility rate,_T,Total,F,Female,BR_L_W,Live births per woman,2022,,1.3515,,USA,United States,A,Normal value,0,Units,2,Two
US26,Michigan,_Z,Not applicable,FERT_RATIO,Fertility rate,_T,Total,F,Female,BR_L_W,Live births per woman,2022,,1.5975,,USA,United States,A,Normal value,0,Units,2,Two
US33,New Hampshire,_Z,Not applicable,FERT_RATIO,Fertility rate,_T,Total,F,Female,BR_L_W,Live births per woman,2022,,1.408,,USA,United States,A,Normal value,0,Units,2,Two
US48,Texas,_Z,Not applicable,FERT_RATIO,Fertility rate,_T,Total,F,Female,BR_L_W,Live births per woman,2022,,1.8435,,USA,United States,A,Normal value,0,Units,2,Two
US19,Iowa,_Z,Not applicable,FERT_RATIO,Fertility rate,_T,Total,F,Female,BR_L_W,Live births per woman,2022,,1.8365,,USA,United States,A,Normal value,0,Units,2,Two
US15,Hawaii,_Z,Not applicable,FERT_RATIO,Fertility rate,_T,Total,F,Female,BR_L_W,Live births per woman,2022,,1.7365,,USA,United States,A,Normal value,0,Units,2,Two
US20,Kansas,_Z,Not applicable,FERT_RATIO,Fertility rate,_T,Total,F,Female,BR_L_W,Live births per woman,2022,,1.827,,USA,United States,A,Normal value,0,Units,2,Two
US11,District of Columbia,_Z,Not applicable,FERT_RATIO,Fertility rate,_T,Total,F,Female,BR_L_W,Live births per woman,2022,,1.243,,USA,United States,A,Normal value,0,Units,2,Two
US25,Massachusetts,_Z,Not applicable,FERT_RATIO,Fertility rate,_T,Total,F,Female,BR_L_W,Live births per woman,2022,,1.435,,USA,United States,A,Normal value,0,Units,2,Two
US17,Illinois,_Z,Not applicable,FERT_RATIO,Fertility rate,_T,Total,F,Female,BR_L_W,Live births per woman,2022,,1.541,,USA,United States,A,Normal value,0,Units,2,Two
US39,Ohio,_Z,Not applicable,FERT_RATIO,Fertility rate,_T,Total,F,Female,BR_L_W,Live births per woman,2022,,1.6955,,USA,United States,A,Normal value,0,Units,2,Two
US45,South Carolina,_Z,Not applicable,FERT_RATIO,Fertility rate,_T,Total,F,Female,BR_L_W,Live births per woman,2022,,1.6955,,USA,United States,A,Normal value,0,Units,2,Two
US30,Montana,_Z,Not applicable,FERT_RATIO,Fertility rate,_T,Total,F,Female,BR_L_W,Live births per woman,2022,,1.578,,USA,United States,A,Normal value,0,Units,2,Two
US46,South Dakota,_Z,Not applicable,FERT_RATIO,Fertility rate,_T,Total,F,Female,BR_L_W,Live births per woman,2022,,2.012,,USA,United States,A,Normal value,0,Units,2,Two
US46,South Dakota,_Z,Not applicable,FERT_RATIO,Fertility rate,_T,Total,F,Female,BR_L_W,Live births per woman,2023,,2,,USA,United States,A,Normal value,0,Units,2,Two
US30,Montana,_Z,Not applicable,FERT_RATIO,Fertility rate,_T,Total,F,Female,BR_L_W,Live births per woman,2023,,1.5555,,USA,United States,A,Normal value,0,Units,2,Two
US45,South Carolina,_Z,Not applicable,FERT_RATIO,Fertility rate,_T,Total,F,Female,BR_L_W,Live births per woman,2023,,1.672,,USA,United States,A,Normal value,0,Units,2,Two
US17,Illinois,_Z,Not applicable,FERT_RATIO,Fertility rate,_T,Total,F,Female,BR_L_W,Live births per woman,2023,,1.5025,,USA,United States,A,Normal value,0,Units,2,Two
US39,Ohio,_Z,Not applicable,FERT_RATIO,Fertility rate,_T,Total,F,Female,BR_L_W,Live births per woman,2023,,1.678,,USA,United States,A,Normal value,0,Units,2,Two
US25,Massachusetts,_Z,Not applicable,FERT_RATIO,Fertility rate,_T,Total,F,Female,BR_L_W,Live births per woman,2023,,1.3945,,USA,United States,A,Normal value,0,Units,2,Two
US11,District of Columbia,_Z,Not applicable,FERT_RATIO,Fertility rate,_T,Total,F,Female,BR_L_W,Live births per woman,2023,,1.197,,USA,United States,A,Normal value,0,Units,2,Two
US20,Kansas,_Z,Not applicable,FERT_RATIO,Fertility rate,_T,Total,F,Female,BR_L_W,Live births per woman,2023,,1.812,,USA,United States,A,Normal value,0,Units,2,Two
US15,Hawaii,_Z,Not applicable,FERT_RATIO,Fertility rate,_T,Total,F,Female,BR_L_W,Live births per woman,2023,,1.681,,USA,United States,A,Normal value,0,Units,2,Two
US19,Iowa,_Z,Not applicable,FERT_RATIO,Fertility rate,_T,Total,F,Female,BR_L_W,Live births per woman,2023,,1.813,,USA,United States,A,Normal value,0,Units,2,Two
US48,Texas,_Z,Not applicable,FERT_RATIO,Fertility rate,_T,Total,F,Female,BR_L_W,Live births per woman,2023,,1.8135,,USA,United States,A,Normal value,0,Units,2,Two
US33,New Hampshire,_Z,Not applicable,FERT_RATIO,Fertility rate,_T,Total,F,Female,BR_L_W,Live births per woman,2023,,1.381,,USA,United States,A,Normal value,0,Units,2,Two
US26,Michigan,_Z,Not applicable,FERT_RATIO,Fertility rate,_T,Total,F,Female,BR_L_W,Live births per woman,2023,,1.5475,,USA,United States,A,Normal value,0,Units,2,Two
US50,Vermont,_Z,Not applicable,FERT_RATIO,Fertility rate,_T,Total,F,Female,BR_L_W,Live births per woman,2023,,1.287,,USA,United States,A,Normal value,0,Units,2,Two
US22,Louisiana,_Z,Not applicable,FERT_RATIO,Fertility rate,_T,Total,F,Female,BR_L_W,Live births per woman,2023,,1.829,,USA,United States,A,Normal value,0,Units,2,Two
US51,Virginia,_Z,Not applicable,FERT_RATIO,Fertility rate,_T,Total,F,Female,BR_L_W,Live births per woman,2023,,1.6,,USA,United States,A,Normal value,0,Units,2,Two
US49,Utah,_Z,Not applicable,FERT_RATIO,Fertility rate,_T,Total,F,Female,BR_L_W,Live births per woman,2023,,1.8005,,USA,United States,A,Normal value,0,Units,2,Two
US04,Arizona,_Z,Not applicable,FERT_RATIO,Fertility rate,_T,Total,F,Female,BR_L_W,Live births per woman,2023,,1.602,,USA,United States,A,Normal value,0,Units,2,Two
US36,New York,_Z,Not applicable,FERT_RATIO,Fertility rate,_T,Total,F,Female,BR_L_W,Live births per woman,2023,,1.5325,,USA,United States,A,Normal value,0,Units,2,Two
US28,Mississippi,_Z,Not applicable,FERT_RATIO,Fertility rate,_T,Total,F,Female,BR_L_W,Live births per woman,2023,,1.7915,,USA,United States,A,Normal value,0,Units,2,Two
US24,Maryland,_Z,Not applicable,FERT_RATIO,Fertility rate,_T,Total,F,Female,BR_L_W,Live births per woman,2023,,1.614,,USA,United States,A,Normal value,0,Units,2,Two
US35,New Mexico,_Z,Not applicable,FERT_RATIO,Fertility rate,_T,Total,F,Female,BR_L_W,Live births per woman,2023,,1.551,,USA,United States,A,Normal value,0,Units,2,Two
US16,Idaho,_Z,Not applicable,FERT_RATIO,Fertility rate,_T,Total,F,Female,BR_L_W,Live births per woman,2023,,1.793,,USA,United States,A,Normal value,0,Units,2,Two
US02,Alaska,_Z,Not applicable,FERT_RATIO,Fertility rate,_T,Total,F,Female,BR_L_W,Live births per woman,2023,,1.8325,,USA,United States,A,Normal value,0,Units,2,Two
US09,Connecticut,_Z,Not applicable,FERT_RATIO,Fertility rate,_T,Total,F,Female,BR_L_W,Live births per woman,2023,,1.517,,USA,United States,A,Normal value,0,Units,2,Two
US42,Pennsylvania,_Z,Not applicable,FERT_RATIO,Fertility rate,_T,Total,F,Female,BR_L_W,Live births per woman,2023,,1.55,,USA,United States,A,Normal value,0,Units,2,Two
US38,North Dakota,_Z,Not applicable,FERT_RATIO,Fertility rate,_T,Total,F,Female,BR_L_W,Live births per woman,2023,,1.8485,,USA,United States,A,Normal value,0,Units,2,Two
US23,Maine,_Z,Not applicable,FERT_RATIO,Fertility rate,_T,Total,F,Female,BR_L_W,Live births per woman,2023,,1.3995,,USA,United States,A,Normal value,0,Units,2,Two
US13,Georgia,_Z,Not applicable,FERT_RATIO,Fertility rate,_T,Total,F,Female,BR_L_W,Live births per woman,2023,,1.6445,,USA,United States,A,Normal value,0,Units,2,Two
US01,Alabama,_Z,Not applicable,FERT_RATIO,Fertility rate,_T,Total,F,Female,BR_L_W,Live births per woman,2023,,1.7345,,USA,United States,A,Normal value,0,Units,2,Two
US37,North Carolina,_Z,Not applicable,FERT_RATIO,Fertility rate,_T,Total,F,Female,BR_L_W,Live births per woman,2023,,1.6635,,USA,United States,A,Normal value,0,Units,2,Two
US32,Nevada,_Z,Not applicable,FERT_RATIO,Fertility rate,_T,Total,F,Female,BR_L_W,Live births per woman,2023,,1.499,,USA,United States,A,Normal value,0,Units,2,Two
US05,Arkansas,_Z,Not applicable,FERT_RATIO,Fertility rate,_T,Total,F,Female,BR_L_W,Live births per woman,2023,,1.775,,USA,United States,A,Normal value,0,Units,2,Two
US34,New Jersey,_Z,Not applicable,FERT_RATIO,Fertility rate,_T,Total,F,Female,BR_L_W,Live births per woman,2023,,1.7035,,USA,United States,A,Normal value,0,Units,2,Two
US54,West Virginia,_Z,Not applicable,FERT_RATIO,Fertility rate,_T,Total,F,Female,BR_L_W,Live births per woman,2023,,1.6025,,USA,United States,A,Normal value,0,Units,2,Two
US44,Rhode Island,_Z,Not applicable,FERT_RATIO,Fertility rate,_T,Total,F,Female,BR_L_W,Live births per woman,2023,,1.336,,USA,United States,A,Normal value,0,Units,2,Two
US06,California,_Z,Not applicable,FERT_RATIO,Fertility rate,_T,Total,F,Female,BR_L_W,Live births per woman,2023,,1.4805,,USA,United States,A,Normal value,0,Units,2,Two
US56,Wyoming,_Z,Not applicable,FERT_RATIO,Fertility rate,_T,Total,F,Female,BR_L_W,Live births per woman,2023,,1.683,,USA,United States,A,Normal value,0,Units,2,Two
US18,Indiana,_Z,Not applicable,FERT_RATIO,Fertility rate,_T,Total,F,Female,BR_L_W,Live births per woman,2023,,1.765,,USA,United States,A,Normal value,0,Units,2,Two
US31,Nebraska,_Z,Not applicable,FERT_RATIO,Fertility rate,_T,Total,F,Female,BR_L_W,Live births per woman,2023,,1.913,,USA,United States,A,Normal value,0,Units,2,Two
US29,Missouri,_Z,Not applicable,FERT_RATIO,Fertility rate,_T,Total,F,Female,BR_L_W,Live births per woman,2023,,1.6695,,USA,United States,A,Normal value,0,Units,2,Two
US41,Oregon,_Z,Not applicable,FERT_RATIO,Fertility rate,_T,Total,F,Female,BR_L_W,Live births per woman,2023,,1.352,,USA,United States,A,Normal value,0,Units,2,Two
US53,Washington,_Z,Not applicable,FERT_RATIO,Fertility rate,_T,Total,F,Female,BR_L_W,Live births per woman,2023,,1.486,,USA,United States,A,Normal value,0,Units,2,Two
US12,Florida,_Z,Not applicable,FERT_RATIO,Fertility rate,_T,Total,F,Female,BR_L_W,Live births per woman,2023,,1.601,,USA,United States,A,Normal value,0,Units,2,Two
US08,Colorado,_Z,Not applicable,FERT_RATIO,Fertility rate,_T,Total,F,Female,BR_L_W,Live births per woman,2023,,1.454,,USA,United States,A,Normal value,0,Units,2,Two
US55,Wisconsin,_Z,Not applicable,FERT_RATIO,Fertility rate,_T,Total,F,Female,BR_L_W,Live births per woman,2023,,1.628,,USA,United States,A,Normal value,0,Units,2,Two
US27,Minnesota,_Z,Not applicable,FERT_RATIO,Fertility rate,_T,Total,F,Female,BR_L_W,Live births per woman,2023,,1.687,,USA,United States,A,Normal value,0,Units,2,Two
US47,Tennessee,_Z,Not applicable,FERT_RATIO,Fertility rate,_T,Total,F,Female,BR_L_W,Live births per woman,2023,,1.733,,USA,United States,A,Normal value,0,Units,2,Two
US21,Kentucky,_Z,Not applicable,FERT_RATIO,Fertility rate,_T,Total,F,Female,BR_L_W,Live births per woman,2023,,1.8045,,USA,United States,A,Normal value,0,Units,2,Two
US10,Delaware,_Z,Not applicable,FERT_RATIO,Fertility rate,_T,Total,F,Female,BR_L_W,Live births per woman,2023,,1.6335,,USA,United States,A,Normal value,0,Units,2,Two
US40,Oklahoma,_Z,Not applicable,FERT_RATIO,Fertility rate,_T,Total,F,Female,BR_L_W,Live births per woman,2023,,1.7755,,USA,United States,A,Normal value,0,Units,2,Two
