STRUCTURE,STRUCTURE_ID,STRUCTURE_NAME,ACTION,FREQ,Frequency of observation,TERRITORIAL_LEVEL,Territorial level,REF_AREA,Reference area,TERRITORIAL_TYPE,Territorial typology,MEASURE,Measure,AGE,Age,SEX,Sex,UNIT_MEASURE,Unit of measure,TIME_PERIOD,Time period,OBS_VALUE,Observation value,COUNTRY,Country,OBS_STATUS,Observation status,UNIT_MULT,Unit multiplier,DECIMALS,Decimals
DATAFLOW,OECD.CFE.EDS:DSD_REG_DEMO@DF_FERTILITY(2.4),Fertility - Regions,I,A,Annual,TL2,TL2,AT11,Burgenland,_Z,Not applicable,LIVE_BIRTHS,Live births,Y0,0 years,_T,Total,BR,Births,2021,,2240,,AUT,Austria,A,Normal value,0,Units,0,Zero
DATAFLOW,OECD.CFE.EDS:DSD_REG_DEMO@DF_FERTILITY(2.4),Fertility - Regions,I,A,Annual,TL2,TL2,AT31,Upper Austria,_Z,Not applicable,LIVE_BIRTHS,Live births,Y0,0 years,_T,Total,BR,Births,2021,,15247,,AUT,Austria,A,Normal value,0,Units,0,Zero
DATAFLOW,OECD.CFE.EDS:DSD_REG_DEMO@DF_FERTILITY(2.4),Fertility - Regions,I,A,Annual,TL2,TL2,AT33,Tyrol,_Z,Not applicable,LIVE_BIRTHS,Live births,Y0,0 years,_T,Total,BR,Births,2021,,7934,,AUT,Austria,A,Normal value,0,Units,0,Zero
DATAFLOW,OECD.CFE.EDS:DSD_REG_DEMO@DF_FERTILITY(2.4),Fertility - Regions,I,A,Annual,TL2,TL2,AT22,Styria,_Z,Not applicable,LIVE_BIRTHS,Live births,Y0,0 years,_T,Total,BR,Births,2021,,11357,,AUT,Austria,A,Normal value,0,Units,0,Zero
DATAFLOW,OECD.CFE.EDS:DSD_REG_DEMO@DF_FERTILITY(2.4),Fertility - Regions,I,A,Annual,TL2,TL2,AT21,Carinthia,_Z,Not applicable,LIVE_BIRTHS,Live births,Y0,0 years,_T,Total,BR,Births,2021,,4630,,AUT,Austria,A,Normal value,0,Units,0,Zero
DATAFLOW,OECD.CFE.EDS:DSD_REG_DEMO@DF_FERTILITY(2.4),Fertility - Regions,I,A,Annual,TL2,TL2,AT34,Vorarlberg,_Z,Not applicable,LIVE_BIRTHS,Live births,Y0,0 years,_T,Total,BR,Births,2021,,4295,,AUT,Austria,A,Normal value,0,Units,0,Zero
DATAFLOW,OECD.CFE.EDS:DSD_REG_DEMO@DF_FERTILITY(2.4),Fertility - Regions,I,A,Annual,TL2,TL2,AT13,Vienna,_Z,Not applicable,LIVE_BIRTHS,Live births,Y0,0 years,_T,Total,BR,Births,2021,,19359,,AUT,Austria,A,Normal value,0,Units,0,Zero
DATAFLOW,OECD.CFE.EDS:DSD_REG_DEMO@DF_FERTILITY(2.4),Fertility - Regions,I,A,Annual,TL2,TL2,AT32,Salzburg,_Z,Not applicable,LIVE_BIRTHS,Live births,Y0,0 years,_T,Total,BR,Births,2021,,5755,,AUT,Austria,A,Normal value,0,Units,0,Zero
DATAFLOW,OECD.CFE.EDS:DSD_REG_DEMO@DF_FERTILITY(2.4),Fertility - Regions,I,A,Annual,TL2,TL2,AT12,Lower Austria,_Z,Not applicable,LIVE_BIRTHS,Live births,Y0,0 years,_T,Total,BR,Births,2021,,15261,,AUT,Austria,A,Normal value,0,Units,0,Zero
DATAFLOW,OECD.CFE.EDS:DSD_REG_DEMO@DF_FERTILITY(2.4),Fertility - Regions,I,A,Annual,TL2,TL2,AT12,Lower Austria,_Z,Not applicable,LIVE_BIRTHS,Live births,Y0,0 years,_T,Total,BR,Births,2022,,14503,,AUT,Austria,A,Normal value,0,Units,0,Zero
DATAFLOW,OECD.CFE.EDS:DSD_REG_DEMO@DF_FERTILITY(2.4),Fertility - Regions,I,A,Annual,TL2,TL2,AT32,Salzburg,_Z,Not applicable,LIVE_BIRTHS,Live births,Y0,0 years,_T,Total,BR,Births,2022,,5453,,AUT,Austria,A,Normal value,0,Units,0,Zero
DATAFLOW,OECD.CFE.EDS:DSD_REG_DEMO@DF_FERTILITY(2.4),Fertility - Regions,I,A,Annual,TL2,TL2,AT13,Vienna,_Z,Not applicable,LIVE_BIRTHS,Live births,Y0,0 years,_T,Total,BR,Births,2022,,19142,,AUT,Austria,A,Normal value,0,Units,0,Zero
DATAFLOW,OECD.CFE.EDS:DSD_REG_DEMO@DF_FERTILITY(2.4),Fertility - Regions,I,A,Annual,TL2,TL2,AT34,Vorarlberg,_Z,Not applicable,LIVE_BIRTHS,Live births,Y0,0 years,_T,Total,BR,Births,2022,,4009,,AUT,Austria,A,Normal value,0,Units,0,Zero
DATAFLOW,OECD.CFE.EDS:DSD_REG_DEMO@DF_FERTILITY(2.4),Fertility - Regions,I,A,Annual,TL2,TL2,AT21,Carinthia,_Z,Not applicable,LIVE_BIRTHS,Live births,Y0,0 years,_T,Total,BR,Births,2022,,4463,,AUT,Austria,A,Normal value,0,Units,0,Zero
DATAFLOW,OECD.CFE.EDS:DSD_REG_DEMO@DF_FERTILITY(2.4),Fertility - Regions,I,A,Annual,TL2,TL2,AT22,Styria,_Z,Not applicable,LIVE_BIRTHS,Live births,Y0,0 years,_T,Total,BR,Births,2022,,10691,,AUT,Austria,A,Normal value,0,Units,0,Zero
DATAFLOW,OECD.CFE.EDS:DSD_REG_DEMO@DF_FERTILITY(2.4),Fertility - Regions,I,A,Annual,TL2,TL2,AT33,Tyrol,_Z,Not applicable,LIVE_BIRTHS,Live births,Y0,0 years,_T,Total,BR,Births,2022,,7428,,AUT,Austria,A,Normal value,0,Units,0,Zero
DATAFLOW,OECD.CFE.EDS:DSD_REG_DEMO@DF_FERTILITY(2.4),Fertility - Regions,I,A,Annual,TL2,TL2,AT31,Upper Austria,_Z,Not applicable,LIVE_BIRTHS,Live births,Y0,0 years,_T,Total,BR,Births,2022,,14797,,AUT,Austria,A,Normal value,0,Units,0,Zero
DATAFLOW,OECD.CFE.EDS:DSD_REG_DEMO@DF_FERTILITY(2.4),Fertility - Regions,I,A,Annual,TL2,TL2,AT11,Burgenland,_Z,Not applicable,LIVE_BIRTHS,Live births,Y0,0 years,_T,Total,BR,Births,2022,,2141,,AUT,Austria,A,Normal value,0,Units,0,Zero
DATAFLOW,OECD.CFE.EDS:DSD_REG_DEMO@DF_FERTILITY(2.4),Fertility - Regions,I,A,Annual,TL2,TL2,AT11,Burgenland,_Z,Not applicable,LIVE_BIRTHS,Live births,Y0,0 years,_T,Total,BR,Births,2023,,1979,,AUT,Austria,A,Normal value,0,Units,0,Zero
DATAFLOW,OECD.CFE.EDS:DSD_REG_DEMO@DF_FERTILITY(2.4),Fertility - Regions,I,A,Annual,TL2,TL2,AT31,Upper Austria,_Z,Not applicable,LIVE_BIRTHS,Live births,Y0,0 years,_T,Total,BR,Births,2023,,13666,,AUT,Austria,A,Normal value,0,Units,0,Zero
DATAFLOW,OECD.CFE.EDS:DSD_REG_DEMO@DF_FERTILITY(2.4),Fertility - Regions,I,A,Annual,TL2,TL2,AT33,Tyrol,_Z,Not applicable,LIVE_BIRTHS,Live births,Y0,0 years,_T,Total,BR,Births,2023,,6766,,AUT,Austria,A,Normal value,0,Units,0,Zero
DATAFLOW,OECD.CFE.EDS:DSD_REG_DEMO@DF_FERTILITY(2.4),Fertility - Regions,I,A,Annual,TL2,TL2,AT22,Styria,_Z,Not applicable,LIVE_BIRTHS,Live births,Y0,0 years,_T,Total,BR,Births,2023,,10375,,AUT,Austria,A,Normal value,0,Units,0,Zero
DATAFLOW,OECD.CFE.EDS:DSD_REG_DEMO@DF_FERTILITY(2.4),Fertility - Regions,I,A,Annual,TL2,TL2,AT21,Carinthia,_Z,Not applicable,LIVE_BIRTHS,Live births,Y0,0 years,_T,Total,BR,Births,2023,,4217,,AUT,Austria,A,Normal value,0,Units,0,Zero
DATAFLOW,OECD.CFE.EDS:DSD_REG_DEMO@DF_FERTILITY(2.4),Fertility - Regions,I,A,Annual,TL2,TL2,AT34,Vorarlberg,_Z,Not applicable,LIVE_BIRTHS,Live births,Y0,0 years,_T,Total,BR,Births,2023,,3892,,AUT,Austria,A,Normal value,0,Units,0,Zero
DATAFLOW,OECD.CFE.EDS:DSD_REG_DEMO@DF_FERTILITY(2.4),Fertility - Regions,I,A,Annual,TL2,TL2,AT13,Vienna,_Z,Not applicable,LIVE_BIRTHS,Live births,Y0,0 years,_T,Total,BR,Births,2023,,18072,,AUT,Austria,A,Normal value,0,Units,0,Zero
DATAFLOW,OECD.CFE.EDS:DSD_REG_DEMO@DF_FERTILITY(2.4),Fertility - Regions,I,A,Annual,TL2,TL2,AT32,Salzburg,_Z,Not applicable,LIVE_BIRTHS,Live births,Y0,0 years,_T,Total,BR,Births,2023,,5115,,AUT,Austria,A,Normal value,0,Units,0,Zero
DATAFLOW,OECD.CFE.EDS:DSD_REG_DEMO@DF_FERTILITY(2.4),Fertility - Regions,I,A,Annual,TL2,TL2,AT12,Lower Austria,_Z,Not applicable,LIVE_BIRTHS,Live births,Y0,0 years,_T,Total,BR,Births,2023,,13523,,AUT,Austria,A,Normal value,0,Units,0,Zero
DATAFLOW,OECD.CFE.EDS:DSD_REG_DEMO@DF_FERTILITY(2.4),Fertility - Regions,I,A,Annual,TL2,TL2,AU4,South Australia,_Z,Not applicable,LIVE_BIRTHS,Live births,Y0,0 years,_T,Total,BR,Births,2021,,19757,,AUS,Australia,A,Normal value,0,Units,0,Zero
DATAFLOW,OECD.CFE.EDS:DSD_REG_DEMO@DF_FERTILITY(2.4),Fertility - Regions,I,A,Annual,TL2,TL2,AU8,Australian Capital Territory,_Z,Not applicable,LIVE_BIRTHS,Live births,Y0,0 years,_T,Total,BR,Births,2021,,5543,,AUS,Australia,A,Normal value,0,Units,0,Zero
DATAFLOW,OECD.CFE.EDS:DSD_REG_DEMO@DF_FERTILITY(2.4),Fertility - Regions,I,A,Annual,TL2,TL2,AU3,Queensland,_Z,Not applicable,LIVE_BIRTHS,Live births,Y0,0 years,_T,Total,BR,Births,2021,,64111,,AUS,Australia,A,Normal value,0,Units,0,Zero
DATAFLOW,OECD.CFE.EDS:DSD_REG_DEMO@DF_FERTILITY(2.4),Fertility - Regions,I,A,Annual,TL2,TL2,AU1,New South Wales,_Z,Not applicable,LIVE_BIRTHS,Live births,Y0,0 years,_T,Total,BR,Births,2021,,101332,,AUS,Australia,A,Normal value,0,Units,0,Zero
DATAFLOW,OECD.CFE.EDS:DSD_REG_DEMO@DF_FERTILITY(2.4),Fertility - Regions,I,A,Annual,TL2,TL2,AU2,Victoria,_Z,Not applicable,LIVE_BIRTHS,Live births,Y0,0 years,_T,Total,BR,Births,2021,,75363,,AUS,Australia,A,Normal value,0,Units,0,Zero
DATAFLOW,OECD.CFE.EDS:DSD_REG_DEMO@DF_FERTILITY(2.4),Fertility - Regions,I,A,Annual,TL2,TL2,AU5,Western Australia,_Z,Not applicable,LIVE_BIRTHS,Live births,Y0,0 years,_T,Total,BR,Births,2021,,34039,,AUS,Australia,A,Normal value,0,Units,0,Zero
DATAFLOW,OECD.CFE.EDS:DSD_REG_DEMO@DF_FERTILITY(2.4),Fertility - Regions,I,A,Annual,TL2,TL2,AU7,Northern Territory,_Z,Not applicable,LIVE_BIRTHS,Live births,Y0,0 years,_T,Total,BR,Births,2021,,3784,,AUS,Australia,A,Normal value,0,Units,0,Zero
DATAFLOW,OECD.CFE.EDS:DSD_REG_DEMO@DF_FERTILITY(2.4),Fertility - Regions,I,A,Annual,TL2,TL2,AU6,Tasmania,_Z,Not applicable,LIVE_BIRTHS,Live births,Y0,0 years,_T,Total,BR,Births,2021,,6034,,AUS,Australia,A,Normal value,0,Units,0,Zero
DATAFLOW,OECD.CFE.EDS:DSD_REG_DEMO@DF_FERTILITY(2.4),Fertility - Regions,I,A,Annual,TL2,TL2,AU6,Tasmania,_Z,Not applicable,LIVE_BIRTHS,Live births,Y0,0 years,_T,Total,BR,Births,2022,,5834,,AUS,Australia,A,Normal value,0,Units,0,Zero
DATAFLOW,OECD.CFE.EDS:DSD_REG_DEMO@DF_FERTILITY(2.4),Fertility - Regions,I,A,Annual,TL2,TL2,AU7,Northern Territory,_Z,Not applicable,LIVE_BIRTHS,Live births,Y0,0 years,_T,Total,BR,Births,2022,,3597,,AUS,Australia,A,Normal value,0,Units,0,Zero
DATAFLOW,OECD.CFE.EDS:DSD_REG_DEMO@DF_FERTILITY(2.4),Fertility - Regions,I,A,Annual,TL2,TL2,AU5,Western Australia,_Z,Not applicable,LIVE_BIRTHS,Live births,Y0,0 years,_T,Total,BR,Births,2022,,33434,,AUS,Australia,A,Normal value,0,Units,0,Zero
DATAFLOW,OECD.CFE.EDS:DSD_REG_DEMO@DF_FERTILITY(2.4),Fertility - Regions,I,A,Annual,TL2,TL2,AU2,Victoria,_Z,Not applicable,LIVE_BIRTHS,Live births,Y0,0 years,_T,Total,BR,Births,2022,,77745,,AUS,Australia,A,Normal value,0,Units,0,Zero
DATAFLOW,OECD.CFE.EDS:DSD_REG_DEMO@DF_FERTILITY(2.4),Fertility - Regions,I,A,Annual,TL2,TL2,AU1,New South Wales,_Z,Not applicable,LIVE_BIRTHS,Live births,Y0,0 years,_T,Total,BR,Births,2022,,100364,,AUS,Australia,A,Normal value,0,Units,0,Zero
DATAFLOW,OECD.CFE.EDS:DSD_REG_DEMO@DF_FERTILITY(2.4),Fertility - Regions,I,A,Annual,TL2,TL2,AU3,Queensland,_Z,Not applicable,LIVE_BIRTHS,Live births,Y0,0 years,_T,Total,BR,Births,2022,,62762,,AUS,Australia,A,Normal value,0,Units,0,Zero
DATAFLOW,OECD.CFE.EDS:DSD_REG_DEMO@DF_FERTILITY(2.4),Fertility - Regions,I,A,Annual,TL2,TL2,AU8,Australian Capital Territory,_Z,Not applicable,LIVE_BIRTHS,Live births,Y0,0 years,_T,Total,BR,Births,2022,,5593,,AUS,Australia,A,Normal value,0,Units,0,Zero
DATAFLOW,OECD.CFE.EDS:DSD_REG_DEMO@DF_FERTILITY(2.4),Fertility - Regions,I,A,Annual,TL2,TL2,AU4,South Australia,_Z,Not applicable,LIVE_BIRTHS,Live births,Y0,0 years,_T,Total,BR,Births,2022,,19391,,AUS,Australia,A,Normal value,0,Units,0,Zero
DATAFLOW,OECD.CFE.EDS:DSD_REG_DEMO@DF_FERTILITY(2.4),Fertility - Regions,I,A,Annual,TL2,TL2,AU4,South Australia,_Z,Not applicable,LIVE_BIRTHS,Live births,Y0,0 years,_T,Total,BR,Births,2023,,18604,,AUS,Australia,A,Normal value,0,Units,0,Zero
DATAFLOW,OECD.CFE.EDS:DSD_REG_DEMO@DF_FERTILITY(2.4),Fertility - Regions,I,A,Annual,TL2,TL2,AU8,Australian Capital Territory,_Z,Not applicable,LIVE_BIRTHS,Live births,Y0,0 years,_T,Total,BR,Births,2023,,5189,,AUS,Australia,A,Normal value,0,Units,0,Zero
DATAFLOW,OECD.CFE.EDS:DSD_REG_DEMO@DF_FERTILITY(2.4),Fertility - Regions,I,A,Annual,TL2,TL2,AU3,Queensland,_Z,Not applicable,LIVE_BIRTHS,Live births,Y0,0 years,_T,Total,BR,Births,2023,,59437,,AUS,Australia,A,Normal value,0,Units,0,Zero
DATAFLOW,OECD.CFE.EDS:DSD_REG_DEMO@DF_FERTILITY(2.4),Fertility - Regions,I,A,Annual,TL2,TL2,AU1,New South Wales,_Z,Not applicable,LIVE_BIRTHS,Live births,Y0,0 years,_T,Total,BR,Births,2023,,92677,,AUS,Australia,A,Normal value,0,Units,0,Zero
DATAFLOW,OECD.CFE.EDS:DSD_REG_DEMO@DF_FERTILITY(2.4),Fertility - Regions,I,A,Annual,TL2,TL2,AU2,Victoria,_Z,Not applicable,LIVE_BIRTHS,Live births,Y0,0 years,_T,Total,BR,Births,2023,,74443,,AUS,Australia,A,Normal value,0,Units,0,Zero
DATAFLOW,OECD.CFE.EDS:DSD_REG_DEMO@DF_FERTILITY(2.4),Fertility - Regions,I,A,Annual,TL2,TL2,AU5,Western Australia,_Z,Not applicable,LIVE_BIRTHS,Live births,Y0,0 years,_T,Total,BR,Births,2023,,31420,,AUS,Australia,A,Normal value,0,Units,0,Zero
DATAFLOW,OECD.CFE.EDS:DSD_REG_DEMO@DF_FERTILITY(2.4),Fertility - Regions,I,A,Annual,TL2,TL2,AU7,Northern Territory,_Z,Not applicable,LIVE_BIRTHS,Live births,Y0,0 years,_T,Total,BR,Births,2023,,3490,,AUS,Australia,A,Normal value,0,Units,0,Zero
DATAFLOW,OECD.CFE.EDS:DSD_REG_DEMO@DF_FERTILITY(2.4),Fertility - Regions,I,A,Annual,TL2,TL2,AU6,Tasmania,_Z,Not applicable,LIVE_BIRTHS,Live births,Y0,0 years,_T,Total,BR,Births,2023,,5737,,AUS,Australia,A,Normal value,0,Units,0,Zero
DATAFLOW,OECD.CFE.EDS:DSD_REG_DEMO@DF_FERTILITY(2.4),Fertility - Regions,I,A,Annual,TL2,TL2,AU6,Tasmania,_Z,Not applicable,LIVE_BIRTHS,Live births,Y0,0 years,_T,Total,BR,Births,2024,,5554,,AUS,Australia,A,Normal value,0,Units,0,Zero
DATAFLOW,OECD.CFE.EDS:DSD_REG_DEMO@DF_FERTILITY(2.4),Fertility - Regions,I,A,Annual,TL2,TL2,AU7,Northern Territory,_Z,Not applicable,LIVE_BIRTHS,Live births,Y0,0 years,_T,Total,BR,Births,2024,,3421,,AUS,Australia,A,Normal value,0,Units,0,Zero
DATAFLOW,OECD.CFE.EDS:DSD_REG_DEMO@DF_FERTILITY(2.4),Fertility - Regions,I,A,Annual,TL2,TL2,AU5,Western Australia,_Z,Not applicable,LIVE_BIRTHS,Live births,Y0,0 years,_T,Total,BR,Births,2024,,31173,,AUS,Australia,A,Normal value,0,Units,0,Zero
DATAFLOW,OECD.CFE.EDS:DSD_REG_DEMO@DF_FERTILITY(2.4),Fertility - Regions,I,A,Annual,TL2,TL2,AU2,Victoria,_Z,Not applicable,LIVE_BIRTHS,Live births,Y0,0 years,_T,Total,BR,Births,2024,,76770,,AUS,Australia,A,Normal value,0,Units,0,Zero
DATAFLOW,OECD.CFE.EDS:DSD_REG_DEMO@DF_FERTILITY(2.4),Fertility - Regions,I,A,Annual,TL2,TL2,AU1,New South Wales,_Z,Not applicable,LIVE_BIRTHS,Live births,Y0,0 years,_T,Total,BR,Births,2024,,90179,,AUS,Australia,A,Normal value,0,Units,0,Zero
DATAFLOW,OECD.CFE.EDS:DSD_REG_DEMO@DF_FERTILITY(2.4),Fertility - Regions,I,A,Annual,TL2,TL2,AU3,Queensland,_Z,Not applicable,LIVE_BIRTHS,Live births,Y0,0 years,_T,Total,BR,Births,2024,,58258,,AUS,Australia,A,Normal value,0,Units,0,Zero
DATAFLOW,OECD.CFE.EDS:DSD_REG_DEMO@DF_FERTILITY(2.4),Fertility - Regions,I,A,Annual,TL2,TL2,AU8,Australian Capital Territory,_Z,Not applicable,LIVE_BIRTHS,Live births,Y0,0 years,_T,Total,BR,Births,2024,,5113,,AUS,Australia,A,Normal value,0,Units,0,Zero
DATAFLOW,OECD.CFE.EDS:DSD_REG_DEMO@DF_FERTILITY(2.4),Fertility - Regions,I,A,Annual,TL2,TL2,AU4,South Australia,_Z,Not applicable,LIVE_BIRTHS,Live births,Y0,0 years,_T,Total,BR,Births,2024,,18562,,AUS,Australia,A,Normal value,0,Units,0,Zero
DATAFLOW,OECD.CFE.EDS:DSD_REG_DEMO@DF_FERTILITY(2.4),Fertility - Regions,I,A,Annual,TL2,TL2,AU6,Tasmania,_Z,Not applicable,LIVE_BIRTHS,Live births,Y0,0 years,_T,Total,10P3HB,Per 1 000 inhabitants,2021,,10.637,,AUS,Australia,A,Normal value,0,Units,2,Two
DATAFLOW,OECD.CFE.EDS:DSD_REG_DEMO@DF_FERTILITY(2.4),Fertility - Regions,I,A,Annual,TL2,TL2,AU2,Victoria,_Z,Not applicable,LIVE_BIRTHS,Live births,Y0,0 years,_T,Total,10P3HB,Per 1 000 inhabitants,2021,,11.51,,AUS,Australia,A,Normal value,0,Units,2,Two
DATAFLOW,OECD.CFE.EDS:DSD_REG_DEMO@DF_FERTILITY(2.4),Fertility - Regions,I,A,Annual,TL2,TL2,AU8,Australian Capital Territory,_Z,Not applicable,LIVE_BIRTHS,Live births,Y0,0 years,_T,Total,10P3HB,Per 1 000 inhabitants,2021,,12.25,,AUS,Australia,A,Normal value,0,Units,2,Two
DATAFLOW,OECD.CFE.EDS:DSD_REG_DEMO@DF_FERTILITY(2.4),Fertility - Regions,I,A,Annual,TL2,TL2,AU1,New South Wales,_Z,Not applicable,LIVE_BIRTHS,Live births,Y0,0 years,_T,Total,10P3HB,Per 1 000 inhabitants,2021,,12.515,,AUS,Australia,A,Normal value,0,Units,2,Two
DATAFLOW,OECD.CFE.EDS:DSD_REG_DEMO@DF_FERTILITY(2.4),Fertility - Regions,I,A,Annual,TL2,TL2,AU3,Queensland,_Z,Not applicable,LIVE_BIRTHS,Live births,Y0,0 years,_T,Total,10P3HB,Per 1 000 inhabitants,2021,,12.292,,AUS,Australia,A,Normal value,0,Units,2,Two
DATAFLOW,OECD.CFE.EDS:DSD_REG_DEMO@DF_FERTILITY(2.4),Fertility - Regions,I,A,Annual,TL2,TL2,AU5,Western Australia,_Z,Not applicable,LIVE_BIRTHS,Live births,Y0,0 years,_T,Total,10P3HB,Per 1 000 inhabitants,2021,,12.381,,AUS,Australia,A,Normal value,0,Units,2,Two
DATAFLOW,OECD.CFE.EDS:DSD_REG_DEMO@DF_FERTILITY(2.4),Fertility - Regions,I,A,Annual,TL2,TL2,AU4,South Australia,_Z,Not applicable,LIVE_BIRTHS,Live births,Y0,0 years,_T,Total,10P3HB,Per 1 000 inhabitants,2021,,10.96,,AUS,Australia,A,Normal value,0,Units,2,Two
DATAFLOW,OECD.CFE.EDS:DSD_REG_DEMO@DF_FERTILITY(2.4),Fertility - Regions,I,A,Annual,TL2,TL2,AU7,Northern Territory,_Z,Not applicable,LIVE_BIRTHS,Live births,Y0,0 years,_T,Total,10P3HB,Per 1 000 inhabitants,2021,,15.249,,AUS,Australia,A,Normal value,0,Units,2,Two
DATAFLOW,OECD.CFE.EDS:DSD_REG_DEMO@DF_FERTILITY(2.4),Fertility - Regions,I,A,Annual,TL2,TL2,AU7,Northern Territory,_Z,Not applicable,LIVE_BIRTHS,Live births,Y0,0 years,_T,Total,10P3HB,Per 1 000 inhabitants,2022,,14.375,,AUS,Australia,A,Normal value,0,Units,2,Two
DATAFLOW,OECD.CFE.EDS:DSD_REG_DEMO@DF_FERTILITY(2.4),Fertility - Regions,I,A,Annual,TL2,TL2,AU4,South Australia,_Z,Not applicable,LIVE_BIRTHS,Live births,Y0,0 years,_T,Total,10P3HB,Per 1 000 inhabitants,2022,,10.647,,AUS,Australia,A,Normal value,0,Units,2,Two
DATAFLOW,OECD.CFE.EDS:DSD_REG_DEMO@DF_FERTILITY(2.4),Fertility - Regions,I,A,Annual,TL2,TL2,AU3,Queensland,_Z,Not applicable,LIVE_BIRTHS,Live births,Y0,0 years,_T,Total,10P3HB,Per 1 000 inhabitants,2022,,11.795,,AUS,Australia,A,Normal value,0,Units,2,Two
DATAFLOW,OECD.CFE.EDS:DSD_REG_DEMO@DF_FERTILITY(2.4),Fertility - Regions,I,A,Annual,TL2,TL2,AU5,Western Australia,_Z,Not applicable,LIVE_BIRTHS,Live births,Y0,0 years,_T,Total,10P3HB,Per 1 000 inhabitants,2022,,11.976,,AUS,Australia,A,Normal value,0,Units,2,Two
DATAFLOW,OECD.CFE.EDS:DSD_REG_DEMO@DF_FERTILITY(2.4),Fertility - Regions,I,A,Annual,TL2,TL2,AU1,New South Wales,_Z,Not applicable,LIVE_BIRTHS,Live births,Y0,0 years,_T,Total,10P3HB,Per 1 000 inhabitants,2022,,12.289,,AUS,Australia,A,Normal value,0,Units,2,Two
DATAFLOW,OECD.CFE.EDS:DSD_REG_DEMO@DF_FERTILITY(2.4),Fertility - Regions,I,A,Annual,TL2,TL2,AU8,Australian Capital Territory,_Z,Not applicable,LIVE_BIRTHS,Live births,Y0,0 years,_T,Total,10P3HB,Per 1 000 inhabitants,2022,,12.241,,AUS,Australia,A,Normal value,0,Units,2,Two
DATAFLOW,OECD.CFE.EDS:DSD_REG_DEMO@DF_FERTILITY(2.4),Fertility - Regions,I,A,Annual,TL2,TL2,AU2,Victoria,_Z,Not applicable,LIVE_BIRTHS,Live births,Y0,0 years,_T,Total,10P3HB,Per 1 000 inhabitants,2022,,11.725,,AUS,Australia,A,Normal value,0,Units,2,Two
DATAFLOW,OECD.CFE.EDS:DSD_REG_DEMO@DF_FERTILITY(2.4),Fertility - Regions,I,A,Annual,TL2,TL2,AU6,Tasmania,_Z,Not applicable,LIVE_BIRTHS,Live births,Y0,0 years,_T,Total,10P3HB,Per 1 000 inhabitants,2022,,10.216,,AUS,Australia,A,Normal value,0,Units,2,Two
DATAFLOW,OECD.CFE.EDS:DSD_REG_DEMO@DF_FERTILITY(2.4),Fertility - Regions,I,A,Annual,TL2,TL2,AU6,Tasmania,_Z,Not applicable,LIVE_BIRTHS,Live births,Y0,0 years,_T,Total,10P3HB,Per 1 000 inhabitants,2023,,9.999,,AUS,Australia,A,Normal value,0,Units,2,Two
DATAFLOW,OECD.CFE.EDS:DSD_REG_DEMO@DF_FERTILITY(2.4),Fertility - Regions,I,A,Annual,TL2,TL2,AU2,Victoria,_Z,Not applicable,LIVE_BIRTHS,Live births,Y0,0 years,_T,Total,10P3HB,Per 1 000 inhabitants,2023,,10.921,,AUS,Australia,A,Normal value,0,Units,2,Two
DATAFLOW,OECD.CFE.EDS:DSD_REG_DEMO@DF_FERTILITY(2.4),Fertility - Regions,I,A,Annual,TL2,TL2,AU8,Australian Capital Territory,_Z,Not applicable,LIVE_BIRTHS,Live births,Y0,0 years,_T,Total,10P3HB,Per 1 000 inhabitants,2023,,11.127,,AUS,Australia,A,Normal value,0,Units,2,Two
DATAFLOW,OECD.CFE.EDS:DSD_REG_DEMO@DF_FERTILITY(2.4),Fertility - Regions,I,A,Annual,TL2,TL2,AU1,New South Wales,_Z,Not applicable,LIVE_BIRTHS,Live births,Y0,0 years,_T,Total,10P3HB,Per 1 000 inhabitants,2023,,11.111,,AUS,Australia,A,Normal value,0,Units,2,Two
DATAFLOW,OECD.CFE.EDS:DSD_REG_DEMO@DF_FERTILITY(2.4),Fertility - Regions,I,A,Annual,TL2,TL2,AU3,Queensland,_Z,Not applicable,LIVE_BIRTHS,Live births,Y0,0 years,_T,Total,10P3HB,Per 1 000 inhabitants,2023,,10.885,,AUS,Australia,A,Normal value,0,Units,2,Two
DATAFLOW,OECD.CFE.EDS:DSD_REG_DEMO@DF_FERTILITY(2.4),Fertility - Regions,I,A,Annual,TL2,TL2,AU5,Western Australia,_Z,Not applicable,LIVE_BIRTHS,Live births,Y0,0 years,_T,Total,10P3HB,Per 1 000 inhabitants,2023,,10.895,,AUS,Australia,A,Normal value,0,Units,2,Two
DATAFLOW,OECD.CFE.EDS:DSD_REG_DEMO@DF_FERTILITY(2.4),Fertility - Regions,I,A,Annual,TL2,TL2,AU4,South Australia,_Z,Not applicable,LIVE_BIRTHS,Live births,Y0,0 years,_T,Total,10P3HB,Per 1 000 inhabitants,2023,,10.04,,AUS,Australia,A,Normal value,0,Units,2,Two
DATAFLOW,OECD.CFE.EDS:DSD_REG_DEMO@DF_FERTILITY(2.4),Fertility - Regions,I,A,Annual,TL2,TL2,AU7,Northern Territory,_Z,Not applicable,LIVE_BIRTHS,Live births,Y0,0 years,_T,Total,10P3HB,Per 1 000 inhabitants,2023,,13.791,,AUS,Australia,A,Normal value,0,Units,2,Two
DATAFLOW,OECD.CFE.EDS:DSD_REG_DEMO@DF_FERTILITY(2.4),Fertility - Regions,I,A,Annual,TL2,TL2,AU7,Northern Territory,_Z,Not applicable,LIVE_BIRTHS,Live births,Y0,0 years,_T,Total,10P3HB,Per 1 000 inhabitants,2024,,13.412,,AUS,Australia,A,Normal value,0,Units,2,Two
DATAFLOW,OECD.CFE.EDS:DSD_REG_DEMO@DF_FERTILITY(2.4),Fertility - Regions,I,A,Annual,TL2,TL2,AU4,South Australia,_Z,Not applicable,LIVE_BIRTHS,Live births,Y0,0 years,_T,Total,10P3HB,Per 1 000 inhabitants,2024,,9.884,,AUS,Australia,A,Normal value,0,Units,2,Two
DATAFLOW,OECD.CFE.EDS:DSD_REG_DEMO@DF_FERTILITY(2.4),Fertility - Regions,I,A,Annual,TL2,TL2,AU3,Queensland,_Z,Not applicable,LIVE_BIRTHS,Live births,Y0,0 years,_T,Total,10P3HB,Per 1 000 inhabitants,2024,,10.433,,AUS,Australia,A,Normal value,0,Units,2,Two
DATAFLOW,OECD.CFE.EDS:DSD_REG_DEMO@DF_FERTILITY(2.4),Fertility - Regions,I,A,Annual,TL2,TL2,AU5,Western Australia,_Z,Not applicable,LIVE_BIRTHS,Live births,Y0,0 years,_T,Total,10P3HB,Per 1 000 inhabitants,2024,,10.513,,AUS,Australia,A,Normal value,0,Units,2,Two
DATAFLOW,OECD.CFE.EDS:DSD_REG_DEMO@DF_FERTILITY(2.4),Fertility - Regions,I,A,Annual,TL2,TL2,AU1,New South Wales,_Z,Not applicable,LIVE_BIRTHS,Live births,Y0,0 years,_T,Total,10P3HB,Per 1 000 inhabitants,2024,,10.635,,AUS,Australia,A,Normal value,0,Units,2,Two
DATAFLOW,OECD.CFE.EDS:DSD_REG_DEMO@DF_FERTILITY(2.4),Fertility - Regions,I,A,Annual,TL2,TL2,AU8,Australian Capital Territory,_Z,Not applicable,LIVE_BIRTHS,Live births,Y0,0 years,_T,Total,10P3HB,Per 1 000 inhabitants,2024,,10.79,,AUS,Australia,A,Normal value,0,Units,2,Two
DATAFLOW,OECD.CFE.EDS:DSD_REG_DEMO@DF_FERTILITY(2.4),Fertility - Regions,I,A,Annual,TL2,TL2,AU2,Victoria,_Z,Not applicable,LIVE_BIRTHS,Live births,Y0,0 years,_T,Total,10P3HB,Per 1 000 inhabitants,2024,,11.001,,AUS,Australia,A,Normal value,0,Units,2,Two
DATAFLOW,OECD.CFE.EDS:DSD_REG_DEMO@DF_FERTILITY(2.4),Fertility - Regions,I,A,Annual,TL2,TL2,AU6,Tasmania,_Z,Not applicable,LIVE_BIRTHS,Live births,Y0,0 years,_T,Total,10P3HB,Per 1 000 inhabitants,2024,,9.651,,AUS,Australia,A,Normal value,0,Units,2,Two
DATAFLOW,OECD.CFE.EDS:DSD_REG_DEMO@DF_FERTILITY(2.4),Fertility - Regions,I,A,Annual,TL2,TL2,AT31,Upper Austria,_Z,Not applicable,LIVE_BIRTHS,Live births,Y0,0 years,_T,Total,10P3HB,Per 1 000 inhabitants,2021,,10.195,,AUT,Austria,A,Normal value,0,Units,2,Two
DATAFLOW,OECD.CFE.EDS:DSD_REG_DEMO@DF_FERTILITY(2.4),Fertility - Regions,I,A,Annual,TL2,TL2,AT32,Salzburg,_Z,Not applicable,LIVE_BIRTHS,Live births,Y0,0 years,_T,Total,10P3HB,Per 1 000 inhabitants,2021,,10.264,,AUT,Austria,A,Normal value,0,Units,2,Two
DATAFLOW,OECD.CFE.EDS:DSD_REG_DEMO@DF_FERTILITY(2.4),Fertility - Regions,I,A,Annual,TL2,TL2,AT33,Tyrol,_Z,Not applicable,LIVE_BIRTHS,Live births,Y0,0 years,_T,Total,10P3HB,Per 1 000 inhabitants,2021,,10.438,,AUT,Austria,A,Normal value,0,Units,2,Two
DATAFLOW,OECD.CFE.EDS:DSD_REG_DEMO@DF_FERTILITY(2.4),Fertility - Regions,I,A,Annual,TL2,TL2,AT11,Burgenland,_Z,Not applicable,LIVE_BIRTHS,Live births,Y0,0 years,_T,Total,10P3HB,Per 1 000 inhabitants,2021,,7.567,,AUT,Austria,A,Normal value,0,Units,2,Two
DATAFLOW,OECD.CFE.EDS:DSD_REG_DEMO@DF_FERTILITY(2.4),Fertility - Regions,I,A,Annual,TL2,TL2,AT21,Carinthia,_Z,Not applicable,LIVE_BIRTHS,Live births,Y0,0 years,_T,Total,10P3HB,Per 1 000 inhabitants,2021,,8.237,,AUT,Austria,A,Normal value,0,Units,2,Two
DATAFLOW,OECD.CFE.EDS:DSD_REG_DEMO@DF_FERTILITY(2.4),Fertility - Regions,I,A,Annual,TL2,TL2,AT12,Lower Austria,_Z,Not applicable,LIVE_BIRTHS,Live births,Y0,0 years,_T,Total,10P3HB,Per 1 000 inhabitants,2021,,9.025,,AUT,Austria,A,Normal value,0,Units,2,Two
DATAFLOW,OECD.CFE.EDS:DSD_REG_DEMO@DF_FERTILITY(2.4),Fertility - Regions,I,A,Annual,TL2,TL2,AT22,Styria,_Z,Not applicable,LIVE_BIRTHS,Live births,Y0,0 years,_T,Total,10P3HB,Per 1 000 inhabitants,2021,,9.107,,AUT,Austria,A,Normal value,0,Units,2,Two
DATAFLOW,OECD.CFE.EDS:DSD_REG_DEMO@DF_FERTILITY(2.4),Fertility - Regions,I,A,Annual,TL2,TL2,AT34,Vorarlberg,_Z,Not applicable,LIVE_BIRTHS,Live births,Y0,0 years,_T,Total,10P3HB,Per 1 000 inhabitants,2021,,10.758,,AUT,Austria,A,Normal value,0,Units,2,Two
DATAFLOW,OECD.CFE.EDS:DSD_REG_DEMO@DF_FERTILITY(2.4),Fertility - Regions,I,A,Annual,TL2,TL2,AT13,Vienna,_Z,Not applicable,LIVE_BIRTHS,Live births,Y0,0 years,_T,Total,10P3HB,Per 1 000 inhabitants,2021,,10.078,,AUT,Austria,A,Normal value,0,Units,2,Two
DATAFLOW,OECD.CFE.EDS:DSD_REG_DEMO@DF_FERTILITY(2.4),Fertility - Regions,I,A,Annual,TL2,TL2,AT13,Vienna,_Z,Not applicable,LIVE_BIRTHS,Live births,Y0,0 years,_T,Total,10P3HB,Per 1 000 inhabitants,2022,,9.91,,AUT,Austria,A,Normal value,0,Units,2,Two
DATAFLOW,OECD.CFE.EDS:DSD_REG_DEMO@DF_FERTILITY(2.4),Fertility - Regions,I,A,Annual,TL2,TL2,AT34,Vorarlberg,_Z,Not applicable,LIVE_BIRTHS,Live births,Y0,0 years,_T,Total,10P3HB,Per 1 000 inhabitants,2022,,9.981,,AUT,Austria,A,Normal value,0,Units,2,Two
DATAFLOW,OECD.CFE.EDS:DSD_REG_DEMO@DF_FERTILITY(2.4),Fertility - Regions,I,A,Annual,TL2,TL2,AT22,Styria,_Z,Not applicable,LIVE_BIRTHS,Live births,Y0,0 years,_T,Total,10P3HB,Per 1 000 inhabitants,2022,,8.533,,AUT,Austria,A,Normal value,0,Units,2,Two
DATAFLOW,OECD.CFE.EDS:DSD_REG_DEMO@DF_FERTILITY(2.4),Fertility - Regions,I,A,Annual,TL2,TL2,AT12,Lower Austria,_Z,Not applicable,LIVE_BIRTHS,Live births,Y0,0 years,_T,Total,10P3HB,Per 1 000 inhabitants,2022,,8.537,,AUT,Austria,A,Normal value,0,Units,2,Two
DATAFLOW,OECD.CFE.EDS:DSD_REG_DEMO@DF_FERTILITY(2.4),Fertility - Regions,I,A,Annual,TL2,TL2,AT21,Carinthia,_Z,Not applicable,LIVE_BIRTHS,Live births,Y0,0 years,_T,Total,10P3HB,Per 1 000 inhabitants,2022,,7.906,,AUT,Austria,A,Normal value,0,Units,2,Two
DATAFLOW,OECD.CFE.EDS:DSD_REG_DEMO@DF_FERTILITY(2.4),Fertility - Regions,I,A,Annual,TL2,TL2,AT11,Burgenland,_Z,Not applicable,LIVE_BIRTHS,Live births,Y0,0 years,_T,Total,10P3HB,Per 1 000 inhabitants,2022,,7.195,,AUT,Austria,A,Normal value,0,Units,2,Two
DATAFLOW,OECD.CFE.EDS:DSD_REG_DEMO@DF_FERTILITY(2.4),Fertility - Regions,I,A,Annual,TL2,TL2,AT33,Tyrol,_Z,Not applicable,LIVE_BIRTHS,Live births,Y0,0 years,_T,Total,10P3HB,Per 1 000 inhabitants,2022,,9.721,,AUT,Austria,A,Normal value,0,Units,2,Two
DATAFLOW,OECD.CFE.EDS:DSD_REG_DEMO@DF_FERTILITY(2.4),Fertility - Regions,I,A,Annual,TL2,TL2,AT32,Salzburg,_Z,Not applicable,LIVE_BIRTHS,Live births,Y0,0 years,_T,Total,10P3HB,Per 1 000 inhabitants,2022,,9.692,,AUT,Austria,A,Normal value,0,Units,2,Two
DATAFLOW,OECD.CFE.EDS:DSD_REG_DEMO@DF_FERTILITY(2.4),Fertility - Regions,I,A,Annual,TL2,TL2,AT31,Upper Austria,_Z,Not applicable,LIVE_BIRTHS,Live births,Y0,0 years,_T,Total,10P3HB,Per 1 000 inhabitants,2022,,9.831,,AUT,Austria,A,Normal value,0,Units,2,Two
DATAFLOW,OECD.CFE.EDS:DSD_REG_DEMO@DF_FERTILITY(2.4),Fertility - Regions,I,A,Annual,TL2,TL2,AT31,Upper Austria,_Z,Not applicable,LIVE_BIRTHS,Live births,Y0,0 years,_T,Total,10P3HB,Per 1 000 inhabitants,2023,,8.974,,AUT,Austria,A,Normal value,0,Units,2,Two
DATAFLOW,OECD.CFE.EDS:DSD_REG_DEMO@DF_FERTILITY(2.4),Fertility - Regions,I,A,Annual,TL2,TL2,AT32,Salzburg,_Z,Not applicable,LIVE_BIRTHS,Live births,Y0,0 years,_T,Total,10P3HB,Per 1 000 inhabitants,2023,,9,,AUT,Austria,A,Normal value,0,Units,2,Two
DATAFLOW,OECD.CFE.EDS:DSD_REG_DEMO@DF_FERTILITY(2.4),Fertility - Regions,I,A,Annual,TL2,TL2,AT33,Tyrol,_Z,Not applicable,LIVE_BIRTHS,Live births,Y0,0 years,_T,Total,10P3HB,Per 1 000 inhabitants,2023,,8.772,,AUT,Austria,A,Normal value,0,Units,2,Two
DATAFLOW,OECD.CFE.EDS:DSD_REG_DEMO@DF_FERTILITY(2.4),Fertility - Regions,I,A,Annual,TL2,TL2,AT11,Burgenland,_Z,Not applicable,LIVE_BIRTHS,Live births,Y0,0 years,_T,Total,10P3HB,Per 1 000 inhabitants,2023,,6.569,,AUT,Austria,A,Normal value,0,Units,2,Two
DATAFLOW,OECD.CFE.EDS:DSD_REG_DEMO@DF_FERTILITY(2.4),Fertility - Regions,I,A,Annual,TL2,TL2,AT21,Carinthia,_Z,Not applicable,LIVE_BIRTHS,Live births,Y0,0 years,_T,Total,10P3HB,Per 1 000 inhabitants,2023,,7.411,,AUT,Austria,A,Normal value,0,Units,2,Two
DATAFLOW,OECD.CFE.EDS:DSD_REG_DEMO@DF_FERTILITY(2.4),Fertility - Regions,I,A,Annual,TL2,TL2,AT12,Lower Austria,_Z,Not applicable,LIVE_BIRTHS,Live births,Y0,0 years,_T,Total,10P3HB,Per 1 000 inhabitants,2023,,7.87,,AUT,Austria,A,Normal value,0,Units,2,Two
DATAFLOW,OECD.CFE.EDS:DSD_REG_DEMO@DF_FERTILITY(2.4),Fertility - Regions,I,A,Annual,TL2,TL2,AT22,Styria,_Z,Not applicable,LIVE_BIRTHS,Live births,Y0,0 years,_T,Total,10P3HB,Per 1 000 inhabitants,2023,,8.2,,AUT,Austria,A,Normal value,0,Units,2,Two
DATAFLOW,OECD.CFE.EDS:DSD_REG_DEMO@DF_FERTILITY(2.4),Fertility - Regions,I,A,Annual,TL2,TL2,AT34,Vorarlberg,_Z,Not applicable,LIVE_BIRTHS,Live births,Y0,0 years,_T,Total,10P3HB,Per 1 000 inhabitants,2023,,9.577,,AUT,Austria,A,Normal value,0,Units,2,Two
DATAFLOW,OECD.CFE.EDS:DSD_REG_DEMO@DF_FERTILITY(2.4),Fertility - Regions,I,A,Annual,TL2,TL2,AT13,Vienna,_Z,Not applicable,LIVE_BIRTHS,Live births,Y0,0 years,_T,Total,10P3HB,Per 1 000 inhabitants,2023,,9.118,,AUT,Austria,A,Normal value,0,Units,2,Two
DATAFLOW,OECD.CFE.EDS:DSD_REG_DEMO@DF_FERTILITY(2.4),Fertility - Regions,I,A,Annual,TL2,TL2,AU2,Victoria,_Z,Not applicable,CHILD_TO_W_RATIO,Child-to-woman ratio,Y_LT5,Less than 5 years,_T,Total,PT_W_Y15T49,Percentage of women aged 15-49 years,2021,,24.75,,AUS,Australia,A,Normal value,0,Units,2,Two
DATAFLOW,OECD.CFE.EDS:DSD_REG_DEMO@DF_FERTILITY(2.4),Fertility - Regions,I,A,Annual,TL2,TL2,AU5,Western Australia,_Z,Not applicable,CHILD_TO_W_RATIO,Child-to-woman ratio,Y_LT5,Less than 5 years,_T,Total,PT_W_Y15T49,Percentage of women aged 15-49 years,2021,,26.77,,AUS,Australia,A,Normal value,0,Units,2,Two
DATAFLOW,OECD.CFE.EDS:DSD_REG_DEMO@DF_FERTILITY(2.4),Fertility - Regions,I,A,Annual,TL2,TL2,AU6,Tasmania,_Z,Not applicable,CHILD_TO_W_RATIO,Child-to-woman ratio,Y_LT5,Less than 5 years,_T,Total,PT_W_Y15T49,Percentage of women aged 15-49 years,2021,,24.38,,AUS,Australia,A,Normal value,0,Units,2,Two
DATAFLOW,OECD.CFE.EDS:DSD_REG_DEMO@DF_FERTILITY(2.4),Fertility - Regions,I,A,Annual,TL2,TL2,AU7,Northern Territory,_Z,Not applicable,CHILD_TO_W_RATIO,Child-to-woman ratio,Y_LT5,Less than 5 years,_T,Total,PT_W_Y15T49,Percentage of women aged 15-49 years,2021,,26.77,,AUS,Australia,A,Normal value,0,Units,2,Two
DATAFLOW,OECD.CFE.EDS:DSD_REG_DEMO@DF_FERTILITY(2.4),Fertility - Regions,I,A,Annual,TL2,TL2,AU1,New South Wales,_Z,Not applicable,CHILD_TO_W_RATIO,Child-to-woman ratio,Y_LT5,Less than 5 years,_T,Total,PT_W_Y15T49,Percentage of women aged 15-49 years,2021,,25.66,,AUS,Australia,A,Normal value,0,Units,2,Two
DATAFLOW,OECD.CFE.EDS:DSD_REG_DEMO@DF_FERTILITY(2.4),Fertility - Regions,I,A,Annual,TL2,TL2,AU8,Australian Capital Territory,_Z,Not applicable,CHILD_TO_W_RATIO,Child-to-woman ratio,Y_LT5,Less than 5 years,_T,Total,PT_W_Y15T49,Percentage of women aged 15-49 years,2021,,22.76,,AUS,Australia,A,Normal value,0,Units,2,Two
DATAFLOW,OECD.CFE.EDS:DSD_REG_DEMO@DF_FERTILITY(2.4),Fertility - Regions,I,A,Annual,TL2,TL2,AU3,Queensland,_Z,Not applicable,CHILD_TO_W_RATIO,Child-to-woman ratio,Y_LT5,Less than 5 years,_T,Total,PT_W_Y15T49,Percentage of women aged 15-49 years,2021,,24.91,,AUS,Australia,A,Normal value,0,Units,2,Two
DATAFLOW,OECD.CFE.EDS:DSD_REG_DEMO@DF_FERTILITY(2.4),Fertility - Regions,I,A,Annual,TL2,TL2,AU4,South Australia,_Z,Not applicable,CHILD_TO_W_RATIO,Child-to-woman ratio,Y_LT5,Less than 5 years,_T,Total,PT_W_Y15T49,Percentage of women aged 15-49 years,2021,,24.7,,AUS,Australia,A,Normal value,0,Units,2,Two
DATAFLOW,OECD.CFE.EDS:DSD_REG_DEMO@DF_FERTILITY(2.4),Fertility - Regions,I,A,Annual,TL2,TL2,AU4,South Australia,_Z,Not applicable,CHILD_TO_W_RATIO,Child-to-woman ratio,Y_LT5,Less than 5 years,_T,Total,PT_W_Y15T49,Percentage of women aged 15-49 years,2022,,24.5,,AUS,Australia,A,Normal value,0,Units,2,Two
DATAFLOW,OECD.CFE.EDS:DSD_REG_DEMO@DF_FERTILITY(2.4),Fertility - Regions,I,A,Annual,TL2,TL2,AU3,Queensland,_Z,Not applicable,CHILD_TO_W_RATIO,Child-to-woman ratio,Y_LT5,Less than 5 years,_T,Total,PT_W_Y15T49,Percentage of women aged 15-49 years,2022,,24.87,,AUS,Australia,A,Normal value,0,Units,2,Two
DATAFLOW,OECD.CFE.EDS:DSD_REG_DEMO@DF_FERTILITY(2.4),Fertility - Regions,I,A,Annual,TL2,TL2,AU8,Australian Capital Territory,_Z,Not applicable,CHILD_TO_W_RATIO,Child-to-woman ratio,Y_LT5,Less than 5 years,_T,Total,PT_W_Y15T49,Percentage of women aged 15-49 years,2022,,22.18,,AUS,Australia,A,Normal value,0,Units,2,Two
DATAFLOW,OECD.CFE.EDS:DSD_REG_DEMO@DF_FERTILITY(2.4),Fertility - Regions,I,A,Annual,TL2,TL2,AU1,New South Wales,_Z,Not applicable,CHILD_TO_W_RATIO,Child-to-woman ratio,Y_LT5,Less than 5 years,_T,Total,PT_W_Y15T49,Percentage of women aged 15-49 years,2022,,25.56,,AUS,Australia,A,Normal value,0,Units,2,Two
DATAFLOW,OECD.CFE.EDS:DSD_REG_DEMO@DF_FERTILITY(2.4),Fertility - Regions,I,A,Annual,TL2,TL2,AU7,Northern Territory,_Z,Not applicable,CHILD_TO_W_RATIO,Child-to-woman ratio,Y_LT5,Less than 5 years,_T,Total,PT_W_Y15T49,Percentage of women aged 15-49 years,2022,,26.02,,AUS,Australia,A,Normal value,0,Units,2,Two
DATAFLOW,OECD.CFE.EDS:DSD_REG_DEMO@DF_FERTILITY(2.4),Fertility - Regions,I,A,Annual,TL2,TL2,AU6,Tasmania,_Z,Not applicable,CHILD_TO_W_RATIO,Child-to-woman ratio,Y_LT5,Less than 5 years,_T,Total,PT_W_Y15T49,Percentage of women aged 15-49 years,2022,,24.21,,AUS,Australia,A,Normal value,0,Units,2,Two
DATAFLOW,OECD.CFE.EDS:DSD_REG_DEMO@DF_FERTILITY(2.4),Fertility - Regions,I,A,Annual,TL2,TL2,AU5,Western Australia,_Z,Not applicable,CHILD_TO_W_RATIO,Child-to-woman ratio,Y_LT5,Less than 5 years,_T,Total,PT_W_Y15T49,Percentage of women aged 15-49 years,2022,,26.37,,AUS,Australia,A,Normal value,0,Units,2,Two
DATAFLOW,OECD.CFE.EDS:DSD_REG_DEMO@DF_FERTILITY(2.4),Fertility - Regions,I,A,Annual,TL2,TL2,AU2,Victoria,_Z,Not applicable,CHILD_TO_W_RATIO,Child-to-woman ratio,Y_LT5,Less than 5 years,_T,Total,PT_W_Y15T49,Percentage of women aged 15-49 years,2022,,24.39,,AUS,Australia,A,Normal value,0,Units,2,Two
DATAFLOW,OECD.CFE.EDS:DSD_REG_DEMO@DF_FERTILITY(2.4),Fertility - Regions,I,A,Annual,TL2,TL2,AU2,Victoria,_Z,Not applicable,CHILD_TO_W_RATIO,Child-to-woman ratio,Y_LT5,Less than 5 years,_T,Total,PT_W_Y15T49,Percentage of women aged 15-49 years,2023,,23.5,,AUS,Australia,A,Normal value,0,Units,2,Two
DATAFLOW,OECD.CFE.EDS:DSD_REG_DEMO@DF_FERTILITY(2.4),Fertility - Regions,I,A,Annual,TL2,TL2,AU5,Western Australia,_Z,Not applicable,CHILD_TO_W_RATIO,Child-to-woman ratio,Y_LT5,Less than 5 years,_T,Total,PT_W_Y15T49,Percentage of women aged 15-49 years,2023,,25.13,,AUS,Australia,A,Normal value,0,Units,2,Two
DATAFLOW,OECD.CFE.EDS:DSD_REG_DEMO@DF_FERTILITY(2.4),Fertility - Regions,I,A,Annual,TL2,TL2,AU6,Tasmania,_Z,Not applicable,CHILD_TO_W_RATIO,Child-to-woman ratio,Y_LT5,Less than 5 years,_T,Total,PT_W_Y15T49,Percentage of women aged 15-49 years,2023,,23.93,,AUS,Australia,A,Normal value,0,Units,2,Two
DATAFLOW,OECD.CFE.EDS:DSD_REG_DEMO@DF_FERTILITY(2.4),Fertility - Regions,I,A,Annual,TL2,TL2,AU7,Northern Territory,_Z,Not applicable,CHILD_TO_W_RATIO,Child-to-woman ratio,Y_LT5,Less than 5 years,_T,Total,PT_W_Y15T49,Percentage of women aged 15-49 years,2023,,25.04,,AUS,Australia,A,Normal value,0,Units,2,Two
DATAFLOW,OECD.CFE.EDS:DSD_REG_DEMO@DF_FERTILITY(2.4),Fertility - Regions,I,A,Annual,TL2,TL2,AU1,New South Wales,_Z,Not applicable,CHILD_TO_W_RATIO,Child-to-woman ratio,Y_LT5,Less than 5 years,_T,Total,PT_W_Y15T49,Percentage of women aged 15-49 years,2023,,24.64,,AUS,Australia,A,Normal value,0,Units,2,Two
DATAFLOW,OECD.CFE.EDS:DSD_REG_DEMO@DF_FERTILITY(2.4),Fertility - Regions,I,A,Annual,TL2,TL2,AU8,Australian Capital Territory,_Z,Not applicable,CHILD_TO_W_RATIO,Child-to-woman ratio,Y_LT5,Less than 5 years,_T,Total,PT_W_Y15T49,Percentage of women aged 15-49 years,2023,,21.33,,AUS,Australia,A,Normal value,0,Units,2,Two
DATAFLOW,OECD.CFE.EDS:DSD_REG_DEMO@DF_FERTILITY(2.4),Fertility - Regions,I,A,Annual,TL2,TL2,AU3,Queensland,_Z,Not applicable,CHILD_TO_W_RATIO,Child-to-woman ratio,Y_LT5,Less than 5 years,_T,Total,PT_W_Y15T49,Percentage of women aged 15-49 years,2023,,24.16,,AUS,Australia,A,Normal value,0,Units,2,Two
DATAFLOW,OECD.CFE.EDS:DSD_REG_DEMO@DF_FERTILITY(2.4),Fertility - Regions,I,A,Annual,TL2,TL2,AU4,South Australia,_Z,Not applicable,CHILD_TO_W_RATIO,Child-to-woman ratio,Y_LT5,Less than 5 years,_T,Total,PT_W_Y15T49,Percentage of women aged 15-49 years,2023,,23.81,,AUS,Australia,A,Normal value,0,Units,2,Two
DATAFLOW,OECD.CFE.EDS:DSD_REG_DEMO@DF_FERTILITY(2.4),Fertility - Regions,I,A,Annual,TL2,TL2,AU4,South Australia,_Z,Not applicable,CHILD_TO_W_RATIO,Child-to-woman ratio,Y_LT5,Less than 5 years,_T,Total,PT_W_Y15T49,Percentage of women aged 15-49 years,2024,,23.24,,AUS,Australia,A,Normal value,0,Units,2,Two
DATAFLOW,OECD.CFE.EDS:DSD_REG_DEMO@DF_FERTILITY(2.4),Fertility - Regions,I,A,Annual,TL2,TL2,AU3,Queensland,_Z,Not applicable,CHILD_TO_W_RATIO,Child-to-woman ratio,Y_LT5,Less than 5 years,_T,Total,PT_W_Y15T49,Percentage of women aged 15-49 years,2024,,23.52,,AUS,Australia,A,Normal value,0,Units,2,Two
DATAFLOW,OECD.CFE.EDS:DSD_REG_DEMO@DF_FERTILITY(2.4),Fertility - Regions,I,A,Annual,TL2,TL2,AU8,Australian Capital Territory,_Z,Not applicable,CHILD_TO_W_RATIO,Child-to-woman ratio,Y_LT5,Less than 5 years,_T,Total,PT_W_Y15T49,Percentage of women aged 15-49 years,2024,,20.64,,AUS,Australia,A,Normal value,0,Units,2,Two
DATAFLOW,OECD.CFE.EDS:DSD_REG_DEMO@DF_FERTILITY(2.4),Fertility - Regions,I,A,Annual,TL2,TL2,AU1,New South Wales,_Z,Not applicable,CHILD_TO_W_RATIO,Child-to-woman ratio,Y_LT5,Less than 5 years,_T,Total,PT_W_Y15T49,Percentage of women aged 15-49 years,2024,,23.83,,AUS,Australia,A,Normal value,0,Units,2,Two
DATAFLOW,OECD.CFE.EDS:DSD_REG_DEMO@DF_FERTILITY(2.4),Fertility - Regions,I,A,Annual,TL2,TL2,AU7,Northern Territory,_Z,Not applicable,CHILD_TO_W_RATIO,Child-to-woman ratio,Y_LT5,Less than 5 years,_T,Total,PT_W_Y15T49,Percentage of women aged 15-49 years,2024,,24.34,,AUS,Australia,A,Normal value,0,Units,2,Two
DATAFLOW,OECD.CFE.EDS:DSD_REG_DEMO@DF_FERTILITY(2.4),Fertility - Regions,I,A,Annual,TL2,TL2,AU6,Tasmania,_Z,Not applicable,CHILD_TO_W_RATIO,Child-to-woman ratio,Y_LT5,Less than 5 years,_T,Total,PT_W_Y15T49,Percentage of women aged 15-49 years,2024,,23.39,,AUS,Australia,A,Normal value,0,Units,2,Two
DATAFLOW,OECD.CFE.EDS:DSD_REG_DEMO@DF_FERTILITY(2.4),Fertility - Regions,I,A,Annual,TL2,TL2,AU5,Western Australia,_Z,Not applicable,CHILD_TO_W_RATIO,Child-to-woman ratio,Y_LT5,Less than 5 years,_T,Total,PT_W_Y15T49,Percentage of women aged 15-49 years,2024,,24.12,,AUS,Australia,A,Normal value,0,Units,2,Two
DATAFLOW,OECD.CFE.EDS:DSD_REG_DEMO@DF_FERTILITY(2.4),Fertility - Regions,I,A,Annual,TL2,TL2,AU2,Victoria,_Z,Not applicable,CHILD_TO_W_RATIO,Child-to-woman ratio,Y_LT5,Less than 5 years,_T,Total,PT_W_Y15T49,Percentage of women aged 15-49 years,2024,,22.96,,AUS,Australia,A,Normal value,0,Units,2,Two
DATAFLOW,OECD.CFE.EDS:DSD_REG_DEMO@DF_FERTILITY(2.4),Fertility - Regions,I,A,Annual,TL2,TL2,AT13,Vienna,_Z,Not applicable,CHILD_TO_W_RATIO,Child-to-woman ratio,Y_LT5,Less than 5 years,_T,Total,PT_W_Y15T49,Percentage of women aged 15-49 years,2021,,20.74,,AUT,Austria,A,Normal value,0,Units,2,Two
DATAFLOW,OECD.CFE.EDS:DSD_REG_DEMO@DF_FERTILITY(2.4),Fertility - Regions,I,A,Annual,TL2,TL2,AT11,Burgenland,_Z,Not applicable,CHILD_TO_W_RATIO,Child-to-woman ratio,Y_LT5,Less than 5 years,_T,Total,PT_W_Y15T49,Percentage of women aged 15-49 years,2021,,20.66,,AUT,Austria,A,Normal value,0,Units,2,Two
DATAFLOW,OECD.CFE.EDS:DSD_REG_DEMO@DF_FERTILITY(2.4),Fertility - Regions,I,A,Annual,TL2,TL2,AT22,Styria,_Z,Not applicable,CHILD_TO_W_RATIO,Child-to-woman ratio,Y_LT5,Less than 5 years,_T,Total,PT_W_Y15T49,Percentage of women aged 15-49 years,2021,,21.53,,AUT,Austria,A,Normal value,0,Units,2,Two
DATAFLOW,OECD.CFE.EDS:DSD_REG_DEMO@DF_FERTILITY(2.4),Fertility - Regions,I,A,Annual,TL2,TL2,AT32,Salzburg,_Z,Not applicable,CHILD_TO_W_RATIO,Child-to-woman ratio,Y_LT5,Less than 5 years,_T,Total,PT_W_Y15T49,Percentage of women aged 15-49 years,2021,,23.3,,AUT,Austria,A,Normal value,0,Units,2,Two
DATAFLOW,OECD.CFE.EDS:DSD_REG_DEMO@DF_FERTILITY(2.4),Fertility - Regions,I,A,Annual,TL2,TL2,AT12,Lower Austria,_Z,Not applicable,CHILD_TO_W_RATIO,Child-to-woman ratio,Y_LT5,Less than 5 years,_T,Total,PT_W_Y15T49,Percentage of women aged 15-49 years,2021,,22.71,,AUT,Austria,A,Normal value,0,Units,2,Two
DATAFLOW,OECD.CFE.EDS:DSD_REG_DEMO@DF_FERTILITY(2.4),Fertility - Regions,I,A,Annual,TL2,TL2,AT34,Vorarlberg,_Z,Not applicable,CHILD_TO_W_RATIO,Child-to-woman ratio,Y_LT5,Less than 5 years,_T,Total,PT_W_Y15T49,Percentage of women aged 15-49 years,2021,,24.88,,AUT,Austria,A,Normal value,0,Units,2,Two
DATAFLOW,OECD.CFE.EDS:DSD_REG_DEMO@DF_FERTILITY(2.4),Fertility - Regions,I,A,Annual,TL2,TL2,AT31,Upper Austria,_Z,Not applicable,CHILD_TO_W_RATIO,Child-to-woman ratio,Y_LT5,Less than 5 years,_T,Total,PT_W_Y15T49,Percentage of women aged 15-49 years,2021,,24.35,,AUT,Austria,A,Normal value,0,Units,2,Two
DATAFLOW,OECD.CFE.EDS:DSD_REG_DEMO@DF_FERTILITY(2.4),Fertility - Regions,I,A,Annual,TL2,TL2,AT33,Tyrol,_Z,Not applicable,CHILD_TO_W_RATIO,Child-to-woman ratio,Y_LT5,Less than 5 years,_T,Total,PT_W_Y15T49,Percentage of women aged 15-49 years,2021,,22.48,,AUT,Austria,A,Normal value,0,Units,2,Two
DATAFLOW,OECD.CFE.EDS:DSD_REG_DEMO@DF_FERTILITY(2.4),Fertility - Regions,I,A,Annual,TL2,TL2,AT21,Carinthia,_Z,Not applicable,CHILD_TO_W_RATIO,Child-to-woman ratio,Y_LT5,Less than 5 years,_T,Total,PT_W_Y15T49,Percentage of women aged 15-49 years,2021,,21.44,,AUT,Austria,A,Normal value,0,Units,2,Two
DATAFLOW,OECD.CFE.EDS:DSD_REG_DEMO@DF_FERTILITY(2.4),Fertility - Regions,I,A,Annual,TL2,TL2,AT21,Carinthia,_Z,Not applicable,CHILD_TO_W_RATIO,Child-to-woman ratio,Y_LT5,Less than 5 years,_T,Total,PT_W_Y15T49,Percentage of women aged 15-49 years,2022,,21.46,,AUT,Austria,A,Normal value,0,Units,2,Two
DATAFLOW,OECD.CFE.EDS:DSD_REG_DEMO@DF_FERTILITY(2.4),Fertility - Regions,I,A,Annual,TL2,TL2,AT33,Tyrol,_Z,Not applicable,CHILD_TO_W_RATIO,Child-to-woman ratio,Y_LT5,Less than 5 years,_T,Total,PT_W_Y15T49,Percentage of women aged 15-49 years,2022,,22.72,,AUT,Austria,A,Normal value,0,Units,2,Two
DATAFLOW,OECD.CFE.EDS:DSD_REG_DEMO@DF_FERTILITY(2.4),Fertility - Regions,I,A,Annual,TL2,TL2,AT31,Upper Austria,_Z,Not applicable,CHILD_TO_W_RATIO,Child-to-woman ratio,Y_LT5,Less than 5 years,_T,Total,PT_W_Y15T49,Percentage of women aged 15-49 years,2022,,24.32,,AUT,Austria,A,Normal value,0,Units,2,Two
DATAFLOW,OECD.CFE.EDS:DSD_REG_DEMO@DF_FERTILITY(2.4),Fertility - Regions,I,A,Annual,TL2,TL2,AT34,Vorarlberg,_Z,Not applicable,CHILD_TO_W_RATIO,Child-to-woman ratio,Y_LT5,Less than 5 years,_T,Total,PT_W_Y15T49,Percentage of women aged 15-49 years,2022,,24.87,,AUT,Austria,A,Normal value,0,Units,2,Two
DATAFLOW,OECD.CFE.EDS:DSD_REG_DEMO@DF_FERTILITY(2.4),Fertility - Regions,I,A,Annual,TL2,TL2,AT12,Lower Austria,_Z,Not applicable,CHILD_TO_W_RATIO,Child-to-woman ratio,Y_LT5,Less than 5 years,_T,Total,PT_W_Y15T49,Percentage of women aged 15-49 years,2022,,22.8,,AUT,Austria,A,Normal value,0,Units,2,Two
DATAFLOW,OECD.CFE.EDS:DSD_REG_DEMO@DF_FERTILITY(2.4),Fertility - Regions,I,A,Annual,TL2,TL2,AT32,Salzburg,_Z,Not applicable,CHILD_TO_W_RATIO,Child-to-woman ratio,Y_LT5,Less than 5 years,_T,Total,PT_W_Y15T49,Percentage of women aged 15-49 years,2022,,23.38,,AUT,Austria,A,Normal value,0,Units,2,Two
DATAFLOW,OECD.CFE.EDS:DSD_REG_DEMO@DF_FERTILITY(2.4),Fertility - Regions,I,A,Annual,TL2,TL2,AT22,Styria,_Z,Not applicable,CHILD_TO_W_RATIO,Child-to-woman ratio,Y_LT5,Less than 5 years,_T,Total,PT_W_Y15T49,Percentage of women aged 15-49 years,2022,,21.7,,AUT,Austria,A,Normal value,0,Units,2,Two
DATAFLOW,OECD.CFE.EDS:DSD_REG_DEMO@DF_FERTILITY(2.4),Fertility - Regions,I,A,Annual,TL2,TL2,AT11,Burgenland,_Z,Not applicable,CHILD_TO_W_RATIO,Child-to-woman ratio,Y_LT5,Less than 5 years,_T,Total,PT_W_Y15T49,Percentage of women aged 15-49 years,2022,,20.71,,AUT,Austria,A,Normal value,0,Units,2,Two
DATAFLOW,OECD.CFE.EDS:DSD_REG_DEMO@DF_FERTILITY(2.4),Fertility - Regions,I,A,Annual,TL2,TL2,AT13,Vienna,_Z,Not applicable,CHILD_TO_W_RATIO,Child-to-woman ratio,Y_LT5,Less than 5 years,_T,Total,PT_W_Y15T49,Percentage of women aged 15-49 years,2022,,20.37,,AUT,Austria,A,Normal value,0,Units,2,Two
DATAFLOW,OECD.CFE.EDS:DSD_REG_DEMO@DF_FERTILITY(2.4),Fertility - Regions,I,A,Annual,TL2,TL2,AT13,Vienna,_Z,Not applicable,CHILD_TO_W_RATIO,Child-to-woman ratio,Y_LT5,Less than 5 years,_T,Total,PT_W_Y15T49,Percentage of women aged 15-49 years,2023,,19.83,,AUT,Austria,A,Normal value,0,Units,2,Two
DATAFLOW,OECD.CFE.EDS:DSD_REG_DEMO@DF_FERTILITY(2.4),Fertility - Regions,I,A,Annual,TL2,TL2,AT11,Burgenland,_Z,Not applicable,CHILD_TO_W_RATIO,Child-to-woman ratio,Y_LT5,Less than 5 years,_T,Total,PT_W_Y15T49,Percentage of women aged 15-49 years,2023,,20.75,,AUT,Austria,A,Normal value,0,Units,2,Two
DATAFLOW,OECD.CFE.EDS:DSD_REG_DEMO@DF_FERTILITY(2.4),Fertility - Regions,I,A,Annual,TL2,TL2,AT22,Styria,_Z,Not applicable,CHILD_TO_W_RATIO,Child-to-woman ratio,Y_LT5,Less than 5 years,_T,Total,PT_W_Y15T49,Percentage of women aged 15-49 years,2023,,21.47,,AUT,Austria,A,Normal value,0,Units,2,Two
DATAFLOW,OECD.CFE.EDS:DSD_REG_DEMO@DF_FERTILITY(2.4),Fertility - Regions,I,A,Annual,TL2,TL2,AT32,Salzburg,_Z,Not applicable,CHILD_TO_W_RATIO,Child-to-woman ratio,Y_LT5,Less than 5 years,_T,Total,PT_W_Y15T49,Percentage of women aged 15-49 years,2023,,23.02,,AUT,Austria,A,Normal value,0,Units,2,Two
DATAFLOW,OECD.CFE.EDS:DSD_REG_DEMO@DF_FERTILITY(2.4),Fertility - Regions,I,A,Annual,TL2,TL2,AT12,Lower Austria,_Z,Not applicable,CHILD_TO_W_RATIO,Child-to-woman ratio,Y_LT5,Less than 5 years,_T,Total,PT_W_Y15T49,Percentage of women aged 15-49 years,2023,,22.66,,AUT,Austria,A,Normal value,0,Units,2,Two
DATAFLOW,OECD.CFE.EDS:DSD_REG_DEMO@DF_FERTILITY(2.4),Fertility - Regions,I,A,Annual,TL2,TL2,AT34,Vorarlberg,_Z,Not applicable,CHILD_TO_W_RATIO,Child-to-woman ratio,Y_LT5,Less than 5 years,_T,Total,PT_W_Y15T49,Percentage of women aged 15-49 years,2023,,24.56,,AUT,Austria,A,Normal value,0,Units,2,Two
DATAFLOW,OECD.CFE.EDS:DSD_REG_DEMO@DF_FERTILITY(2.4),Fertility - Regions,I,A,Annual,TL2,TL2,AT31,Upper Austria,_Z,Not applicable,CHILD_TO_W_RATIO,Child-to-woman ratio,Y_LT5,Less than 5 years,_T,Total,PT_W_Y15T49,Percentage of women aged 15-49 years,2023,,24.08,,AUT,Austria,A,Normal value,0,Units,2,Two
DATAFLOW,OECD.CFE.EDS:DSD_REG_DEMO@DF_FERTILITY(2.4),Fertility - Regions,I,A,Annual,TL2,TL2,AT33,Tyrol,_Z,Not applicable,CHILD_TO_W_RATIO,Child-to-woman ratio,Y_LT5,Less than 5 years,_T,Total,PT_W_Y15T49,Percentage of women aged 15-49 years,2023,,22.48,,AUT,Austria,A,Normal value,0,Units,2,Two
DATAFLOW,OECD.CFE.EDS:DSD_REG_DEMO@DF_FERTILITY(2.4),Fertility - Regions,I,A,Annual,TL2,TL2,AT21,Carinthia,_Z,Not applicable,CHILD_TO_W_RATIO,Child-to-woman ratio,Y_LT5,Less than 5 years,_T,Total,PT_W_Y15T49,Percentage of women aged 15-49 years,2023,,21.21,,AUT,Austria,A,Normal value,0,Units,2,Two
DATAFLOW,OECD.CFE.EDS:DSD_REG_DEMO@DF_FERTILITY(2.4),Fertility - Regions,I,A,Annual,TL2,TL2,AT21,Carinthia,_Z,Not applicable,CHILD_TO_W_RATIO,Child-to-woman ratio,Y_LT5,Less than 5 years,_T,Total,PT_W_Y15T49,Percentage of women aged 15-49 years,2024,,20.91,,AUT,Austria,A,Normal value,0,Units,2,Two
DATAFLOW,OECD.CFE.EDS:DSD_REG_DEMO@DF_FERTILITY(2.4),Fertility - Regions,I,A,Annual,TL2,TL2,AT33,Tyrol,_Z,Not applicable,CHILD_TO_W_RATIO,Child-to-woman ratio,Y_LT5,Less than 5 years,_T,Total,PT_W_Y15T49,Percentage of women aged 15-49 years,2024,,21.97,,AUT,Austria,A,Normal value,0,Units,2,Two
DATAFLOW,OECD.CFE.EDS:DSD_REG_DEMO@DF_FERTILITY(2.4),Fertility - Regions,I,A,Annual,TL2,TL2,AT31,Upper Austria,_Z,Not applicable,CHILD_TO_W_RATIO,Child-to-woman ratio,Y_LT5,Less than 5 years,_T,Total,PT_W_Y15T49,Percentage of women aged 15-49 years,2024,,23.56,,AUT,Austria,A,Normal value,0,Units,2,Two
DATAFLOW,OECD.CFE.EDS:DSD_REG_DEMO@DF_FERTILITY(2.4),Fertility - Regions,I,A,Annual,TL2,TL2,AT34,Vorarlberg,_Z,Not applicable,CHILD_TO_W_RATIO,Child-to-woman ratio,Y_LT5,Less than 5 years,_T,Total,PT_W_Y15T49,Percentage of women aged 15-49 years,2024,,24.04,,AUT,Austria,A,Normal value,0,Units,2,Two
DATAFLOW,OECD.CFE.EDS:DSD_REG_DEMO@DF_FERTILITY(2.4),Fertility - Regions,I,A,Annual,TL2,TL2,AT12,Lower Austria,_Z,Not applicable,CHILD_TO_W_RATIO,Child-to-woman ratio,Y_LT5,Less than 5 years,_T,Total,PT_W_Y15T49,Percentage of women aged 15-49 years,2024,,22.33,,AUT,Austria,A,Normal value,0,Units,2,Two
DATAFLOW,OECD.CFE.EDS:DSD_REG_DEMO@DF_FERTILITY(2.4),Fertility - Regions,I,A,Annual,TL2,TL2,AT32,Salzburg,_Z,Not applicable,CHILD_TO_W_RATIO,Child-to-woman ratio,Y_LT5,Less than 5 years,_T,Total,PT_W_Y15T49,Percentage of women aged 15-49 years,2024,,22.57,,AUT,Austria,A,Normal value,0,Units,2,Two
DATAFLOW,OECD.CFE.EDS:DSD_REG_DEMO@DF_FERTILITY(2.4),Fertility - Regions,I,A,Annual,TL2,TL2,AT22,Styria,_Z,Not applicable,CHILD_TO_W_RATIO,Child-to-woman ratio,Y_LT5,Less than 5 years,_T,Total,PT_W_Y15T49,Percentage of women aged 15-49 years,2024,,21.21,,AUT,Austria,A,Normal value,0,Units,2,Two
DATAFLOW,OECD.CFE.EDS:DSD_REG_DEMO@DF_FERTILITY(2.4),Fertility - Regions,I,A,Annual,TL2,TL2,AT11,Burgenland,_Z,Not applicable,CHILD_TO_W_RATIO,Child-to-woman ratio,Y_LT5,Less than 5 years,_T,Total,PT_W_Y15T49,Percentage of women aged 15-49 years,2024,,20.31,,AUT,Austria,A,Normal value,0,Units,2,Two
DATAFLOW,OECD.CFE.EDS:DSD_REG_DEMO@DF_FERTILITY(2.4),Fertility - Regions,I,A,Annual,TL2,TL2,AT13,Vienna,_Z,Not applicable,CHILD_TO_W_RATIO,Child-to-woman ratio,Y_LT5,Less than 5 years,_T,Total,PT_W_Y15T49,Percentage of women aged 15-49 years,2024,,19.35,,AUT,Austria,A,Normal value,0,Units,2,Two
DATAFLOW,OECD.CFE.EDS:DSD_REG_DEMO@DF_FERTILITY(2.4),Fertility - Regions,I,A,Annual,TL2,TL2,AT13,Vienna,_Z,Not applicable,CHILD_TO_W_RATIO,Child-to-woman ratio,Y_LT5,Less than 5 years,_T,Total,PT_W_Y15T49,Percentage of women aged 15-49 years,2025,,19.04,,AUT,Austria,A,Normal value,0,Units,2,Two
DATAFLOW,OECD.CFE.EDS:DSD_REG_DEMO@DF_FERTILITY(2.4),Fertility - Regions,I,A,Annual,TL2,TL2,AT11,Burgenland,_Z,Not applicable,CHILD_TO_W_RATIO,Child-to-woman ratio,Y_LT5,Less than 5 years,_T,Total,PT_W_Y15T49,Percentage of women aged 15-49 years,2025,,19.67,,AUT,Austria,A,Normal value,0,Units,2,Two
DATAFLOW,OECD.CFE.EDS:DSD_REG_DEMO@DF_FERTILITY(2.4),Fertility - Regions,I,A,Annual,TL2,TL2,AT32,Salzburg,_Z,Not applicable,CHILD_TO_W_RATIO,Child-to-woman ratio,Y_LT5,Less than 5 years,_T,Total,PT_W_Y15T49,Percentage of women aged 15-49 years,2025,,21.85,,AUT,Austria,A,Normal value,0,Units,2,Two
DATAFLOW,OECD.CFE.EDS:DSD_REG_DEMO@DF_FERTILITY(2.4),Fertility - Regions,I,A,Annual,TL2,TL2,AT22,Styria,_Z,Not applicable,CHILD_TO_W_RATIO,Child-to-woman ratio,Y_LT5,Less than 5 years,_T,Total,PT_W_Y15T49,Percentage of women aged 15-49 years,2025,,20.77,,AUT,Austria,A,Normal value,0,Units,2,Two
DATAFLOW,OECD.CFE.EDS:DSD_REG_DEMO@DF_FERTILITY(2.4),Fertility - Regions,I,A,Annual,TL2,TL2,AT12,Lower Austria,_Z,Not applicable,CHILD_TO_W_RATIO,Child-to-woman ratio,Y_LT5,Less than 5 years,_T,Total,PT_W_Y15T49,Percentage of women aged 15-49 years,2025,,21.95,,AUT,Austria,A,Normal value,0,Units,2,Two
DATAFLOW,OECD.CFE.EDS:DSD_REG_DEMO@DF_FERTILITY(2.4),Fertility - Regions,I,A,Annual,TL2,TL2,AT34,Vorarlberg,_Z,Not applicable,CHILD_TO_W_RATIO,Child-to-woman ratio,Y_LT5,Less than 5 years,_T,Total,PT_W_Y15T49,Percentage of women aged 15-49 years,2025,,23.35,,AUT,Austria,A,Normal value,0,Units,2,Two
DATAFLOW,OECD.CFE.EDS:DSD_REG_DEMO@DF_FERTILITY(2.4),Fertility - Regions,I,A,Annual,TL2,TL2,AT31,Upper Austria,_Z,Not applicable,CHILD_TO_W_RATIO,Child-to-woman ratio,Y_LT5,Less than 5 years,_T,Total,PT_W_Y15T49,Percentage of women aged 15-49 years,2025,,23.11,,AUT,Austria,A,Normal value,0,Units,2,Two
DATAFLOW,OECD.CFE.EDS:DSD_REG_DEMO@DF_FERTILITY(2.4),Fertility - Regions,I,A,Annual,TL2,TL2,AT33,Tyrol,_Z,Not applicable,CHILD_TO_W_RATIO,Child-to-woman ratio,Y_LT5,Less than 5 years,_T,Total,PT_W_Y15T49,Percentage of women aged 15-49 years,2025,,21.53,,AUT,Austria,A,Normal value,0,Units,2,Two
DATAFLOW,OECD.CFE.EDS:DSD_REG_DEMO@DF_FERTILITY(2.4),Fertility - Regions,I,A,Annual,TL2,TL2,AT21,Carinthia,_Z,Not applicable,CHILD_TO_W_RATIO,Child-to-woman ratio,Y_LT5,Less than 5 years,_T,Total,PT_W_Y15T49,Percentage of women aged 15-49 years,2025,,20.54,,AUT,Austria,A,Normal value,0,Units,2,Two
DATAFLOW,OECD.CFE.EDS:DSD_REG_DEMO@DF_FERTILITY(2.4),Fertility - Regions,I,A,Annual,TL2,TL2,AT34,Vorarlberg,_Z,Not applicable,FERT_RATIO,Fertility rate,Y45T49,From 45 to 49 years,F,Female,BR_L_W,Live births per woman,2021,,0.00411,,AUT,Austria,A,Normal value,0,Units,2,Two
DATAFLOW,OECD.CFE.EDS:DSD_REG_DEMO@DF_FERTILITY(2.4),Fertility - Regions,I,A,Annual,TL2,TL2,AT22,Styria,_Z,Not applicable,FERT_RATIO,Fertility rate,Y45T49,From 45 to 49 years,F,Female,BR_L_W,Live births per woman,2021,,0.0023200000000000004,,AUT,Austria,A,Normal value,0,Units,2,Two
DATAFLOW,OECD.CFE.EDS:DSD_REG_DEMO@DF_FERTILITY(2.4),Fertility - Regions,I,A,Annual,TL2,TL2,AT31,Upper Austria,_Z,Not applicable,FERT_RATIO,Fertility rate,Y45T49,From 45 to 49 years,F,Female,BR_L_W,Live births per woman,2021,,0.0025800000000000003,,AUT,Austria,A,Normal value,0,Units,2,Two
DATAFLOW,OECD.CFE.EDS:DSD_REG_DEMO@DF_FERTILITY(2.4),Fertility - Regions,I,A,Annual,TL2,TL2,AT21,Carinthia,_Z,Not applicable,FERT_RATIO,Fertility rate,Y45T49,From 45 to 49 years,F,Female,BR_L_W,Live births per woman,2021,,0.00175,,AUT,Austria,A,Normal value,0,Units,2,Two
DATAFLOW,OECD.CFE.EDS:DSD_REG_DEMO@DF_FERTILITY(2.4),Fertility - Regions,I,A,Annual,TL2,TL2,AT11,Burgenland,_Z,Not applicable,FERT_RATIO,Fertility rate,Y45T49,From 45 to 49 years,F,Female,BR_L_W,Live births per woman,2021,,0.0037999999999999996,,AUT,Austria,A,Normal value,0,Units,2,Two
DATAFLOW,OECD.CFE.EDS:DSD_REG_DEMO@DF_FERTILITY(2.4),Fertility - Regions,I,A,Annual,TL2,TL2,AT12,Lower Austria,_Z,Not applicable,FERT_RATIO,Fertility rate,Y45T49,From 45 to 49 years,F,Female,BR_L_W,Live births per woman,2021,,0.0024000000000000002,,AUT,Austria,A,Normal value,0,Units,2,Two
DATAFLOW,OECD.CFE.EDS:DSD_REG_DEMO@DF_FERTILITY(2.4),Fertility - Regions,I,A,Annual,TL2,TL2,AT13,Vienna,_Z,Not applicable,FERT_RATIO,Fertility rate,Y45T49,From 45 to 49 years,F,Female,BR_L_W,Live births per woman,2021,,0.00507,,AUT,Austria,A,Normal value,0,Units,2,Two
DATAFLOW,OECD.CFE.EDS:DSD_REG_DEMO@DF_FERTILITY(2.4),Fertility - Regions,I,A,Annual,TL2,TL2,AT32,Salzburg,_Z,Not applicable,FERT_RATIO,Fertility rate,Y45T49,From 45 to 49 years,F,Female,BR_L_W,Live births per woman,2021,,0.00329,,AUT,Austria,A,Normal value,0,Units,2,Two
DATAFLOW,OECD.CFE.EDS:DSD_REG_DEMO@DF_FERTILITY(2.4),Fertility - Regions,I,A,Annual,TL2,TL2,AT33,Tyrol,_Z,Not applicable,FERT_RATIO,Fertility rate,Y45T49,From 45 to 49 years,F,Female,BR_L_W,Live births per woman,2021,,0.00399,,AUT,Austria,A,Normal value,0,Units,2,Two
DATAFLOW,OECD.CFE.EDS:DSD_REG_DEMO@DF_FERTILITY(2.4),Fertility - Regions,I,A,Annual,TL2,TL2,AT33,Tyrol,_Z,Not applicable,FERT_RATIO,Fertility rate,Y45T49,From 45 to 49 years,F,Female,BR_L_W,Live births per woman,2022,,0.00324,,AUT,Austria,A,Normal value,0,Units,2,Two
DATAFLOW,OECD.CFE.EDS:DSD_REG_DEMO@DF_FERTILITY(2.4),Fertility - Regions,I,A,Annual,TL2,TL2,AT32,Salzburg,_Z,Not applicable,FERT_RATIO,Fertility rate,Y45T49,From 45 to 49 years,F,Female,BR_L_W,Live births per woman,2022,,0.00399,,AUT,Austria,A,Normal value,0,Units,2,Two
DATAFLOW,OECD.CFE.EDS:DSD_REG_DEMO@DF_FERTILITY(2.4),Fertility - Regions,I,A,Annual,TL2,TL2,AT13,Vienna,_Z,Not applicable,FERT_RATIO,Fertility rate,Y45T49,From 45 to 49 years,F,Female,BR_L_W,Live births per woman,2022,,0.00673,,AUT,Austria,A,Normal value,0,Units,2,Two
DATAFLOW,OECD.CFE.EDS:DSD_REG_DEMO@DF_FERTILITY(2.4),Fertility - Regions,I,A,Annual,TL2,TL2,AT12,Lower Austria,_Z,Not applicable,FERT_RATIO,Fertility rate,Y45T49,From 45 to 49 years,F,Female,BR_L_W,Live births per woman,2022,,0.00475,,AUT,Austria,A,Normal value,0,Units,2,Two
DATAFLOW,OECD.CFE.EDS:DSD_REG_DEMO@DF_FERTILITY(2.4),Fertility - Regions,I,A,Annual,TL2,TL2,AT11,Burgenland,_Z,Not applicable,FERT_RATIO,Fertility rate,Y45T49,From 45 to 49 years,F,Female,BR_L_W,Live births per woman,2022,,0.0028,,AUT,Austria,A,Normal value,0,Units,2,Two
DATAFLOW,OECD.CFE.EDS:DSD_REG_DEMO@DF_FERTILITY(2.4),Fertility - Regions,I,A,Annual,TL2,TL2,AT21,Carinthia,_Z,Not applicable,FERT_RATIO,Fertility rate,Y45T49,From 45 to 49 years,F,Female,BR_L_W,Live births per woman,2022,,0.00208,,AUT,Austria,A,Normal value,0,Units,2,Two
DATAFLOW,OECD.CFE.EDS:DSD_REG_DEMO@DF_FERTILITY(2.4),Fertility - Regions,I,A,Annual,TL2,TL2,AT31,Upper Austria,_Z,Not applicable,FERT_RATIO,Fertility rate,Y45T49,From 45 to 49 years,F,Female,BR_L_W,Live births per woman,2022,,0.00456,,AUT,Austria,A,Normal value,0,Units,2,Two
DATAFLOW,OECD.CFE.EDS:DSD_REG_DEMO@DF_FERTILITY(2.4),Fertility - Regions,I,A,Annual,TL2,TL2,AT22,Styria,_Z,Not applicable,FERT_RATIO,Fertility rate,Y45T49,From 45 to 49 years,F,Female,BR_L_W,Live births per woman,2022,,0.00351,,AUT,Austria,A,Normal value,0,Units,2,Two
DATAFLOW,OECD.CFE.EDS:DSD_REG_DEMO@DF_FERTILITY(2.4),Fertility - Regions,I,A,Annual,TL2,TL2,AT34,Vorarlberg,_Z,Not applicable,FERT_RATIO,Fertility rate,Y45T49,From 45 to 49 years,F,Female,BR_L_W,Live births per woman,2022,,0.0034800000000000005,,AUT,Austria,A,Normal value,0,Units,2,Two
DATAFLOW,OECD.CFE.EDS:DSD_REG_DEMO@DF_FERTILITY(2.4),Fertility - Regions,I,A,Annual,TL2,TL2,AT11,Burgenland,_Z,Not applicable,FERT_RATIO,Fertility rate,Y40T44,From 40 to 44 years,F,Female,BR_L_W,Live births per woman,2021,,0.05879,,AUT,Austria,A,Normal value,0,Units,2,Two
DATAFLOW,OECD.CFE.EDS:DSD_REG_DEMO@DF_FERTILITY(2.4),Fertility - Regions,I,A,Annual,TL2,TL2,AT13,Vienna,_Z,Not applicable,FERT_RATIO,Fertility rate,Y40T44,From 40 to 44 years,F,Female,BR_L_W,Live births per woman,2021,,0.07948,,AUT,Austria,A,Normal value,0,Units,2,Two
DATAFLOW,OECD.CFE.EDS:DSD_REG_DEMO@DF_FERTILITY(2.4),Fertility - Regions,I,A,Annual,TL2,TL2,AT34,Vorarlberg,_Z,Not applicable,FERT_RATIO,Fertility rate,Y40T44,From 40 to 44 years,F,Female,BR_L_W,Live births per woman,2021,,0.05969000000000001,,AUT,Austria,A,Normal value,0,Units,2,Two
DATAFLOW,OECD.CFE.EDS:DSD_REG_DEMO@DF_FERTILITY(2.4),Fertility - Regions,I,A,Annual,TL2,TL2,AT12,Lower Austria,_Z,Not applicable,FERT_RATIO,Fertility rate,Y40T44,From 40 to 44 years,F,Female,BR_L_W,Live births per woman,2021,,0.05677999999999999,,AUT,Austria,A,Normal value,0,Units,2,Two
DATAFLOW,OECD.CFE.EDS:DSD_REG_DEMO@DF_FERTILITY(2.4),Fertility - Regions,I,A,Annual,TL2,TL2,AT21,Carinthia,_Z,Not applicable,FERT_RATIO,Fertility rate,Y40T44,From 40 to 44 years,F,Female,BR_L_W,Live births per woman,2021,,0.051899999999999995,,AUT,Austria,A,Normal value,0,Units,2,Two
DATAFLOW,OECD.CFE.EDS:DSD_REG_DEMO@DF_FERTILITY(2.4),Fertility - Regions,I,A,Annual,TL2,TL2,AT22,Styria,_Z,Not applicable,FERT_RATIO,Fertility rate,Y40T44,From 40 to 44 years,F,Female,BR_L_W,Live births per woman,2021,,0.05456,,AUT,Austria,A,Normal value,0,Units,2,Two
DATAFLOW,OECD.CFE.EDS:DSD_REG_DEMO@DF_FERTILITY(2.4),Fertility - Regions,I,A,Annual,TL2,TL2,AT33,Tyrol,_Z,Not applicable,FERT_RATIO,Fertility rate,Y40T44,From 40 to 44 years,F,Female,BR_L_W,Live births per woman,2021,,0.06857999999999999,,AUT,Austria,A,Normal value,0,Units,2,Two
DATAFLOW,OECD.CFE.EDS:DSD_REG_DEMO@DF_FERTILITY(2.4),Fertility - Regions,I,A,Annual,TL2,TL2,AT32,Salzburg,_Z,Not applicable,FERT_RATIO,Fertility rate,Y40T44,From 40 to 44 years,F,Female,BR_L_W,Live births per woman,2021,,0.06346,,AUT,Austria,A,Normal value,0,Units,2,Two
DATAFLOW,OECD.CFE.EDS:DSD_REG_DEMO@DF_FERTILITY(2.4),Fertility - Regions,I,A,Annual,TL2,TL2,AT31,Upper Austria,_Z,Not applicable,FERT_RATIO,Fertility rate,Y40T44,From 40 to 44 years,F,Female,BR_L_W,Live births per woman,2021,,0.050640000000000004,,AUT,Austria,A,Normal value,0,Units,2,Two
DATAFLOW,OECD.CFE.EDS:DSD_REG_DEMO@DF_FERTILITY(2.4),Fertility - Regions,I,A,Annual,TL2,TL2,AT31,Upper Austria,_Z,Not applicable,FERT_RATIO,Fertility rate,Y40T44,From 40 to 44 years,F,Female,BR_L_W,Live births per woman,2022,,0.05016,,AUT,Austria,A,Normal value,0,Units,2,Two
DATAFLOW,OECD.CFE.EDS:DSD_REG_DEMO@DF_FERTILITY(2.4),Fertility - Regions,I,A,Annual,TL2,TL2,AT32,Salzburg,_Z,Not applicable,FERT_RATIO,Fertility rate,Y40T44,From 40 to 44 years,F,Female,BR_L_W,Live births per woman,2022,,0.06286,,AUT,Austria,A,Normal value,0,Units,2,Two
DATAFLOW,OECD.CFE.EDS:DSD_REG_DEMO@DF_FERTILITY(2.4),Fertility - Regions,I,A,Annual,TL2,TL2,AT33,Tyrol,_Z,Not applicable,FERT_RATIO,Fertility rate,Y40T44,From 40 to 44 years,F,Female,BR_L_W,Live births per woman,2022,,0.06139000000000001,,AUT,Austria,A,Normal value,0,Units,2,Two
DATAFLOW,OECD.CFE.EDS:DSD_REG_DEMO@DF_FERTILITY(2.4),Fertility - Regions,I,A,Annual,TL2,TL2,AT22,Styria,_Z,Not applicable,FERT_RATIO,Fertility rate,Y40T44,From 40 to 44 years,F,Female,BR_L_W,Live births per woman,2022,,0.05578,,AUT,Austria,A,Normal value,0,Units,2,Two
DATAFLOW,OECD.CFE.EDS:DSD_REG_DEMO@DF_FERTILITY(2.4),Fertility - Regions,I,A,Annual,TL2,TL2,AT21,Carinthia,_Z,Not applicable,FERT_RATIO,Fertility rate,Y40T44,From 40 to 44 years,F,Female,BR_L_W,Live births per woman,2022,,0.048440000000000004,,AUT,Austria,A,Normal value,0,Units,2,Two
DATAFLOW,OECD.CFE.EDS:DSD_REG_DEMO@DF_FERTILITY(2.4),Fertility - Regions,I,A,Annual,TL2,TL2,AT12,Lower Austria,_Z,Not applicable,FERT_RATIO,Fertility rate,Y40T44,From 40 to 44 years,F,Female,BR_L_W,Live births per woman,2022,,0.05559,,AUT,Austria,A,Normal value,0,Units,2,Two
DATAFLOW,OECD.CFE.EDS:DSD_REG_DEMO@DF_FERTILITY(2.4),Fertility - Regions,I,A,Annual,TL2,TL2,AT34,Vorarlberg,_Z,Not applicable,FERT_RATIO,Fertility rate,Y40T44,From 40 to 44 years,F,Female,BR_L_W,Live births per woman,2022,,0.0569,,AUT,Austria,A,Normal value,0,Units,2,Two
DATAFLOW,OECD.CFE.EDS:DSD_REG_DEMO@DF_FERTILITY(2.4),Fertility - Regions,I,A,Annual,TL2,TL2,AT13,Vienna,_Z,Not applicable,FERT_RATIO,Fertility rate,Y40T44,From 40 to 44 years,F,Female,BR_L_W,Live births per woman,2022,,0.08099,,AUT,Austria,A,Normal value,0,Units,2,Two
DATAFLOW,OECD.CFE.EDS:DSD_REG_DEMO@DF_FERTILITY(2.4),Fertility - Regions,I,A,Annual,TL2,TL2,AT11,Burgenland,_Z,Not applicable,FERT_RATIO,Fertility rate,Y40T44,From 40 to 44 years,F,Female,BR_L_W,Live births per woman,2022,,0.04645,,AUT,Austria,A,Normal value,0,Units,2,Two
DATAFLOW,OECD.CFE.EDS:DSD_REG_DEMO@DF_FERTILITY(2.4),Fertility - Regions,I,A,Annual,TL2,TL2,AT33,Tyrol,_Z,Not applicable,FERT_RATIO,Fertility rate,Y25T29,From 25 to 29 years,F,Female,BR_L_W,Live births per woman,2021,,0.42488,,AUT,Austria,A,Normal value,0,Units,2,Two
DATAFLOW,OECD.CFE.EDS:DSD_REG_DEMO@DF_FERTILITY(2.4),Fertility - Regions,I,A,Annual,TL2,TL2,AT31,Upper Austria,_Z,Not applicable,FERT_RATIO,Fertility rate,Y25T29,From 25 to 29 years,F,Female,BR_L_W,Live births per woman,2021,,0.5180899999999999,,AUT,Austria,A,Normal value,0,Units,2,Two
DATAFLOW,OECD.CFE.EDS:DSD_REG_DEMO@DF_FERTILITY(2.4),Fertility - Regions,I,A,Annual,TL2,TL2,AT32,Salzburg,_Z,Not applicable,FERT_RATIO,Fertility rate,Y25T29,From 25 to 29 years,F,Female,BR_L_W,Live births per woman,2021,,0.48786,,AUT,Austria,A,Normal value,0,Units,2,Two
DATAFLOW,OECD.CFE.EDS:DSD_REG_DEMO@DF_FERTILITY(2.4),Fertility - Regions,I,A,Annual,TL2,TL2,AT13,Vienna,_Z,Not applicable,FERT_RATIO,Fertility rate,Y25T29,From 25 to 29 years,F,Female,BR_L_W,Live births per woman,2021,,0.29957,,AUT,Austria,A,Normal value,0,Units,2,Two
DATAFLOW,OECD.CFE.EDS:DSD_REG_DEMO@DF_FERTILITY(2.4),Fertility - Regions,I,A,Annual,TL2,TL2,AT22,Styria,_Z,Not applicable,FERT_RATIO,Fertility rate,Y25T29,From 25 to 29 years,F,Female,BR_L_W,Live births per woman,2021,,0.44905000000000006,,AUT,Austria,A,Normal value,0,Units,2,Two
DATAFLOW,OECD.CFE.EDS:DSD_REG_DEMO@DF_FERTILITY(2.4),Fertility - Regions,I,A,Annual,TL2,TL2,AT12,Lower Austria,_Z,Not applicable,FERT_RATIO,Fertility rate,Y25T29,From 25 to 29 years,F,Female,BR_L_W,Live births per woman,2021,,0.49152,,AUT,Austria,A,Normal value,0,Units,2,Two
DATAFLOW,OECD.CFE.EDS:DSD_REG_DEMO@DF_FERTILITY(2.4),Fertility - Regions,I,A,Annual,TL2,TL2,AT34,Vorarlberg,_Z,Not applicable,FERT_RATIO,Fertility rate,Y25T29,From 25 to 29 years,F,Female,BR_L_W,Live births per woman,2021,,0.4679,,AUT,Austria,A,Normal value,0,Units,2,Two
DATAFLOW,OECD.CFE.EDS:DSD_REG_DEMO@DF_FERTILITY(2.4),Fertility - Regions,I,A,Annual,TL2,TL2,AT21,Carinthia,_Z,Not applicable,FERT_RATIO,Fertility rate,Y25T29,From 25 to 29 years,F,Female,BR_L_W,Live births per woman,2021,,0.44993,,AUT,Austria,A,Normal value,0,Units,2,Two
DATAFLOW,OECD.CFE.EDS:DSD_REG_DEMO@DF_FERTILITY(2.4),Fertility - Regions,I,A,Annual,TL2,TL2,AT11,Burgenland,_Z,Not applicable,FERT_RATIO,Fertility rate,Y25T29,From 25 to 29 years,F,Female,BR_L_W,Live births per woman,2021,,0.42045,,AUT,Austria,A,Normal value,0,Units,2,Two
DATAFLOW,OECD.CFE.EDS:DSD_REG_DEMO@DF_FERTILITY(2.4),Fertility - Regions,I,A,Annual,TL2,TL2,AT11,Burgenland,_Z,Not applicable,FERT_RATIO,Fertility rate,Y25T29,From 25 to 29 years,F,Female,BR_L_W,Live births per woman,2022,,0.44403,,AUT,Austria,A,Normal value,0,Units,2,Two
DATAFLOW,OECD.CFE.EDS:DSD_REG_DEMO@DF_FERTILITY(2.4),Fertility - Regions,I,A,Annual,TL2,TL2,AT21,Carinthia,_Z,Not applicable,FERT_RATIO,Fertility rate,Y25T29,From 25 to 29 years,F,Female,BR_L_W,Live births per woman,2022,,0.45176,,AUT,Austria,A,Normal value,0,Units,2,Two
DATAFLOW,OECD.CFE.EDS:DSD_REG_DEMO@DF_FERTILITY(2.4),Fertility - Regions,I,A,Annual,TL2,TL2,AT34,Vorarlberg,_Z,Not applicable,FERT_RATIO,Fertility rate,Y25T29,From 25 to 29 years,F,Female,BR_L_W,Live births per woman,2022,,0.4366,,AUT,Austria,A,Normal value,0,Units,2,Two
DATAFLOW,OECD.CFE.EDS:DSD_REG_DEMO@DF_FERTILITY(2.4),Fertility - Regions,I,A,Annual,TL2,TL2,AT12,Lower Austria,_Z,Not applicable,FERT_RATIO,Fertility rate,Y25T29,From 25 to 29 years,F,Female,BR_L_W,Live births per woman,2022,,0.4763400000000001,,AUT,Austria,A,Normal value,0,Units,2,Two
DATAFLOW,OECD.CFE.EDS:DSD_REG_DEMO@DF_FERTILITY(2.4),Fertility - Regions,I,A,Annual,TL2,TL2,AT22,Styria,_Z,Not applicable,FERT_RATIO,Fertility rate,Y25T29,From 25 to 29 years,F,Female,BR_L_W,Live births per woman,2022,,0.4175,,AUT,Austria,A,Normal value,0,Units,2,Two
DATAFLOW,OECD.CFE.EDS:DSD_REG_DEMO@DF_FERTILITY(2.4),Fertility - Regions,I,A,Annual,TL2,TL2,AT13,Vienna,_Z,Not applicable,FERT_RATIO,Fertility rate,Y25T29,From 25 to 29 years,F,Female,BR_L_W,Live births per woman,2022,,0.29921000000000003,,AUT,Austria,A,Normal value,0,Units,2,Two
DATAFLOW,OECD.CFE.EDS:DSD_REG_DEMO@DF_FERTILITY(2.4),Fertility - Regions,I,A,Annual,TL2,TL2,AT32,Salzburg,_Z,Not applicable,FERT_RATIO,Fertility rate,Y25T29,From 25 to 29 years,F,Female,BR_L_W,Live births per woman,2022,,0.44328999999999996,,AUT,Austria,A,Normal value,0,Units,2,Two
DATAFLOW,OECD.CFE.EDS:DSD_REG_DEMO@DF_FERTILITY(2.4),Fertility - Regions,I,A,Annual,TL2,TL2,AT31,Upper Austria,_Z,Not applicable,FERT_RATIO,Fertility rate,Y25T29,From 25 to 29 years,F,Female,BR_L_W,Live births per woman,2022,,0.49770000000000003,,AUT,Austria,A,Normal value,0,Units,2,Two
DATAFLOW,OECD.CFE.EDS:DSD_REG_DEMO@DF_FERTILITY(2.4),Fertility - Regions,I,A,Annual,TL2,TL2,AT33,Tyrol,_Z,Not applicable,FERT_RATIO,Fertility rate,Y25T29,From 25 to 29 years,F,Female,BR_L_W,Live births per woman,2022,,0.40517000000000003,,AUT,Austria,A,Normal value,0,Units,2,Two
DATAFLOW,OECD.CFE.EDS:DSD_REG_DEMO@DF_FERTILITY(2.4),Fertility - Regions,I,A,Annual,TL2,TL2,AT34,Vorarlberg,_Z,Not applicable,FERT_RATIO,Fertility rate,Y35T39,From 35 to 39 years,F,Female,BR_L_W,Live births per woman,2021,,0.33917,,AUT,Austria,A,Normal value,0,Units,2,Two
DATAFLOW,OECD.CFE.EDS:DSD_REG_DEMO@DF_FERTILITY(2.4),Fertility - Regions,I,A,Annual,TL2,TL2,AT12,Lower Austria,_Z,Not applicable,FERT_RATIO,Fertility rate,Y35T39,From 35 to 39 years,F,Female,BR_L_W,Live births per woman,2021,,0.27575,,AUT,Austria,A,Normal value,0,Units,2,Two
DATAFLOW,OECD.CFE.EDS:DSD_REG_DEMO@DF_FERTILITY(2.4),Fertility - Regions,I,A,Annual,TL2,TL2,AT33,Tyrol,_Z,Not applicable,FERT_RATIO,Fertility rate,Y35T39,From 35 to 39 years,F,Female,BR_L_W,Live births per woman,2021,,0.32168,,AUT,Austria,A,Normal value,0,Units,2,Two
DATAFLOW,OECD.CFE.EDS:DSD_REG_DEMO@DF_FERTILITY(2.4),Fertility - Regions,I,A,Annual,TL2,TL2,AT13,Vienna,_Z,Not applicable,FERT_RATIO,Fertility rate,Y35T39,From 35 to 39 years,F,Female,BR_L_W,Live births per woman,2021,,0.30430999999999997,,AUT,Austria,A,Normal value,0,Units,2,Two
DATAFLOW,OECD.CFE.EDS:DSD_REG_DEMO@DF_FERTILITY(2.4),Fertility - Regions,I,A,Annual,TL2,TL2,AT31,Upper Austria,_Z,Not applicable,FERT_RATIO,Fertility rate,Y35T39,From 35 to 39 years,F,Female,BR_L_W,Live births per woman,2021,,0.27175,,AUT,Austria,A,Normal value,0,Units,2,Two
DATAFLOW,OECD.CFE.EDS:DSD_REG_DEMO@DF_FERTILITY(2.4),Fertility - Regions,I,A,Annual,TL2,TL2,AT11,Burgenland,_Z,Not applicable,FERT_RATIO,Fertility rate,Y35T39,From 35 to 39 years,F,Female,BR_L_W,Live births per woman,2021,,0.28774,,AUT,Austria,A,Normal value,0,Units,2,Two
DATAFLOW,OECD.CFE.EDS:DSD_REG_DEMO@DF_FERTILITY(2.4),Fertility - Regions,I,A,Annual,TL2,TL2,AT32,Salzburg,_Z,Not applicable,FERT_RATIO,Fertility rate,Y35T39,From 35 to 39 years,F,Female,BR_L_W,Live births per woman,2021,,0.30383999999999994,,AUT,Austria,A,Normal value,0,Units,2,Two
DATAFLOW,OECD.CFE.EDS:DSD_REG_DEMO@DF_FERTILITY(2.4),Fertility - Regions,I,A,Annual,TL2,TL2,AT22,Styria,_Z,Not applicable,FERT_RATIO,Fertility rate,Y35T39,From 35 to 39 years,F,Female,BR_L_W,Live births per woman,2021,,0.27595000000000003,,AUT,Austria,A,Normal value,0,Units,2,Two
DATAFLOW,OECD.CFE.EDS:DSD_REG_DEMO@DF_FERTILITY(2.4),Fertility - Regions,I,A,Annual,TL2,TL2,AT21,Carinthia,_Z,Not applicable,FERT_RATIO,Fertility rate,Y35T39,From 35 to 39 years,F,Female,BR_L_W,Live births per woman,2021,,0.26777,,AUT,Austria,A,Normal value,0,Units,2,Two
DATAFLOW,OECD.CFE.EDS:DSD_REG_DEMO@DF_FERTILITY(2.4),Fertility - Regions,I,A,Annual,TL2,TL2,AT21,Carinthia,_Z,Not applicable,FERT_RATIO,Fertility rate,Y35T39,From 35 to 39 years,F,Female,BR_L_W,Live births per woman,2022,,0.23960000000000004,,AUT,Austria,A,Normal value,0,Units,2,Two
DATAFLOW,OECD.CFE.EDS:DSD_REG_DEMO@DF_FERTILITY(2.4),Fertility - Regions,I,A,Annual,TL2,TL2,AT22,Styria,_Z,Not applicable,FERT_RATIO,Fertility rate,Y35T39,From 35 to 39 years,F,Female,BR_L_W,Live births per woman,2022,,0.2481,,AUT,Austria,A,Normal value,0,Units,2,Two
DATAFLOW,OECD.CFE.EDS:DSD_REG_DEMO@DF_FERTILITY(2.4),Fertility - Regions,I,A,Annual,TL2,TL2,AT32,Salzburg,_Z,Not applicable,FERT_RATIO,Fertility rate,Y35T39,From 35 to 39 years,F,Female,BR_L_W,Live births per woman,2022,,0.27417,,AUT,Austria,A,Normal value,0,Units,2,Two
DATAFLOW,OECD.CFE.EDS:DSD_REG_DEMO@DF_FERTILITY(2.4),Fertility - Regions,I,A,Annual,TL2,TL2,AT11,Burgenland,_Z,Not applicable,FERT_RATIO,Fertility rate,Y35T39,From 35 to 39 years,F,Female,BR_L_W,Live births per woman,2022,,0.24492999999999998,,AUT,Austria,A,Normal value,0,Units,2,Two
DATAFLOW,OECD.CFE.EDS:DSD_REG_DEMO@DF_FERTILITY(2.4),Fertility - Regions,I,A,Annual,TL2,TL2,AT31,Upper Austria,_Z,Not applicable,FERT_RATIO,Fertility rate,Y35T39,From 35 to 39 years,F,Female,BR_L_W,Live births per woman,2022,,0.25920000000000004,,AUT,Austria,A,Normal value,0,Units,2,Two
DATAFLOW,OECD.CFE.EDS:DSD_REG_DEMO@DF_FERTILITY(2.4),Fertility - Regions,I,A,Annual,TL2,TL2,AT13,Vienna,_Z,Not applicable,FERT_RATIO,Fertility rate,Y35T39,From 35 to 39 years,F,Female,BR_L_W,Live births per woman,2022,,0.29197999999999996,,AUT,Austria,A,Normal value,0,Units,2,Two
DATAFLOW,OECD.CFE.EDS:DSD_REG_DEMO@DF_FERTILITY(2.4),Fertility - Regions,I,A,Annual,TL2,TL2,AT33,Tyrol,_Z,Not applicable,FERT_RATIO,Fertility rate,Y35T39,From 35 to 39 years,F,Female,BR_L_W,Live births per woman,2022,,0.28158,,AUT,Austria,A,Normal value,0,Units,2,Two
DATAFLOW,OECD.CFE.EDS:DSD_REG_DEMO@DF_FERTILITY(2.4),Fertility - Regions,I,A,Annual,TL2,TL2,AT12,Lower Austria,_Z,Not applicable,FERT_RATIO,Fertility rate,Y35T39,From 35 to 39 years,F,Female,BR_L_W,Live births per woman,2022,,0.2539,,AUT,Austria,A,Normal value,0,Units,2,Two
DATAFLOW,OECD.CFE.EDS:DSD_REG_DEMO@DF_FERTILITY(2.4),Fertility - Regions,I,A,Annual,TL2,TL2,AT34,Vorarlberg,_Z,Not applicable,FERT_RATIO,Fertility rate,Y35T39,From 35 to 39 years,F,Female,BR_L_W,Live births per woman,2022,,0.29528,,AUT,Austria,A,Normal value,0,Units,2,Two
DATAFLOW,OECD.CFE.EDS:DSD_REG_DEMO@DF_FERTILITY(2.4),Fertility - Regions,I,A,Annual,TL2,TL2,AT32,Salzburg,_Z,Not applicable,FERT_RATIO,Fertility rate,Y30T34,From 30 to 34 years,F,Female,BR_L_W,Live births per woman,2021,,0.53457,,AUT,Austria,A,Normal value,0,Units,2,Two
DATAFLOW,OECD.CFE.EDS:DSD_REG_DEMO@DF_FERTILITY(2.4),Fertility - Regions,I,A,Annual,TL2,TL2,AT12,Lower Austria,_Z,Not applicable,FERT_RATIO,Fertility rate,Y30T34,From 30 to 34 years,F,Female,BR_L_W,Live births per woman,2021,,0.55253,,AUT,Austria,A,Normal value,0,Units,2,Two
DATAFLOW,OECD.CFE.EDS:DSD_REG_DEMO@DF_FERTILITY(2.4),Fertility - Regions,I,A,Annual,TL2,TL2,AT21,Carinthia,_Z,Not applicable,FERT_RATIO,Fertility rate,Y30T34,From 30 to 34 years,F,Female,BR_L_W,Live births per woman,2021,,0.48574999999999996,,AUT,Austria,A,Normal value,0,Units,2,Two
DATAFLOW,OECD.CFE.EDS:DSD_REG_DEMO@DF_FERTILITY(2.4),Fertility - Regions,I,A,Annual,TL2,TL2,AT13,Vienna,_Z,Not applicable,FERT_RATIO,Fertility rate,Y30T34,From 30 to 34 years,F,Female,BR_L_W,Live births per woman,2021,,0.41631999999999997,,AUT,Austria,A,Normal value,0,Units,2,Two
DATAFLOW,OECD.CFE.EDS:DSD_REG_DEMO@DF_FERTILITY(2.4),Fertility - Regions,I,A,Annual,TL2,TL2,AT11,Burgenland,_Z,Not applicable,FERT_RATIO,Fertility rate,Y30T34,From 30 to 34 years,F,Female,BR_L_W,Live births per woman,2021,,0.50137,,AUT,Austria,A,Normal value,0,Units,2,Two
DATAFLOW,OECD.CFE.EDS:DSD_REG_DEMO@DF_FERTILITY(2.4),Fertility - Regions,I,A,Annual,TL2,TL2,AT33,Tyrol,_Z,Not applicable,FERT_RATIO,Fertility rate,Y30T34,From 30 to 34 years,F,Female,BR_L_W,Live births per woman,2021,,0.58147,,AUT,Austria,A,Normal value,0,Units,2,Two
DATAFLOW,OECD.CFE.EDS:DSD_REG_DEMO@DF_FERTILITY(2.4),Fertility - Regions,I,A,Annual,TL2,TL2,AT31,Upper Austria,_Z,Not applicable,FERT_RATIO,Fertility rate,Y30T34,From 30 to 34 years,F,Female,BR_L_W,Live births per woman,2021,,0.58222,,AUT,Austria,A,Normal value,0,Units,2,Two
DATAFLOW,OECD.CFE.EDS:DSD_REG_DEMO@DF_FERTILITY(2.4),Fertility - Regions,I,A,Annual,TL2,TL2,AT34,Vorarlberg,_Z,Not applicable,FERT_RATIO,Fertility rate,Y30T34,From 30 to 34 years,F,Female,BR_L_W,Live births per woman,2021,,0.6153500000000001,,AUT,Austria,A,Normal value,0,Units,2,Two
DATAFLOW,OECD.CFE.EDS:DSD_REG_DEMO@DF_FERTILITY(2.4),Fertility - Regions,I,A,Annual,TL2,TL2,AT22,Styria,_Z,Not applicable,FERT_RATIO,Fertility rate,Y30T34,From 30 to 34 years,F,Female,BR_L_W,Live births per woman,2021,,0.49596000000000007,,AUT,Austria,A,Normal value,0,Units,2,Two
DATAFLOW,OECD.CFE.EDS:DSD_REG_DEMO@DF_FERTILITY(2.4),Fertility - Regions,I,A,Annual,TL2,TL2,AT22,Styria,_Z,Not applicable,FERT_RATIO,Fertility rate,Y30T34,From 30 to 34 years,F,Female,BR_L_W,Live births per woman,2022,,0.46743,,AUT,Austria,A,Normal value,0,Units,2,Two
DATAFLOW,OECD.CFE.EDS:DSD_REG_DEMO@DF_FERTILITY(2.4),Fertility - Regions,I,A,Annual,TL2,TL2,AT34,Vorarlberg,_Z,Not applicable,FERT_RATIO,Fertility rate,Y30T34,From 30 to 34 years,F,Female,BR_L_W,Live births per woman,2022,,0.57716,,AUT,Austria,A,Normal value,0,Units,2,Two
DATAFLOW,OECD.CFE.EDS:DSD_REG_DEMO@DF_FERTILITY(2.4),Fertility - Regions,I,A,Annual,TL2,TL2,AT31,Upper Austria,_Z,Not applicable,FERT_RATIO,Fertility rate,Y30T34,From 30 to 34 years,F,Female,BR_L_W,Live births per woman,2022,,0.5547300000000001,,AUT,Austria,A,Normal value,0,Units,2,Two
DATAFLOW,OECD.CFE.EDS:DSD_REG_DEMO@DF_FERTILITY(2.4),Fertility - Regions,I,A,Annual,TL2,TL2,AT11,Burgenland,_Z,Not applicable,FERT_RATIO,Fertility rate,Y30T34,From 30 to 34 years,F,Female,BR_L_W,Live births per woman,2022,,0.48722,,AUT,Austria,A,Normal value,0,Units,2,Two
DATAFLOW,OECD.CFE.EDS:DSD_REG_DEMO@DF_FERTILITY(2.4),Fertility - Regions,I,A,Annual,TL2,TL2,AT33,Tyrol,_Z,Not applicable,FERT_RATIO,Fertility rate,Y30T34,From 30 to 34 years,F,Female,BR_L_W,Live births per woman,2022,,0.5462100000000001,,AUT,Austria,A,Normal value,0,Units,2,Two
DATAFLOW,OECD.CFE.EDS:DSD_REG_DEMO@DF_FERTILITY(2.4),Fertility - Regions,I,A,Annual,TL2,TL2,AT13,Vienna,_Z,Not applicable,FERT_RATIO,Fertility rate,Y30T34,From 30 to 34 years,F,Female,BR_L_W,Live births per woman,2022,,0.40209999999999996,,AUT,Austria,A,Normal value,0,Units,2,Two
DATAFLOW,OECD.CFE.EDS:DSD_REG_DEMO@DF_FERTILITY(2.4),Fertility - Regions,I,A,Annual,TL2,TL2,AT21,Carinthia,_Z,Not applicable,FERT_RATIO,Fertility rate,Y30T34,From 30 to 34 years,F,Female,BR_L_W,Live births per woman,2022,,0.47728000000000004,,AUT,Austria,A,Normal value,0,Units,2,Two
DATAFLOW,OECD.CFE.EDS:DSD_REG_DEMO@DF_FERTILITY(2.4),Fertility - Regions,I,A,Annual,TL2,TL2,AT12,Lower Austria,_Z,Not applicable,FERT_RATIO,Fertility rate,Y30T34,From 30 to 34 years,F,Female,BR_L_W,Live births per woman,2022,,0.51457,,AUT,Austria,A,Normal value,0,Units,2,Two
DATAFLOW,OECD.CFE.EDS:DSD_REG_DEMO@DF_FERTILITY(2.4),Fertility - Regions,I,A,Annual,TL2,TL2,AT32,Salzburg,_Z,Not applicable,FERT_RATIO,Fertility rate,Y30T34,From 30 to 34 years,F,Female,BR_L_W,Live births per woman,2022,,0.5268999999999999,,AUT,Austria,A,Normal value,0,Units,2,Two
DATAFLOW,OECD.CFE.EDS:DSD_REG_DEMO@DF_FERTILITY(2.4),Fertility - Regions,I,A,Annual,TL2,TL2,AT31,Upper Austria,_Z,Not applicable,FERT_RATIO,Fertility rate,Y20T24,From 20 to 24 years,F,Female,BR_L_W,Live births per woman,2021,,0.17379,,AUT,Austria,A,Normal value,0,Units,2,Two
DATAFLOW,OECD.CFE.EDS:DSD_REG_DEMO@DF_FERTILITY(2.4),Fertility - Regions,I,A,Annual,TL2,TL2,AT21,Carinthia,_Z,Not applicable,FERT_RATIO,Fertility rate,Y20T24,From 20 to 24 years,F,Female,BR_L_W,Live births per woman,2021,,0.17906,,AUT,Austria,A,Normal value,0,Units,2,Two
DATAFLOW,OECD.CFE.EDS:DSD_REG_DEMO@DF_FERTILITY(2.4),Fertility - Regions,I,A,Annual,TL2,TL2,AT33,Tyrol,_Z,Not applicable,FERT_RATIO,Fertility rate,Y20T24,From 20 to 24 years,F,Female,BR_L_W,Live births per woman,2021,,0.12675,,AUT,Austria,A,Normal value,0,Units,2,Two
DATAFLOW,OECD.CFE.EDS:DSD_REG_DEMO@DF_FERTILITY(2.4),Fertility - Regions,I,A,Annual,TL2,TL2,AT22,Styria,_Z,Not applicable,FERT_RATIO,Fertility rate,Y20T24,From 20 to 24 years,F,Female,BR_L_W,Live births per woman,2021,,0.16715,,AUT,Austria,A,Normal value,0,Units,2,Two
DATAFLOW,OECD.CFE.EDS:DSD_REG_DEMO@DF_FERTILITY(2.4),Fertility - Regions,I,A,Annual,TL2,TL2,AT11,Burgenland,_Z,Not applicable,FERT_RATIO,Fertility rate,Y20T24,From 20 to 24 years,F,Female,BR_L_W,Live births per woman,2021,,0.11246,,AUT,Austria,A,Normal value,0,Units,2,Two
DATAFLOW,OECD.CFE.EDS:DSD_REG_DEMO@DF_FERTILITY(2.4),Fertility - Regions,I,A,Annual,TL2,TL2,AT32,Salzburg,_Z,Not applicable,FERT_RATIO,Fertility rate,Y20T24,From 20 to 24 years,F,Female,BR_L_W,Live births per woman,2021,,0.15926,,AUT,Austria,A,Normal value,0,Units,2,Two
DATAFLOW,OECD.CFE.EDS:DSD_REG_DEMO@DF_FERTILITY(2.4),Fertility - Regions,I,A,Annual,TL2,TL2,AT34,Vorarlberg,_Z,Not applicable,FERT_RATIO,Fertility rate,Y20T24,From 20 to 24 years,F,Female,BR_L_W,Live births per woman,2021,,0.15936,,AUT,Austria,A,Normal value,0,Units,2,Two
DATAFLOW,OECD.CFE.EDS:DSD_REG_DEMO@DF_FERTILITY(2.4),Fertility - Regions,I,A,Annual,TL2,TL2,AT12,Lower Austria,_Z,Not applicable,FERT_RATIO,Fertility rate,Y20T24,From 20 to 24 years,F,Female,BR_L_W,Live births per woman,2021,,0.16369,,AUT,Austria,A,Normal value,0,Units,2,Two
DATAFLOW,OECD.CFE.EDS:DSD_REG_DEMO@DF_FERTILITY(2.4),Fertility - Regions,I,A,Annual,TL2,TL2,AT13,Vienna,_Z,Not applicable,FERT_RATIO,Fertility rate,Y20T24,From 20 to 24 years,F,Female,BR_L_W,Live births per woman,2021,,0.15879000000000001,,AUT,Austria,A,Normal value,0,Units,2,Two
DATAFLOW,OECD.CFE.EDS:DSD_REG_DEMO@DF_FERTILITY(2.4),Fertility - Regions,I,A,Annual,TL2,TL2,AT13,Vienna,_Z,Not applicable,FERT_RATIO,Fertility rate,Y20T24,From 20 to 24 years,F,Female,BR_L_W,Live births per woman,2022,,0.1475,,AUT,Austria,A,Normal value,0,Units,2,Two
DATAFLOW,OECD.CFE.EDS:DSD_REG_DEMO@DF_FERTILITY(2.4),Fertility - Regions,I,A,Annual,TL2,TL2,AT12,Lower Austria,_Z,Not applicable,FERT_RATIO,Fertility rate,Y20T24,From 20 to 24 years,F,Female,BR_L_W,Live births per woman,2022,,0.16161,,AUT,Austria,A,Normal value,0,Units,2,Two
DATAFLOW,OECD.CFE.EDS:DSD_REG_DEMO@DF_FERTILITY(2.4),Fertility - Regions,I,A,Annual,TL2,TL2,AT34,Vorarlberg,_Z,Not applicable,FERT_RATIO,Fertility rate,Y20T24,From 20 to 24 years,F,Female,BR_L_W,Live births per woman,2022,,0.16978,,AUT,Austria,A,Normal value,0,Units,2,Two
DATAFLOW,OECD.CFE.EDS:DSD_REG_DEMO@DF_FERTILITY(2.4),Fertility - Regions,I,A,Annual,TL2,TL2,AT32,Salzburg,_Z,Not applicable,FERT_RATIO,Fertility rate,Y20T24,From 20 to 24 years,F,Female,BR_L_W,Live births per woman,2022,,0.15525999999999998,,AUT,Austria,A,Normal value,0,Units,2,Two
DATAFLOW,OECD.CFE.EDS:DSD_REG_DEMO@DF_FERTILITY(2.4),Fertility - Regions,I,A,Annual,TL2,TL2,AT11,Burgenland,_Z,Not applicable,FERT_RATIO,Fertility rate,Y20T24,From 20 to 24 years,F,Female,BR_L_W,Live births per woman,2022,,0.12052,,AUT,Austria,A,Normal value,0,Units,2,Two
DATAFLOW,OECD.CFE.EDS:DSD_REG_DEMO@DF_FERTILITY(2.4),Fertility - Regions,I,A,Annual,TL2,TL2,AT22,Styria,_Z,Not applicable,FERT_RATIO,Fertility rate,Y20T24,From 20 to 24 years,F,Female,BR_L_W,Live births per woman,2022,,0.16628,,AUT,Austria,A,Normal value,0,Units,2,Two
DATAFLOW,OECD.CFE.EDS:DSD_REG_DEMO@DF_FERTILITY(2.4),Fertility - Regions,I,A,Annual,TL2,TL2,AT33,Tyrol,_Z,Not applicable,FERT_RATIO,Fertility rate,Y20T24,From 20 to 24 years,F,Female,BR_L_W,Live births per woman,2022,,0.12722,,AUT,Austria,A,Normal value,0,Units,2,Two
DATAFLOW,OECD.CFE.EDS:DSD_REG_DEMO@DF_FERTILITY(2.4),Fertility - Regions,I,A,Annual,TL2,TL2,AT21,Carinthia,_Z,Not applicable,FERT_RATIO,Fertility rate,Y20T24,From 20 to 24 years,F,Female,BR_L_W,Live births per woman,2022,,0.16770000000000002,,AUT,Austria,A,Normal value,0,Units,2,Two
DATAFLOW,OECD.CFE.EDS:DSD_REG_DEMO@DF_FERTILITY(2.4),Fertility - Regions,I,A,Annual,TL2,TL2,AT31,Upper Austria,_Z,Not applicable,FERT_RATIO,Fertility rate,Y20T24,From 20 to 24 years,F,Female,BR_L_W,Live births per woman,2022,,0.18176,,AUT,Austria,A,Normal value,0,Units,2,Two
DATAFLOW,OECD.CFE.EDS:DSD_REG_DEMO@DF_FERTILITY(2.4),Fertility - Regions,I,A,Annual,TL2,TL2,AT33,Tyrol,_Z,Not applicable,FERT_RATIO,Fertility rate,Y15T19,From 15 to 19 years,F,Female,BR_L_W,Live births per woman,2021,,0.01565,,AUT,Austria,A,Normal value,0,Units,2,Two
DATAFLOW,OECD.CFE.EDS:DSD_REG_DEMO@DF_FERTILITY(2.4),Fertility - Regions,I,A,Annual,TL2,TL2,AT21,Carinthia,_Z,Not applicable,FERT_RATIO,Fertility rate,Y15T19,From 15 to 19 years,F,Female,BR_L_W,Live births per woman,2021,,0.01844,,AUT,Austria,A,Normal value,0,Units,2,Two
DATAFLOW,OECD.CFE.EDS:DSD_REG_DEMO@DF_FERTILITY(2.4),Fertility - Regions,I,A,Annual,TL2,TL2,AT13,Vienna,_Z,Not applicable,FERT_RATIO,Fertility rate,Y15T19,From 15 to 19 years,F,Female,BR_L_W,Live births per woman,2021,,0.02983,,AUT,Austria,A,Normal value,0,Units,2,Two
DATAFLOW,OECD.CFE.EDS:DSD_REG_DEMO@DF_FERTILITY(2.4),Fertility - Regions,I,A,Annual,TL2,TL2,AT34,Vorarlberg,_Z,Not applicable,FERT_RATIO,Fertility rate,Y15T19,From 15 to 19 years,F,Female,BR_L_W,Live births per woman,2021,,0.01935,,AUT,Austria,A,Normal value,0,Units,2,Two
DATAFLOW,OECD.CFE.EDS:DSD_REG_DEMO@DF_FERTILITY(2.4),Fertility - Regions,I,A,Annual,TL2,TL2,AT31,Upper Austria,_Z,Not applicable,FERT_RATIO,Fertility rate,Y15T19,From 15 to 19 years,F,Female,BR_L_W,Live births per woman,2021,,0.01873,,AUT,Austria,A,Normal value,0,Units,2,Two
DATAFLOW,OECD.CFE.EDS:DSD_REG_DEMO@DF_FERTILITY(2.4),Fertility - Regions,I,A,Annual,TL2,TL2,AT32,Salzburg,_Z,Not applicable,FERT_RATIO,Fertility rate,Y15T19,From 15 to 19 years,F,Female,BR_L_W,Live births per woman,2021,,0.01386,,AUT,Austria,A,Normal value,0,Units,2,Two
DATAFLOW,OECD.CFE.EDS:DSD_REG_DEMO@DF_FERTILITY(2.4),Fertility - Regions,I,A,Annual,TL2,TL2,AT12,Lower Austria,_Z,Not applicable,FERT_RATIO,Fertility rate,Y15T19,From 15 to 19 years,F,Female,BR_L_W,Live births per woman,2021,,0.01743,,AUT,Austria,A,Normal value,0,Units,2,Two
DATAFLOW,OECD.CFE.EDS:DSD_REG_DEMO@DF_FERTILITY(2.4),Fertility - Regions,I,A,Annual,TL2,TL2,AT22,Styria,_Z,Not applicable,FERT_RATIO,Fertility rate,Y15T19,From 15 to 19 years,F,Female,BR_L_W,Live births per woman,2021,,0.0215,,AUT,Austria,A,Normal value,0,Units,2,Two
DATAFLOW,OECD.CFE.EDS:DSD_REG_DEMO@DF_FERTILITY(2.4),Fertility - Regions,I,A,Annual,TL2,TL2,AT11,Burgenland,_Z,Not applicable,FERT_RATIO,Fertility rate,Y15T19,From 15 to 19 years,F,Female,BR_L_W,Live births per woman,2021,,0.01465,,AUT,Austria,A,Normal value,0,Units,2,Two
DATAFLOW,OECD.CFE.EDS:DSD_REG_DEMO@DF_FERTILITY(2.4),Fertility - Regions,I,A,Annual,TL2,TL2,AT11,Burgenland,_Z,Not applicable,FERT_RATIO,Fertility rate,Y15T19,From 15 to 19 years,F,Female,BR_L_W,Live births per woman,2022,,0.01129,,AUT,Austria,A,Normal value,0,Units,2,Two
DATAFLOW,OECD.CFE.EDS:DSD_REG_DEMO@DF_FERTILITY(2.4),Fertility - Regions,I,A,Annual,TL2,TL2,AT22,Styria,_Z,Not applicable,FERT_RATIO,Fertility rate,Y15T19,From 15 to 19 years,F,Female,BR_L_W,Live births per woman,2022,,0.019860000000000003,,AUT,Austria,A,Normal value,0,Units,2,Two
DATAFLOW,OECD.CFE.EDS:DSD_REG_DEMO@DF_FERTILITY(2.4),Fertility - Regions,I,A,Annual,TL2,TL2,AT12,Lower Austria,_Z,Not applicable,FERT_RATIO,Fertility rate,Y15T19,From 15 to 19 years,F,Female,BR_L_W,Live births per woman,2022,,0.0145,,AUT,Austria,A,Normal value,0,Units,2,Two
DATAFLOW,OECD.CFE.EDS:DSD_REG_DEMO@DF_FERTILITY(2.4),Fertility - Regions,I,A,Annual,TL2,TL2,AT32,Salzburg,_Z,Not applicable,FERT_RATIO,Fertility rate,Y15T19,From 15 to 19 years,F,Female,BR_L_W,Live births per woman,2022,,0.015700000000000002,,AUT,Austria,A,Normal value,0,Units,2,Two
DATAFLOW,OECD.CFE.EDS:DSD_REG_DEMO@DF_FERTILITY(2.4),Fertility - Regions,I,A,Annual,TL2,TL2,AT31,Upper Austria,_Z,Not applicable,FERT_RATIO,Fertility rate,Y15T19,From 15 to 19 years,F,Female,BR_L_W,Live births per woman,2022,,0.01712,,AUT,Austria,A,Normal value,0,Units,2,Two
DATAFLOW,OECD.CFE.EDS:DSD_REG_DEMO@DF_FERTILITY(2.4),Fertility - Regions,I,A,Annual,TL2,TL2,AT34,Vorarlberg,_Z,Not applicable,FERT_RATIO,Fertility rate,Y15T19,From 15 to 19 years,F,Female,BR_L_W,Live births per woman,2022,,0.01629,,AUT,Austria,A,Normal value,0,Units,2,Two
DATAFLOW,OECD.CFE.EDS:DSD_REG_DEMO@DF_FERTILITY(2.4),Fertility - Regions,I,A,Annual,TL2,TL2,AT13,Vienna,_Z,Not applicable,FERT_RATIO,Fertility rate,Y15T19,From 15 to 19 years,F,Female,BR_L_W,Live births per woman,2022,,0.02879,,AUT,Austria,A,Normal value,0,Units,2,Two
DATAFLOW,OECD.CFE.EDS:DSD_REG_DEMO@DF_FERTILITY(2.4),Fertility - Regions,I,A,Annual,TL2,TL2,AT21,Carinthia,_Z,Not applicable,FERT_RATIO,Fertility rate,Y15T19,From 15 to 19 years,F,Female,BR_L_W,Live births per woman,2022,,0.01714,,AUT,Austria,A,Normal value,0,Units,2,Two
DATAFLOW,OECD.CFE.EDS:DSD_REG_DEMO@DF_FERTILITY(2.4),Fertility - Regions,I,A,Annual,TL2,TL2,AT33,Tyrol,_Z,Not applicable,FERT_RATIO,Fertility rate,Y15T19,From 15 to 19 years,F,Female,BR_L_W,Live births per woman,2022,,0.01738,,AUT,Austria,A,Normal value,0,Units,2,Two
DATAFLOW,OECD.CFE.EDS:DSD_REG_DEMO@DF_FERTILITY(2.4),Fertility - Regions,I,A,Annual,TL2,TL2,AU3,Queensland,_Z,Not applicable,FERT_RATIO,Fertility rate,_T,Total,F,Female,BR_L_W,Live births per woman,2021,,1.794,,AUS,Australia,A,Normal value,0,Units,2,Two
DATAFLOW,OECD.CFE.EDS:DSD_REG_DEMO@DF_FERTILITY(2.4),Fertility - Regions,I,A,Annual,TL2,TL2,AU1,New South Wales,_Z,Not applicable,FERT_RATIO,Fertility rate,_T,Total,F,Female,BR_L_W,Live births per woman,2021,,1.774,,AUS,Australia,A,Normal value,0,Units,2,Two
DATAFLOW,OECD.CFE.EDS:DSD_REG_DEMO@DF_FERTILITY(2.4),Fertility - Regions,I,A,Annual,TL2,TL2,AU4,South Australia,_Z,Not applicable,FERT_RATIO,Fertility rate,_T,Total,F,Female,BR_L_W,Live births per woman,2021,,1.664,,AUS,Australia,A,Normal value,0,Units,2,Two
DATAFLOW,OECD.CFE.EDS:DSD_REG_DEMO@DF_FERTILITY(2.4),Fertility - Regions,I,A,Annual,TL2,TL2,AU6,Tasmania,_Z,Not applicable,FERT_RATIO,Fertility rate,_T,Total,F,Female,BR_L_W,Live births per woman,2021,,1.638,,AUS,Australia,A,Normal value,0,Units,2,Two
DATAFLOW,OECD.CFE.EDS:DSD_REG_DEMO@DF_FERTILITY(2.4),Fertility - Regions,I,A,Annual,TL2,TL2,AU2,Victoria,_Z,Not applicable,FERT_RATIO,Fertility rate,_T,Total,F,Female,BR_L_W,Live births per woman,2021,,1.531,,AUS,Australia,A,Normal value,0,Units,2,Two
DATAFLOW,OECD.CFE.EDS:DSD_REG_DEMO@DF_FERTILITY(2.4),Fertility - Regions,I,A,Annual,TL2,TL2,AU7,Northern Territory,_Z,Not applicable,FERT_RATIO,Fertility rate,_T,Total,F,Female,BR_L_W,Live births per woman,2021,,1.827,,AUS,Australia,A,Normal value,0,Units,2,Two
DATAFLOW,OECD.CFE.EDS:DSD_REG_DEMO@DF_FERTILITY(2.4),Fertility - Regions,I,A,Annual,TL2,TL2,AU5,Western Australia,_Z,Not applicable,FERT_RATIO,Fertility rate,_T,Total,F,Female,BR_L_W,Live births per woman,2021,,1.756,,AUS,Australia,A,Normal value,0,Units,2,Two
DATAFLOW,OECD.CFE.EDS:DSD_REG_DEMO@DF_FERTILITY(2.4),Fertility - Regions,I,A,Annual,TL2,TL2,AU8,Australian Capital Territory,_Z,Not applicable,FERT_RATIO,Fertility rate,_T,Total,F,Female,BR_L_W,Live births per woman,2021,,1.453,,AUS,Australia,A,Normal value,0,Units,2,Two
DATAFLOW,OECD.CFE.EDS:DSD_REG_DEMO@DF_FERTILITY(2.4),Fertility - Regions,I,A,Annual,TL2,TL2,AU8,Australian Capital Territory,_Z,Not applicable,FERT_RATIO,Fertility rate,_T,Total,F,Female,BR_L_W,Live births per woman,2022,,1.414,,AUS,Australia,A,Normal value,0,Units,2,Two
DATAFLOW,OECD.CFE.EDS:DSD_REG_DEMO@DF_FERTILITY(2.4),Fertility - Regions,I,A,Annual,TL2,TL2,AU5,Western Australia,_Z,Not applicable,FERT_RATIO,Fertility rate,_T,Total,F,Female,BR_L_W,Live births per woman,2022,,1.615,,AUS,Australia,A,Normal value,0,Units,2,Two
DATAFLOW,OECD.CFE.EDS:DSD_REG_DEMO@DF_FERTILITY(2.4),Fertility - Regions,I,A,Annual,TL2,TL2,AU7,Northern Territory,_Z,Not applicable,FERT_RATIO,Fertility rate,_T,Total,F,Female,BR_L_W,Live births per woman,2022,,1.725,,AUS,Australia,A,Normal value,0,Units,2,Two
DATAFLOW,OECD.CFE.EDS:DSD_REG_DEMO@DF_FERTILITY(2.4),Fertility - Regions,I,A,Annual,TL2,TL2,AU2,Victoria,_Z,Not applicable,FERT_RATIO,Fertility rate,_T,Total,F,Female,BR_L_W,Live births per woman,2022,,1.513,,AUS,Australia,A,Normal value,0,Units,2,Two
DATAFLOW,OECD.CFE.EDS:DSD_REG_DEMO@DF_FERTILITY(2.4),Fertility - Regions,I,A,Annual,TL2,TL2,AU4,South Australia,_Z,Not applicable,FERT_RATIO,Fertility rate,_T,Total,F,Female,BR_L_W,Live births per woman,2022,,1.621,,AUS,Australia,A,Normal value,0,Units,2,Two
DATAFLOW,OECD.CFE.EDS:DSD_REG_DEMO@DF_FERTILITY(2.4),Fertility - Regions,I,A,Annual,TL2,TL2,AU1,New South Wales,_Z,Not applicable,FERT_RATIO,Fertility rate,_T,Total,F,Female,BR_L_W,Live births per woman,2022,,1.709,,AUS,Australia,A,Normal value,0,Units,2,Two
DATAFLOW,OECD.CFE.EDS:DSD_REG_DEMO@DF_FERTILITY(2.4),Fertility - Regions,I,A,Annual,TL2,TL2,AU3,Queensland,_Z,Not applicable,FERT_RATIO,Fertility rate,_T,Total,F,Female,BR_L_W,Live births per woman,2023,,1.544,,AUS,Australia,A,Normal value,0,Units,2,Two
DATAFLOW,OECD.CFE.EDS:DSD_REG_DEMO@DF_FERTILITY(2.4),Fertility - Regions,I,A,Annual,TL2,TL2,AU1,New South Wales,_Z,Not applicable,FERT_RATIO,Fertility rate,_T,Total,F,Female,BR_L_W,Live births per woman,2023,,1.548,,AUS,Australia,A,Normal value,0,Units,2,Two
DATAFLOW,OECD.CFE.EDS:DSD_REG_DEMO@DF_FERTILITY(2.4),Fertility - Regions,I,A,Annual,TL2,TL2,AT13,Vienna,_Z,Not applicable,FERT_RATIO,Fertility rate,_T,Total,F,Female,BR_L_W,Live births per woman,2023,,1.17,,AUT,Austria,A,Normal value,0,Units,2,Two
DATAFLOW,OECD.CFE.EDS:DSD_REG_DEMO@DF_FERTILITY(2.4),Fertility - Regions,I,A,Annual,TL2,TL2,AU4,South Australia,_Z,Not applicable,FERT_RATIO,Fertility rate,_T,Total,F,Female,BR_L_W,Live births per woman,2023,,1.498,,AUS,Australia,A,Normal value,0,Units,2,Two
DATAFLOW,OECD.CFE.EDS:DSD_REG_DEMO@DF_FERTILITY(2.4),Fertility - Regions,I,A,Annual,TL2,TL2,AU6,Tasmania,_Z,Not applicable,FERT_RATIO,Fertility rate,_T,Total,F,Female,BR_L_W,Live births per woman,2023,,1.514,,AUS,Australia,A,Normal value,0,Units,2,Two
DATAFLOW,OECD.CFE.EDS:DSD_REG_DEMO@DF_FERTILITY(2.4),Fertility - Regions,I,A,Annual,TL2,TL2,AU2,Victoria,_Z,Not applicable,FERT_RATIO,Fertility rate,_T,Total,F,Female,BR_L_W,Live births per woman,2023,,1.392,,AUS,Australia,A,Normal value,0,Units,2,Two
DATAFLOW,OECD.CFE.EDS:DSD_REG_DEMO@DF_FERTILITY(2.4),Fertility - Regions,I,A,Annual,TL2,TL2,AU7,Northern Territory,_Z,Not applicable,FERT_RATIO,Fertility rate,_T,Total,F,Female,BR_L_W,Live births per woman,2023,,1.551,,AUS,Australia,A,Normal value,0,Units,2,Two
DATAFLOW,OECD.CFE.EDS:DSD_REG_DEMO@DF_FERTILITY(2.4),Fertility - Regions,I,A,Annual,TL2,TL2,AU8,Australian Capital Territory,_Z,Not applicable,FERT_RATIO,Fertility rate,_T,Total,F,Female,BR_L_W,Live births per woman,2023,,1.309,,AUS,Australia,A,Normal value,0,Units,2,Two
DATAFLOW,OECD.CFE.EDS:DSD_REG_DEMO@DF_FERTILITY(2.4),Fertility - Regions,I,A,Annual,TL2,TL2,AU3,Queensland,_Z,Not applicable,FERT_RATIO,Fertility rate,_T,Total,F,Female,BR_L_W,Live births per woman,2022,,1.71,,AUS,Australia,A,Normal value,0,Units,2,Two
DATAFLOW,OECD.CFE.EDS:DSD_REG_DEMO@DF_FERTILITY(2.4),Fertility - Regions,I,A,Annual,TL2,TL2,AT34,Vorarlberg,_Z,Not applicable,FERT_RATIO,Fertility rate,_T,Total,F,Female,BR_L_W,Live births per woman,2021,,1.67,,AUT,Austria,A,Normal value,0,Units,2,Two
DATAFLOW,OECD.CFE.EDS:DSD_REG_DEMO@DF_FERTILITY(2.4),Fertility - Regions,I,A,Annual,TL2,TL2,AT31,Upper Austria,_Z,Not applicable,FERT_RATIO,Fertility rate,_T,Total,F,Female,BR_L_W,Live births per woman,2021,,1.62,,AUT,Austria,A,Normal value,0,Units,2,Two
DATAFLOW,OECD.CFE.EDS:DSD_REG_DEMO@DF_FERTILITY(2.4),Fertility - Regions,I,A,Annual,TL2,TL2,AT13,Vienna,_Z,Not applicable,FERT_RATIO,Fertility rate,_T,Total,F,Female,BR_L_W,Live births per woman,2022,,1.27,,AUT,Austria,A,Normal value,0,Units,2,Two
DATAFLOW,OECD.CFE.EDS:DSD_REG_DEMO@DF_FERTILITY(2.4),Fertility - Regions,I,A,Annual,TL2,TL2,AT32,Salzburg,_Z,Not applicable,FERT_RATIO,Fertility rate,_T,Total,F,Female,BR_L_W,Live births per woman,2021,,1.58,,AUT,Austria,A,Normal value,0,Units,2,Two
DATAFLOW,OECD.CFE.EDS:DSD_REG_DEMO@DF_FERTILITY(2.4),Fertility - Regions,I,A,Annual,TL2,TL2,AT22,Styria,_Z,Not applicable,FERT_RATIO,Fertility rate,_T,Total,F,Female,BR_L_W,Live births per woman,2021,,1.47,,AUT,Austria,A,Normal value,0,Units,2,Two
DATAFLOW,OECD.CFE.EDS:DSD_REG_DEMO@DF_FERTILITY(2.4),Fertility - Regions,I,A,Annual,TL2,TL2,AT12,Lower Austria,_Z,Not applicable,FERT_RATIO,Fertility rate,_T,Total,F,Female,BR_L_W,Live births per woman,2021,,1.56,,AUT,Austria,A,Normal value,0,Units,2,Two
DATAFLOW,OECD.CFE.EDS:DSD_REG_DEMO@DF_FERTILITY(2.4),Fertility - Regions,I,A,Annual,TL2,TL2,AT34,Vorarlberg,_Z,Not applicable,FERT_RATIO,Fertility rate,_T,Total,F,Female,BR_L_W,Live births per woman,2022,,1.56,,AUT,Austria,A,Normal value,0,Units,2,Two
DATAFLOW,OECD.CFE.EDS:DSD_REG_DEMO@DF_FERTILITY(2.4),Fertility - Regions,I,A,Annual,TL2,TL2,AT21,Carinthia,_Z,Not applicable,FERT_RATIO,Fertility rate,_T,Total,F,Female,BR_L_W,Live births per woman,2023,,1.33,,AUT,Austria,A,Normal value,0,Units,2,Two
DATAFLOW,OECD.CFE.EDS:DSD_REG_DEMO@DF_FERTILITY(2.4),Fertility - Regions,I,A,Annual,TL2,TL2,AT22,Styria,_Z,Not applicable,FERT_RATIO,Fertility rate,_T,Total,F,Female,BR_L_W,Live births per woman,2022,,1.39,,AUT,Austria,A,Normal value,0,Units,2,Two
DATAFLOW,OECD.CFE.EDS:DSD_REG_DEMO@DF_FERTILITY(2.4),Fertility - Regions,I,A,Annual,TL2,TL2,AT32,Salzburg,_Z,Not applicable,FERT_RATIO,Fertility rate,_T,Total,F,Female,BR_L_W,Live births per woman,2023,,1.39,,AUT,Austria,A,Normal value,0,Units,2,Two
DATAFLOW,OECD.CFE.EDS:DSD_REG_DEMO@DF_FERTILITY(2.4),Fertility - Regions,I,A,Annual,TL2,TL2,AT12,Lower Austria,_Z,Not applicable,FERT_RATIO,Fertility rate,_T,Total,F,Female,BR_L_W,Live births per woman,2023,,1.39,,AUT,Austria,A,Normal value,0,Units,2,Two
DATAFLOW,OECD.CFE.EDS:DSD_REG_DEMO@DF_FERTILITY(2.4),Fertility - Regions,I,A,Annual,TL2,TL2,AT33,Tyrol,_Z,Not applicable,FERT_RATIO,Fertility rate,_T,Total,F,Female,BR_L_W,Live births per woman,2022,,1.45,,AUT,Austria,A,Normal value,0,Units,2,Two
DATAFLOW,OECD.CFE.EDS:DSD_REG_DEMO@DF_FERTILITY(2.4),Fertility - Regions,I,A,Annual,TL2,TL2,AT31,Upper Austria,_Z,Not applicable,FERT_RATIO,Fertility rate,_T,Total,F,Female,BR_L_W,Live births per woman,2023,,1.45,,AUT,Austria,A,Normal value,0,Units,2,Two
DATAFLOW,OECD.CFE.EDS:DSD_REG_DEMO@DF_FERTILITY(2.4),Fertility - Regions,I,A,Annual,TL2,TL2,AT33,Tyrol,_Z,Not applicable,FERT_RATIO,Fertility rate,_T,Total,F,Female,BR_L_W,Live births per woman,2023,,1.32,,AUT,Austria,A,Normal value,0,Units,2,Two
DATAFLOW,OECD.CFE.EDS:DSD_REG_DEMO@DF_FERTILITY(2.4),Fertility - Regions,I,A,Annual,TL2,TL2,AT13,Vienna,_Z,Not applicable,FERT_RATIO,Fertility rate,_T,Total,F,Female,BR_L_W,Live births per woman,2021,,1.3,,AUT,Austria,A,Normal value,0,Units,2,Two
DATAFLOW,OECD.CFE.EDS:DSD_REG_DEMO@DF_FERTILITY(2.4),Fertility - Regions,I,A,Annual,TL2,TL2,AT12,Lower Austria,_Z,Not applicable,FERT_RATIO,Fertility rate,_T,Total,F,Female,BR_L_W,Live births per woman,2022,,1.49,,AUT,Austria,A,Normal value,0,Units,2,Two
DATAFLOW,OECD.CFE.EDS:DSD_REG_DEMO@DF_FERTILITY(2.4),Fertility - Regions,I,A,Annual,TL2,TL2,AT32,Salzburg,_Z,Not applicable,FERT_RATIO,Fertility rate,_T,Total,F,Female,BR_L_W,Live births per woman,2022,,1.49,,AUT,Austria,A,Normal value,0,Units,2,Two
DATAFLOW,OECD.CFE.EDS:DSD_REG_DEMO@DF_FERTILITY(2.4),Fertility - Regions,I,A,Annual,TL2,TL2,AU6,Tasmania,_Z,Not applicable,FERT_RATIO,Fertility rate,_T,Total,F,Female,BR_L_W,Live births per woman,2022,,1.49,,AUS,Australia,A,Normal value,0,Units,2,Two
DATAFLOW,OECD.CFE.EDS:DSD_REG_DEMO@DF_FERTILITY(2.4),Fertility - Regions,I,A,Annual,TL2,TL2,AT33,Tyrol,_Z,Not applicable,FERT_RATIO,Fertility rate,_T,Total,F,Female,BR_L_W,Live births per woman,2021,,1.55,,AUT,Austria,A,Normal value,0,Units,2,Two
DATAFLOW,OECD.CFE.EDS:DSD_REG_DEMO@DF_FERTILITY(2.4),Fertility - Regions,I,A,Annual,TL2,TL2,AT11,Burgenland,_Z,Not applicable,FERT_RATIO,Fertility rate,_T,Total,F,Female,BR_L_W,Live births per woman,2023,,1.26,,AUT,Austria,A,Normal value,0,Units,2,Two
DATAFLOW,OECD.CFE.EDS:DSD_REG_DEMO@DF_FERTILITY(2.4),Fertility - Regions,I,A,Annual,TL2,TL2,AT31,Upper Austria,_Z,Not applicable,FERT_RATIO,Fertility rate,_T,Total,F,Female,BR_L_W,Live births per woman,2022,,1.57,,AUT,Austria,A,Normal value,0,Units,2,Two
DATAFLOW,OECD.CFE.EDS:DSD_REG_DEMO@DF_FERTILITY(2.4),Fertility - Regions,I,A,Annual,TL2,TL2,AU5,Western Australia,_Z,Not applicable,FERT_RATIO,Fertility rate,_T,Total,F,Female,BR_L_W,Live births per woman,2023,,1.57,,AUS,Australia,A,Normal value,0,Units,2,Two
DATAFLOW,OECD.CFE.EDS:DSD_REG_DEMO@DF_FERTILITY(2.4),Fertility - Regions,I,A,Annual,TL2,TL2,AT22,Styria,_Z,Not applicable,FERT_RATIO,Fertility rate,_T,Total,F,Female,BR_L_W,Live births per woman,2023,,1.34,,AUT,Austria,A,Normal value,0,Units,2,Two
DATAFLOW,OECD.CFE.EDS:DSD_REG_DEMO@DF_FERTILITY(2.4),Fertility - Regions,I,A,Annual,TL2,TL2,AT34,Vorarlberg,_Z,Not applicable,FERT_RATIO,Fertility rate,_T,Total,F,Female,BR_L_W,Live births per woman,2023,,1.5,,AUT,Austria,A,Normal value,0,Units,2,Two
DATAFLOW,OECD.CFE.EDS:DSD_REG_DEMO@DF_FERTILITY(2.4),Fertility - Regions,I,A,Annual,TL2,TL2,AT11,Burgenland,_Z,Not applicable,FERT_RATIO,Fertility rate,_T,Total,F,Female,BR_L_W,Live births per woman,2021,,1.4,,AUT,Austria,A,Normal value,0,Units,2,Two
DATAFLOW,OECD.CFE.EDS:DSD_REG_DEMO@DF_FERTILITY(2.4),Fertility - Regions,I,A,Annual,TL2,TL2,AT21,Carinthia,_Z,Not applicable,FERT_RATIO,Fertility rate,_T,Total,F,Female,BR_L_W,Live births per woman,2021,,1.46,,AUT,Austria,A,Normal value,0,Units,2,Two
DATAFLOW,OECD.CFE.EDS:DSD_REG_DEMO@DF_FERTILITY(2.4),Fertility - Regions,I,A,Annual,TL2,TL2,AT21,Carinthia,_Z,Not applicable,FERT_RATIO,Fertility rate,_T,Total,F,Female,BR_L_W,Live births per woman,2022,,1.41,,AUT,Austria,A,Normal value,0,Units,2,Two
DATAFLOW,OECD.CFE.EDS:DSD_REG_DEMO@DF_FERTILITY(2.4),Fertility - Regions,I,A,Annual,TL2,TL2,AT11,Burgenland,_Z,Not applicable,FERT_RATIO,Fertility rate,_T,Total,F,Female,BR_L_W,Live births per woman,2022,,1.36,,AUT,Austria,A,Normal value,0,Units,2,Two
DATAFLOW,OECD.CFE.EDS:DSD_REG_DEMO@DF_FERTILITY(2.4),Fertility - Regions,I,A,Annual,TL2,TL2,AT34,Vorarlberg,_Z,Not applicable,FERT_RATIO,Fertility rate,_T,Total,F,Female,BR_L_W,Live births per woman,2024,,1.45,,AUT,Austria,A,Normal value,0,Units,2,Two
DATAFLOW,OECD.CFE.EDS:DSD_REG_DEMO@DF_FERTILITY(2.4),Fertility - Regions,I,A,Annual,TL2,TL2,AT22,Styria,_Z,Not applicable,FERT_RATIO,Fertility rate,_T,Total,F,Female,BR_L_W,Live births per woman,2024,,1.29,,AUT,Austria,A,Normal value,0,Units,2,Two
DATAFLOW,OECD.CFE.EDS:DSD_REG_DEMO@DF_FERTILITY(2.4),Fertility - Regions,I,A,Annual,TL2,TL2,AT32,Salzburg,_Z,Not applicable,FERT_RATIO,Fertility rate,_T,Total,F,Female,BR_L_W,Live births per woman,2024,,1.33,,AUT,Austria,A,Normal value,0,Units,2,Two
DATAFLOW,OECD.CFE.EDS:DSD_REG_DEMO@DF_FERTILITY(2.4),Fertility - Regions,I,A,Annual,TL2,TL2,AT12,Lower Austria,_Z,Not applicable,FERT_RATIO,Fertility rate,_T,Total,F,Female,BR_L_W,Live births per woman,2024,,1.37,,AUT,Austria,A,Normal value,0,Units,2,Two
DATAFLOW,OECD.CFE.EDS:DSD_REG_DEMO@DF_FERTILITY(2.4),Fertility - Regions,I,A,Annual,TL2,TL2,AT11,Burgenland,_Z,Not applicable,FERT_RATIO,Fertility rate,_T,Total,F,Female,BR_L_W,Live births per woman,2024,,1.21,,AUT,Austria,A,Normal value,0,Units,2,Two
DATAFLOW,OECD.CFE.EDS:DSD_REG_DEMO@DF_FERTILITY(2.4),Fertility - Regions,I,A,Annual,TL2,TL2,AT33,Tyrol,_Z,Not applicable,FERT_RATIO,Fertility rate,_T,Total,F,Female,BR_L_W,Live births per woman,2024,,1.31,,AUT,Austria,A,Normal value,0,Units,2,Two
DATAFLOW,OECD.CFE.EDS:DSD_REG_DEMO@DF_FERTILITY(2.4),Fertility - Regions,I,A,Annual,TL2,TL2,AT21,Carinthia,_Z,Not applicable,FERT_RATIO,Fertility rate,_T,Total,F,Female,BR_L_W,Live births per woman,2024,,1.3,,AUT,Austria,A,Normal value,0,Units,2,Two
DATAFLOW,OECD.CFE.EDS:DSD_REG_DEMO@DF_FERTILITY(2.4),Fertility - Regions,I,A,Annual,TL2,TL2,AT31,Upper Austria,_Z,Not applicable,FERT_RATIO,Fertility rate,_T,Total,F,Female,BR_L_W,Live births per woman,2024,,1.46,,AUT,Austria,A,Normal value,0,Units,2,Two
DATAFLOW,OECD.CFE.EDS:DSD_REG_DEMO@DF_FERTILITY(2.4),Fertility - Regions,I,A,Annual,TL2,TL2,AT13,Vienna,_Z,Not applicable,FERT_RATIO,Fertility rate,_T,Total,F,Female,BR_L_W,Live births per woman,2024,,1.23,,AUT,Austria,A,Normal value,0,Units,2,Two
DATAFLOW,OECD.CFE.EDS:DSD_REG_DEMO@DF_FERTILITY(2.4),Fertility - Regions,I,A,Annual,TL2,TL2,AT13,Vienna,_Z,Not applicable,LIVE_BIRTHS,Live births,Y0,0 years,_T,Total,10P3HB,Per 1 000 inhabitants,2024,,9.508,,AUT,Austria,A,Normal value,0,Units,2,Two
DATAFLOW,OECD.CFE.EDS:DSD_REG_DEMO@DF_FERTILITY(2.4),Fertility - Regions,I,A,Annual,TL2,TL2,AT34,Vorarlberg,_Z,Not applicable,LIVE_BIRTHS,Live births,Y0,0 years,_T,Total,10P3HB,Per 1 000 inhabitants,2024,,9.152,,AUT,Austria,A,Normal value,0,Units,2,Two
DATAFLOW,OECD.CFE.EDS:DSD_REG_DEMO@DF_FERTILITY(2.4),Fertility - Regions,I,A,Annual,TL2,TL2,AT22,Styria,_Z,Not applicable,LIVE_BIRTHS,Live births,Y0,0 years,_T,Total,10P3HB,Per 1 000 inhabitants,2024,,7.826,,AUT,Austria,A,Normal value,0,Units,2,Two
DATAFLOW,OECD.CFE.EDS:DSD_REG_DEMO@DF_FERTILITY(2.4),Fertility - Regions,I,A,Annual,TL2,TL2,AT12,Lower Austria,_Z,Not applicable,LIVE_BIRTHS,Live births,Y0,0 years,_T,Total,10P3HB,Per 1 000 inhabitants,2024,,7.694,,AUT,Austria,A,Normal value,0,Units,2,Two
DATAFLOW,OECD.CFE.EDS:DSD_REG_DEMO@DF_FERTILITY(2.4),Fertility - Regions,I,A,Annual,TL2,TL2,AT21,Carinthia,_Z,Not applicable,LIVE_BIRTHS,Live births,Y0,0 years,_T,Total,10P3HB,Per 1 000 inhabitants,2024,,7.166,,AUT,Austria,A,Normal value,0,Units,2,Two
DATAFLOW,OECD.CFE.EDS:DSD_REG_DEMO@DF_FERTILITY(2.4),Fertility - Regions,I,A,Annual,TL2,TL2,AT11,Burgenland,_Z,Not applicable,LIVE_BIRTHS,Live births,Y0,0 years,_T,Total,10P3HB,Per 1 000 inhabitants,2024,,6.193,,AUT,Austria,A,Normal value,0,Units,2,Two
DATAFLOW,OECD.CFE.EDS:DSD_REG_DEMO@DF_FERTILITY(2.4),Fertility - Regions,I,A,Annual,TL2,TL2,AT33,Tyrol,_Z,Not applicable,LIVE_BIRTHS,Live births,Y0,0 years,_T,Total,10P3HB,Per 1 000 inhabitants,2024,,8.646,,AUT,Austria,A,Normal value,0,Units,2,Two
DATAFLOW,OECD.CFE.EDS:DSD_REG_DEMO@DF_FERTILITY(2.4),Fertility - Regions,I,A,Annual,TL2,TL2,AT32,Salzburg,_Z,Not applicable,LIVE_BIRTHS,Live births,Y0,0 years,_T,Total,10P3HB,Per 1 000 inhabitants,2024,,8.532,,AUT,Austria,A,Normal value,0,Units,2,Two
DATAFLOW,OECD.CFE.EDS:DSD_REG_DEMO@DF_FERTILITY(2.4),Fertility - Regions,I,A,Annual,TL2,TL2,AT31,Upper Austria,_Z,Not applicable,LIVE_BIRTHS,Live births,Y0,0 years,_T,Total,10P3HB,Per 1 000 inhabitants,2024,,8.938,,AUT,Austria,A,Normal value,0,Units,2,Two
DATAFLOW,OECD.CFE.EDS:DSD_REG_DEMO@DF_FERTILITY(2.4),Fertility - Regions,I,A,Annual,TL2,TL2,AT12,Lower Austria,_Z,Not applicable,LIVE_BIRTHS,Live births,Y0,0 years,_T,Total,BR,Births,2024,,13262,,AUT,Austria,A,Normal value,0,Units,0,Zero
DATAFLOW,OECD.CFE.EDS:DSD_REG_DEMO@DF_FERTILITY(2.4),Fertility - Regions,I,A,Annual,TL2,TL2,AT32,Salzburg,_Z,Not applicable,LIVE_BIRTHS,Live births,Y0,0 years,_T,Total,BR,Births,2024,,4876,,AUT,Austria,A,Normal value,0,Units,0,Zero
DATAFLOW,OECD.CFE.EDS:DSD_REG_DEMO@DF_FERTILITY(2.4),Fertility - Regions,I,A,Annual,TL2,TL2,AT13,Vienna,_Z,Not applicable,LIVE_BIRTHS,Live births,Y0,0 years,_T,Total,BR,Births,2024,,19070,,AUT,Austria,A,Normal value,0,Units,0,Zero
DATAFLOW,OECD.CFE.EDS:DSD_REG_DEMO@DF_FERTILITY(2.4),Fertility - Regions,I,A,Annual,TL2,TL2,AT34,Vorarlberg,_Z,Not applicable,LIVE_BIRTHS,Live births,Y0,0 years,_T,Total,BR,Births,2024,,3752,,AUT,Austria,A,Normal value,0,Units,0,Zero
DATAFLOW,OECD.CFE.EDS:DSD_REG_DEMO@DF_FERTILITY(2.4),Fertility - Regions,I,A,Annual,TL2,TL2,AT21,Carinthia,_Z,Not applicable,LIVE_BIRTHS,Live births,Y0,0 years,_T,Total,BR,Births,2024,,4083,,AUT,Austria,A,Normal value,0,Units,0,Zero
DATAFLOW,OECD.CFE.EDS:DSD_REG_DEMO@DF_FERTILITY(2.4),Fertility - Regions,I,A,Annual,TL2,TL2,AT22,Styria,_Z,Not applicable,LIVE_BIRTHS,Live births,Y0,0 years,_T,Total,BR,Births,2024,,9938,,AUT,Austria,A,Normal value,0,Units,0,Zero
DATAFLOW,OECD.CFE.EDS:DSD_REG_DEMO@DF_FERTILITY(2.4),Fertility - Regions,I,A,Annual,TL2,TL2,AT33,Tyrol,_Z,Not applicable,LIVE_BIRTHS,Live births,Y0,0 years,_T,Total,BR,Births,2024,,6709,,AUT,Austria,A,Normal value,0,Units,0,Zero
DATAFLOW,OECD.CFE.EDS:DSD_REG_DEMO@DF_FERTILITY(2.4),Fertility - Regions,I,A,Annual,TL2,TL2,AT31,Upper Austria,_Z,Not applicable,LIVE_BIRTHS,Live births,Y0,0 years,_T,Total,BR,Births,2024,,13678,,AUT,Austria,A,Normal value,0,Units,0,Zero
DATAFLOW,OECD.CFE.EDS:DSD_REG_DEMO@DF_FERTILITY(2.4),Fertility - Regions,I,A,Annual,TL2,TL2,AT11,Burgenland,_Z,Not applicable,LIVE_BIRTHS,Live births,Y0,0 years,_T,Total,BR,Births,2024,,1870,,AUT,Austria,A,Normal value,0,Units,0,Zero
